userId,foodId,rating
0,9,2.0
0,11,4.0
0,20,1.5
0,29,2.5
0,32,5.0
0,42,2.5
0,49,4.5
0,55,2.0
0,62,2.5
0,70,2.5
0,81,0.5
0,86,2.0
0,87,5.0
0,90,1.5
0,105,1.0
0,110,0.0
0,118,4.0
0,124,2.5
0,143,1.0
0,148,1.5
0,149,2.0
0,152,2.0
0,165,0.0
0,167,4.5
0,171,3.5
0,184,4.0
0,185,0.5
0,190,0.0
0,195,3.5
0,209,1.5
0,233,0.0
0,241,4.0
0,244,2.5
0,250,4.0
0,256,1.5
0,264,2.0
0,265,1.0
0,297,3.5
0,303,5.0
0,314,5.0
0,319,1.5
0,322,3.0
0,324,2.0
0,327,0.0
0,347,2.0
0,353,0.5
0,358,0.0
0,366,1.0
0,375,5.0
0,377,4.0
0,383,0.5
0,385,3.0
0,400,3.0
0,404,4.0
0,414,5.0
0,421,4.5
0,425,3.5
0,428,1.0
0,443,3.0
0,454,2.5
0,455,5.0
0,459,0.0
0,470,4.5
0,476,2.0
0,480,4.5
0,482,3.0
0,492,0.5
0,503,3.0
0,504,0.0
0,509,2.0
0,512,4.5
0,514,2.5
0,515,1.0
0,525,4.0
0,540,0.0
0,544,4.5
0,551,4.0
0,569,3.5
0,606,5.0
0,612,1.5
0,619,3.0
0,622,5.0
0,624,2.0
0,625,3.5
0,626,3.5
0,631,1.5
0,632,2.0
0,651,2.0
0,658,4.5
0,673,4.0
0,677,5.0
0,679,0.0
0,680,1.5
0,697,4.0
0,705,3.5
0,708,3.0
0,729,1.0
0,732,5.0
0,733,4.5
0,744,4.0
0,751,0.5
0,754,0.0
0,762,3.5
0,778,1.0
0,786,0.5
0,788,3.0
0,789,5.0
0,802,2.0
0,816,3.5
0,837,2.0
0,838,0.0
0,848,3.5
0,850,0.5
0,859,3.0
0,872,0.0
0,873,5.0
0,879,0.5
0,885,1.5
0,886,4.5
0,887,1.5
0,927,0.5
0,930,0.5
0,941,0.0
0,955,0.5
0,958,2.5
0,969,0.0
0,977,5.0
0,1003,3.0
0,1019,2.5
0,1035,5.0
0,1047,5.0
0,1049,4.5
0,1076,1.0
0,1082,4.0
0,1101,0.5
0,1110,4.5
0,1111,3.5
0,1112,1.5
0,1129,0.0
0,1145,0.0
0,1146,4.5
0,1159,3.0
0,1161,4.5
0,1183,1.5
0,1191,3.5
0,1194,3.5
0,1197,5.0
0,1198,0.5
0,1203,2.0
0,1204,4.0
0,1208,0.0
0,1210,0.0
0,1213,1.5
0,1215,1.0
0,1219,1.0
0,1223,0.0
0,1228,4.5
0,1235,0.5
0,1240,5.0
0,1249,2.5
0,1258,2.5
0,1274,0.0
0,1279,0.0
0,1282,3.5
0,1284,3.0
0,1291,1.5
0,1292,2.5
0,1293,0.5
0,1308,2.0
0,1321,2.5
0,1342,3.5
0,1351,4.5
0,1352,0.0
0,1365,2.0
0,1376,2.5
0,1395,3.5
0,1410,5.0
0,1423,0.5
0,1426,4.0
0,1427,2.0
0,1433,1.5
0,1442,1.0
0,1446,0.5
0,1455,2.0
0,1467,0.0
0,1483,3.5
0,1484,0.5
0,1496,1.0
0,1500,5.0
0,1501,5.0
0,1512,1.5
0,1514,3.0
0,1529,2.5
0,1531,0.5
0,1540,2.5
0,1562,3.5
0,1588,1.5
0,1601,1.5
0,1608,1.0
0,1610,4.0
0,1616,0.5
0,1622,1.0
0,1623,0.5
0,1628,2.5
0,1630,5.0
0,1635,1.5
0,1649,0.5
0,1653,1.0
0,1659,4.0
0,1663,3.0
0,1666,0.5
0,1676,0.5
0,1681,4.5
0,1682,1.5
0,1693,0.0
0,1694,4.5
0,1696,4.5
0,1698,2.5
0,1703,2.0
0,1710,0.0
0,1711,1.5
0,1735,0.5
0,1737,4.5
0,1740,3.0
0,1751,3.5
0,1758,1.0
0,1763,4.5
0,1766,3.5
0,1770,3.0
0,1771,3.0
0,1794,2.0
0,1817,1.5
0,1818,4.5
0,1820,4.5
0,1823,4.5
0,1841,3.0
0,1846,4.5
0,1847,1.5
0,1872,0.0
0,1874,4.5
0,1880,2.0
0,1900,2.5
0,1918,2.0
0,1936,0.0
0,1939,2.5
0,1951,1.5
0,1954,2.5
0,1959,2.5
0,1963,0.5
0,1967,2.5
0,1968,3.0
0,1969,4.0
0,1970,2.0
0,1980,3.5
0,1988,4.5
0,1991,2.0
0,1995,3.0
0,1996,4.0
0,1997,2.0
0,2020,0.5
0,2030,2.5
0,2032,5.0
0,2043,4.5
0,2059,0.0
0,2060,1.0
0,2062,1.0
0,2067,4.0
0,2069,4.5
0,2078,3.5
0,2087,3.0
0,2105,2.0
0,2106,0.5
0,2117,3.5
0,2119,2.0
0,2134,4.5
0,2143,1.0
0,2160,0.5
0,2164,1.5
0,2174,4.0
0,2187,2.0
0,2189,0.0
0,2190,2.5
0,2195,5.0
0,2201,0.0
0,2218,4.5
0,2219,3.0
0,2220,2.0
0,2224,0.5
0,2232,5.0
0,2242,4.5
0,2261,4.0
0,2271,2.5
0,2275,5.0
0,2276,3.0
0,2281,2.0
0,2288,0.0
0,2294,1.0
0,2295,3.0
0,2306,4.5
0,2310,2.0
0,2314,3.5
0,2319,1.5
0,2320,5.0
0,2343,5.0
0,2359,0.5
0,2368,1.5
0,2387,0.5
0,2394,0.0
0,2409,3.0
0,2410,2.0
0,2414,5.0
0,2431,3.5
0,2432,2.5
0,2446,0.0
0,2456,4.0
0,2469,0.5
0,2476,3.5
0,2482,4.5
0,2491,0.0
0,2493,1.5
0,2495,1.5
0,2496,0.5
0,2503,2.0
0,2508,1.5
0,2541,3.0
0,2544,2.0
0,2563,2.5
0,2566,1.5
0,2574,4.5
0,2588,1.0
0,2597,4.0
0,2636,4.0
0,2659,0.5
0,2667,0.0
0,2675,1.5
0,2679,5.0
0,2694,2.5
0,2699,1.0
0,2700,0.5
0,2730,4.0
0,2735,0.0
0,2741,2.0
0,2743,2.5
0,2747,0.0
0,2748,4.5
0,2757,0.0
0,2761,2.5
0,2771,0.5
0,2779,5.0
0,2780,3.5
0,2781,5.0
0,2794,2.5
0,2799,3.5
0,2802,4.0
0,2809,1.5
0,2812,4.0
0,2813,2.5
0,2834,4.5
0,2837,4.5
0,2860,2.5
0,2864,5.0
0,2866,3.0
0,2873,1.0
0,2874,5.0
0,2877,4.5
0,2885,2.0
0,2890,1.0
0,2902,5.0
0,2914,4.5
0,2924,1.0
0,2926,3.0
0,2953,3.5
0,2955,5.0
0,2958,1.5
0,2962,0.0
0,2992,3.5
0,2995,2.5
0,3002,0.0
0,3016,1.5
0,3026,1.0
0,3029,1.5
0,3033,1.5
0,3036,2.5
0,3041,1.0
0,3043,3.0
0,3051,3.5
0,3052,2.0
0,3058,4.0
0,3072,2.0
0,3076,2.5
0,3078,4.0
0,3080,1.0
0,3093,2.5
0,3102,3.5
0,3106,4.0
0,3121,0.5
0,3128,3.5
0,3138,4.5
0,3142,0.5
0,3155,3.0
0,3168,0.0
0,3169,0.5
0,3194,1.5
0,3203,3.5
0,3212,0.5
0,3222,4.5
0,3224,1.0
0,3226,0.5
0,3232,1.0
0,3237,4.0
0,3239,3.5
0,3242,3.0
0,3252,1.5
0,3255,1.0
0,3256,4.0
0,3258,5.0
0,3272,3.5
0,3292,4.5
0,3297,3.0
0,3298,2.0
0,3300,2.5
0,3305,4.5
0,3311,4.5
0,3319,4.5
0,3323,0.0
0,3325,4.5
0,3342,0.0
0,3350,5.0
0,3361,3.5
0,3370,4.0
0,3376,4.5
0,3392,2.0
0,3393,4.0
0,3396,3.5
0,3445,2.5
0,3446,5.0
0,3455,2.0
0,3465,1.5
0,3487,5.0
0,3494,4.5
0,3503,1.5
0,3507,1.5
0,3515,1.5
0,3540,2.0
0,3542,2.5
0,3554,5.0
0,3563,1.5
0,3566,3.0
0,3568,5.0
0,3578,2.0
0,3580,2.0
0,3581,3.5
0,3599,0.5
0,3605,2.5
0,3608,5.0
0,3619,2.0
0,3639,4.0
0,3643,3.5
0,3644,4.5
0,3646,1.0
0,3648,0.5
0,3657,2.5
0,3658,0.5
0,3667,0.0
0,3703,3.5
0,3732,0.5
0,3742,0.0
0,3747,0.5
0,3756,3.5
0,3762,2.5
0,3767,0.0
0,3780,5.0
0,3781,3.5
0,3792,2.0
0,3793,4.0
0,3812,3.0
0,3821,1.0
0,3822,2.5
0,3823,1.0
0,3836,3.5
0,3859,4.5
0,3860,1.0
0,3861,3.5
0,3865,0.5
0,3873,3.5
0,3882,0.5
0,3903,0.0
0,3918,2.0
0,3981,2.5
0,3994,0.5
0,3997,3.0
1,4,4.5
1,19,4.5
1,23,0.0
1,28,4.5
1,29,4.0
1,32,4.5
1,34,2.0
1,36,1.5
1,44,5.0
1,55,0.0
1,62,1.0
1,68,0.5
1,70,1.5
1,76,2.5
1,87,3.5
1,107,1.5
1,115,2.5
1,116,0.5
1,148,5.0
1,184,5.0
1,195,4.5
1,199,0.0
1,203,2.0
1,209,4.5
1,215,0.5
1,235,2.0
1,242,3.5
1,252,3.0
1,266,5.0
1,270,4.0
1,277,3.5
1,295,5.0
1,303,0.0
1,314,4.5
1,324,2.0
1,327,3.5
1,336,5.0
1,347,0.5
1,353,0.5
1,358,0.5
1,362,3.0
1,375,5.0
1,383,4.0
1,411,3.0
1,414,0.0
1,420,0.0
1,421,2.0
1,437,3.0
1,454,0.0
1,459,2.5
1,466,4.5
1,470,2.0
1,476,1.0
1,478,0.0
1,479,3.0
1,480,2.5
1,482,4.5
1,484,2.0
1,491,0.0
1,495,2.0
1,514,4.5
1,517,4.5
1,540,4.0
1,541,1.5
1,544,4.0
1,551,3.5
1,562,0.5
1,563,1.0
1,566,1.5
1,569,2.0
1,596,2.0
1,600,0.0
1,602,1.0
1,612,4.5
1,616,3.0
1,618,1.5
1,619,1.5
1,622,2.0
1,625,3.5
1,631,1.0
1,632,1.0
1,643,4.0
1,646,0.0
1,647,0.0
1,658,1.5
1,668,2.5
1,677,5.0
1,681,1.0
1,697,1.5
1,699,4.0
1,702,3.5
1,716,0.5
1,733,4.5
1,736,4.5
1,737,2.5
1,744,5.0
1,754,3.0
1,761,0.0
1,762,5.0
1,768,1.5
1,780,1.5
1,786,1.0
1,788,2.0
1,789,4.0
1,795,3.0
1,814,3.5
1,824,0.0
1,830,2.0
1,831,1.5
1,834,0.0
1,837,1.0
1,838,3.5
1,846,1.0
1,848,5.0
1,850,4.0
1,851,4.5
1,859,4.5
1,873,2.5
1,876,4.0
1,883,1.5
1,884,5.0
1,886,0.5
1,887,0.5
1,888,1.5
1,894,5.0
1,896,0.0
1,911,4.0
1,919,2.5
1,939,3.5
1,946,2.0
1,949,3.0
1,950,0.5
1,958,5.0
1,969,3.5
1,976,0.0
1,998,3.5
1,1002,2.5
1,1003,5.0
1,1004,5.0
1,1018,2.0
1,1019,1.5
1,1025,3.0
1,1028,3.0
1,1035,3.0
1,1041,4.5
1,1047,1.0
1,1057,4.0
1,1071,0.5
1,1082,3.0
1,1100,3.5
1,1109,5.0
1,1114,3.5
1,1122,5.0
1,1128,5.0
1,1145,1.0
1,1150,3.0
1,1162,5.0
1,1166,0.0
1,1180,0.5
1,1198,0.0
1,1204,0.0
1,1208,4.5
1,1210,3.5
1,1213,3.5
1,1218,1.5
1,1226,0.0
1,1228,2.0
1,1245,0.5
1,1249,3.0
1,1250,2.0
1,1253,3.0
1,1264,0.5
1,1279,2.5
1,1282,0.0
1,1308,4.5
1,1309,3.5
1,1315,4.0
1,1316,3.0
1,1321,2.5
1,1328,0.0
1,1333,5.0
1,1358,4.5
1,1371,0.5
1,1376,0.5
1,1379,2.5
1,1386,4.5
1,1389,0.0
1,1402,1.5
1,1405,5.0
1,1416,3.0
1,1421,3.5
1,1423,4.0
1,1426,5.0
1,1427,2.5
1,1429,4.0
1,1431,2.0
1,1433,5.0
1,1442,4.5
1,1444,0.0
1,1446,3.0
1,1455,0.0
1,1467,2.0
1,1480,3.0
1,1496,1.5
1,1500,2.5
1,1501,2.5
1,1506,3.0
1,1514,2.0
1,1515,1.0
1,1516,0.5
1,1531,2.5
1,1544,4.0
1,1577,4.0
1,1589,2.0
1,1608,2.5
1,1609,0.0
1,1616,2.0
1,1622,0.5
1,1627,4.5
1,1630,4.5
1,1638,3.5
1,1639,2.5
1,1647,4.5
1,1649,2.5
1,1663,3.0
1,1664,4.5
1,1676,4.5
1,1677,4.5
1,1682,4.5
1,1693,0.5
1,1694,2.5
1,1696,4.0
1,1698,1.5
1,1699,2.5
1,1701,4.0
1,1703,1.0
1,1716,2.5
1,1717,4.5
1,1724,4.5
1,1727,2.0
1,1734,0.5
1,1735,1.5
1,1750,4.0
1,1751,3.0
1,1760,2.5
1,1770,0.0
1,1776,2.5
1,1781,2.0
1,1794,2.5
1,1813,4.0
1,1815,4.5
1,1817,2.0
1,1819,5.0
1,1820,1.0
1,1823,3.0
1,1832,1.0
1,1850,5.0
1,1855,3.5
1,1859,2.0
1,1865,5.0
1,1870,3.5
1,1872,4.0
1,1880,3.5
1,1894,3.0
1,1920,1.0
1,1928,0.0
1,1936,1.5
1,1940,4.0
1,1954,4.5
1,1969,3.0
1,1970,4.0
1,1971,1.0
1,1980,2.0
1,1988,0.5
1,1996,1.5
1,1997,0.0
1,2020,3.5
1,2030,1.0
1,2032,0.5
1,2040,3.5
1,2043,5.0
1,2044,3.0
1,2056,1.5
1,2060,0.5
1,2067,1.0
1,2069,4.5
1,2078,0.5
1,2080,0.5
1,2081,3.5
1,2083,2.5
1,2084,4.0
1,2099,1.5
1,2105,2.0
1,2106,2.0
1,2114,0.5
1,2117,3.0
1,2134,2.0
1,2143,4.0
1,2165,0.5
1,2166,2.5
1,2174,3.5
1,2179,3.5
1,2187,1.0
1,2195,5.0
1,2199,4.0
1,2218,0.5
1,2219,5.0
1,2231,2.5
1,2240,3.0
1,2242,0.0
1,2251,4.0
1,2254,5.0
1,2261,3.5
1,2266,0.5
1,2271,1.0
1,2272,1.5
1,2277,1.5
1,2278,0.0
1,2280,2.5
1,2289,3.5
1,2292,2.0
1,2294,0.0
1,2306,5.0
1,2319,1.5
1,2320,4.5
1,2329,0.5
1,2341,3.5
1,2346,3.0
1,2348,2.0
1,2353,2.0
1,2363,0.5
1,2368,4.5
1,2385,0.5
1,2387,0.0
1,2403,1.5
1,2414,2.0
1,2425,0.0
1,2438,1.0
1,2446,4.5
1,2452,5.0
1,2456,1.0
1,2469,3.0
1,2476,5.0
1,2478,1.0
1,2482,2.5
1,2492,3.0
1,2493,0.5
1,2496,1.0
1,2497,0.0
1,2508,4.5
1,2514,0.0
1,2525,0.5
1,2563,4.0
1,2566,3.0
1,2574,3.5
1,2577,0.5
1,2588,1.5
1,2595,0.0
1,2597,3.0
1,2601,4.0
1,2604,0.5
1,2612,1.0
1,2614,1.5
1,2623,3.0
1,2624,0.5
1,2625,0.0
1,2637,4.5
1,2638,0.5
1,2650,1.5
1,2659,2.5
1,2667,2.0
1,2675,4.5
1,2676,4.0
1,2679,1.5
1,2682,2.5
1,2688,3.5
1,2698,2.5
1,2700,4.5
1,2712,1.0
1,2730,2.5
1,2741,2.5
1,2744,4.0
1,2747,3.0
1,2757,1.5
1,2758,0.5
1,2771,4.0
1,2779,3.0
1,2781,4.0
1,2796,5.0
1,2802,2.0
1,2803,1.0
1,2812,5.0
1,2813,3.5
1,2825,3.5
1,2829,3.0
1,2842,2.0
1,2849,2.0
1,2851,4.0
1,2860,1.0
1,2864,2.5
1,2866,4.0
1,2873,2.0
1,2876,1.5
1,2877,5.0
1,2916,2.0
1,2932,3.0
1,2933,2.5
1,2941,2.5
1,2960,1.0
1,2962,1.5
1,2970,1.0
1,2977,4.5
1,2995,0.5
1,3016,1.5
1,3039,2.5
1,3042,2.0
1,3047,1.0
1,3051,0.5
1,3052,3.0
1,3053,2.0
1,3054,3.5
1,3055,0.5
1,3058,1.5
1,3072,0.5
1,3076,4.0
1,3080,1.5
1,3101,2.5
1,3106,2.5
1,3108,4.5
1,3113,5.0
1,3116,1.0
1,3119,1.0
1,3125,1.0
1,3126,1.5
1,3128,3.5
1,3131,1.0
1,3133,1.0
1,3138,1.0
1,3142,0.5
1,3150,2.0
1,3162,1.0
1,3166,1.0
1,3179,5.0
1,3184,0.0
1,3191,0.5
1,3198,0.5
1,3203,1.0
1,3206,0.0
1,3208,1.5
1,3222,2.5
1,3224,4.5
1,3226,0.0
1,3231,5.0
1,3239,0.5
1,3242,0.5
1,3252,3.5
1,3255,1.0
1,3263,4.5
1,3265,2.0
1,3267,3.5
1,3278,0.0
1,3280,3.0
1,3282,0.5
1,3289,1.5
1,3292,2.5
1,3297,2.0
1,3300,0.0
1,3313,2.0
1,3322,1.0
1,3327,1.5
1,3328,4.5
1,3335,3.5
1,3345,4.5
1,3348,2.0
1,3349,4.0
1,3350,0.0
1,3356,4.0
1,3359,1.5
1,3361,2.5
1,3365,2.5
1,3367,0.0
1,3375,4.5
1,3386,2.5
1,3392,3.5
1,3400,2.5
1,3401,1.5
1,3402,0.5
1,3406,0.0
1,3414,5.0
1,3416,0.0
1,3418,4.5
1,3423,1.0
1,3428,2.0
1,3446,5.0
1,3447,2.5
1,3453,0.0
1,3458,2.5
1,3465,4.5
1,3482,4.0
1,3494,5.0
1,3504,1.0
1,3510,3.5
1,3527,4.5
1,3532,2.0
1,3533,3.0
1,3536,1.5
1,3542,0.5
1,3563,3.0
1,3568,0.0
1,3572,3.5
1,3578,5.0
1,3580,1.0
1,3581,3.0
1,3605,1.0
1,3608,3.5
1,3610,4.5
1,3624,0.5
1,3627,0.0
1,3639,5.0
1,3640,1.5
1,3643,4.5
1,3647,2.5
1,3648,2.0
1,3651,1.5
1,3658,4.0
1,3659,1.0
1,3676,3.0
1,3697,2.5
1,3701,4.0
1,3705,2.5
1,3712,0.0
1,3732,3.0
1,3740,1.0
1,3759,3.0
1,3761,5.0
1,3766,3.0
1,3780,3.5
1,3792,1.0
1,3793,1.5
1,3821,3.0
1,3822,2.5
1,3823,3.5
1,3841,2.5
1,3850,2.0
1,3859,1.0
1,3865,2.5
1,3873,4.5
1,3875,2.0
1,3881,4.0
1,3882,0.0
1,3889,5.0
1,3891,3.5
1,3893,2.0
1,3894,4.5
1,3895,4.5
1,3907,1.0
1,3918,2.0
1,3957,2.0
1,3965,0.0
1,3970,0.0
1,3982,2.0
1,3983,0.5
1,3986,2.5
1,3997,2.5
2,19,4.5
2,23,4.5
2,26,5.0
2,32,1.5
2,36,1.5
2,45,4.0
2,49,4.5
2,70,3.5
2,90,4.5
2,116,5.0
2,118,3.5
2,133,0.5
2,140,0.5
2,165,3.0
2,167,4.5
2,184,2.0
2,185,2.5
2,207,1.0
2,209,1.0
2,215,3.5
2,226,4.0
2,233,2.5
2,235,3.0
2,242,0.0
2,244,4.0
2,248,1.0
2,265,0.5
2,266,0.5
2,269,3.0
2,274,0.0
2,280,3.0
2,319,2.5
2,336,2.5
2,347,4.0
2,349,3.5
2,362,0.0
2,373,2.5
2,375,2.0
2,377,3.0
2,385,3.0
2,390,5.0
2,400,0.0
2,404,5.0
2,413,4.5
2,421,3.0
2,432,1.0
2,444,2.5
2,454,4.5
2,457,3.5
2,459,1.0
2,465,0.5
2,476,1.0
2,478,0.0
2,482,4.0
2,484,2.5
2,489,3.0
2,491,0.0
2,495,0.5
2,515,2.0
2,534,2.0
2,544,1.5
2,551,1.5
2,566,3.0
2,573,1.0
2,596,2.0
2,618,3.5
2,624,2.0
2,625,4.0
2,631,4.5
2,636,3.5
2,642,2.5
2,643,2.0
2,647,1.0
2,651,4.5
2,658,2.0
2,673,0.0
2,679,2.0
2,681,0.0
2,685,0.0
2,696,2.5
2,697,1.0
2,702,5.0
2,716,2.0
2,727,1.0
2,731,0.0
2,739,0.5
2,751,4.0
2,754,1.5
2,755,4.0
2,761,0.5
2,768,4.5
2,775,4.5
2,780,2.0
2,786,2.0
2,795,4.5
2,802,0.5
2,806,0.0
2,814,5.0
2,815,1.5
2,816,4.0
2,830,5.0
2,846,2.0
2,848,3.0
2,850,3.5
2,859,4.0
2,873,0.0
2,879,1.5
2,880,4.0
2,884,3.0
2,885,4.0
2,886,4.5
2,887,5.0
2,888,2.0
2,916,3.5
2,927,1.0
2,950,2.0
2,958,1.5
2,966,1.0
2,977,3.0
2,987,4.0
2,1005,1.5
2,1013,5.0
2,1018,0.0
2,1021,4.0
2,1035,5.0
2,1039,2.5
2,1049,5.0
2,1071,0.5
2,1076,5.0
2,1086,2.5
2,1087,0.5
2,1100,4.0
2,1109,4.5
2,1110,2.0
2,1112,2.0
2,1128,3.5
2,1129,3.0
2,1146,5.0
2,1161,0.5
2,1162,3.5
2,1166,2.0
2,1197,4.0
2,1203,1.5
2,1208,0.5
2,1215,1.0
2,1218,5.0
2,1219,2.5
2,1226,3.5
2,1235,0.0
2,1245,0.0
2,1253,0.5
2,1261,0.5
2,1264,5.0
2,1269,3.0
2,1274,2.0
2,1278,0.0
2,1279,5.0
2,1291,3.0
2,1293,0.5
2,1302,2.0
2,1308,4.5
2,1313,0.5
2,1316,0.0
2,1321,3.5
2,1333,1.0
2,1334,1.5
2,1352,5.0
2,1355,3.0
2,1387,3.0
2,1401,1.5
2,1408,2.0
2,1411,5.0
2,1416,0.0
2,1423,2.5
2,1426,2.5
2,1433,3.5
2,1437,5.0
2,1455,0.5
2,1463,4.5
2,1467,1.5
2,1475,4.5
2,1480,2.5
2,1484,4.0
2,1491,0.5
2,1496,4.0
2,1500,4.5
2,1501,0.5
2,1512,4.5
2,1514,4.0
2,1518,3.5
2,1523,4.0
2,1531,1.5
2,1532,3.0
2,1538,4.5
2,1542,5.0
2,1544,5.0
2,1562,2.5
2,1602,3.0
2,1616,4.0
2,1622,2.0
2,1624,1.0
2,1627,1.5
2,1628,5.0
2,1638,3.5
2,1639,4.0
2,1643,3.0
2,1654,1.5
2,1666,4.0
2,1672,1.5
2,1676,4.5
2,1682,0.0
2,1694,1.5
2,1696,4.5
2,1717,4.5
2,1722,5.0
2,1734,4.0
2,1735,1.5
2,1738,2.0
2,1741,2.0
2,1750,1.0
2,1764,2.5
2,1766,2.5
2,1770,1.0
2,1776,0.0
2,1781,0.5
2,1800,0.5
2,1808,3.0
2,1813,0.0
2,1815,2.0
2,1816,3.5
2,1817,0.5
2,1832,1.5
2,1833,5.0
2,1838,5.0
2,1841,3.0
2,1846,4.5
2,1847,3.5
2,1850,0.0
2,1894,0.0
2,1900,0.5
2,1909,2.5
2,1918,3.0
2,1920,3.5
2,1928,1.0
2,1954,5.0
2,1959,2.0
2,1960,4.0
2,1963,4.5
2,1968,1.0
2,1970,3.0
2,1971,1.0
2,1991,3.0
2,1996,1.5
2,1997,2.0
2,2023,5.0
2,2025,1.5
2,2028,4.0
2,2030,2.0
2,2044,1.5
2,2055,1.5
2,2059,3.0
2,2062,2.5
2,2067,1.0
2,2071,4.0
2,2081,3.5
2,2083,3.0
2,2084,4.5
2,2087,1.0
2,2096,2.0
2,2099,2.5
2,2102,0.0
2,2104,4.5
2,2114,0.0
2,2163,5.0
2,2165,1.0
2,2173,2.0
2,2174,3.5
2,2179,2.0
2,2181,1.0
2,2190,0.0
2,2202,3.0
2,2216,4.0
2,2224,2.0
2,2228,1.0
2,2246,3.5
2,2267,2.0
2,2273,1.5
2,2276,2.5
2,2278,3.0
2,2281,3.5
2,2297,4.5
2,2304,2.5
2,2308,3.5
2,2310,3.5
2,2314,3.5
2,2317,4.0
2,2320,5.0
2,2343,4.0
2,2346,1.0
2,2353,3.5
2,2359,1.5
2,2363,3.5
2,2367,4.0
2,2368,1.0
2,2382,4.0
2,2387,0.5
2,2394,2.5
2,2403,2.5
2,2411,3.5
2,2416,1.0
2,2426,3.5
2,2431,4.0
2,2432,4.5
2,2446,1.5
2,2469,4.0
2,2470,1.5
2,2471,1.5
2,2478,5.0
2,2493,3.0
2,2499,1.5
2,2503,3.5
2,2508,0.0
2,2512,2.5
2,2514,2.0
2,2525,1.0
2,2541,3.0
2,2543,5.0
2,2544,1.5
2,2553,3.0
2,2556,5.0
2,2559,2.0
2,2563,4.0
2,2566,0.0
2,2577,0.5
2,2592,2.0
2,2612,5.0
2,2616,3.5
2,2624,0.0
2,2649,4.0
2,2650,1.5
2,2679,0.0
2,2686,5.0
2,2688,4.5
2,2699,3.5
2,2705,1.0
2,2718,1.5
2,2730,5.0
2,2757,3.0
2,2758,4.5
2,2761,3.5
2,2779,3.0
2,2780,0.5
2,2781,5.0
2,2785,1.0
2,2794,1.5
2,2796,0.5
2,2799,0.5
2,2803,2.5
2,2809,5.0
2,2825,4.5
2,2829,4.5
2,2834,1.0
2,2842,1.5
2,2849,3.0
2,2852,4.0
2,2860,0.0
2,2864,0.5
2,2866,2.5
2,2873,2.5
2,2890,5.0
2,2893,3.5
2,2914,4.0
2,2932,0.5
2,2933,1.5
2,2962,2.0
2,2970,4.5
2,2975,4.5
2,2977,4.0
2,3002,4.5
2,3016,3.0
2,3042,3.5
2,3047,1.5
2,3052,1.0
2,3058,1.0
2,3076,5.0
2,3078,5.0
2,3093,5.0
2,3101,0.0
2,3102,1.0
2,3106,1.0
2,3109,5.0
2,3110,0.5
2,3122,2.0
2,3126,0.0
2,3128,3.5
2,3133,1.5
2,3166,2.0
2,3169,3.5
2,3184,2.5
2,3191,2.0
2,3209,3.5
2,3212,3.0
2,3215,3.5
2,3247,1.0
2,3252,0.0
2,3256,1.0
2,3258,1.5
2,3262,0.5
2,3263,2.0
2,3267,4.0
2,3272,3.5
2,3280,2.5
2,3282,3.5
2,3289,4.0
2,3292,4.0
2,3297,1.5
2,3300,0.5
2,3319,4.0
2,3321,2.5
2,3324,1.5
2,3327,1.0
2,3328,1.5
2,3347,3.5
2,3349,2.0
2,3350,2.5
2,3359,4.5
2,3361,1.5
2,3367,3.0
2,3376,2.5
2,3393,3.5
2,3401,1.0
2,3402,0.0
2,3414,4.5
2,3423,1.0
2,3428,1.5
2,3445,1.0
2,3446,1.0
2,3455,1.0
2,3465,2.5
2,3482,3.0
2,3495,3.0
2,3504,1.5
2,3507,2.0
2,3509,2.5
2,3521,4.0
2,3523,2.5
2,3527,0.0
2,3530,3.0
2,3533,1.5
2,3542,2.5
2,3548,2.0
2,3554,1.5
2,3555,0.5
2,3558,2.5
2,3572,0.5
2,3578,2.0
2,3599,1.0
2,3608,1.0
2,3610,5.0
2,3619,0.0
2,3627,0.0
2,3639,1.5
2,3640,5.0
2,3648,3.5
2,3651,3.5
2,3657,5.0
2,3658,3.0
2,3659,3.5
2,3675,1.5
2,3683,0.5
2,3693,3.5
2,3705,1.5
2,3712,5.0
2,3732,0.0
2,3739,2.5
2,3747,0.0
2,3750,3.0
2,3780,4.0
2,3791,3.5
2,3792,0.5
2,3797,5.0
2,3812,1.5
2,3822,0.5
2,3836,3.5
2,3841,5.0
2,3843,1.0
2,3852,1.5
2,3856,2.5
2,3859,3.5
2,3860,2.5
2,3861,1.5
2,3865,3.0
2,3867,4.0
2,3871,3.0
2,3873,0.5
2,3874,3.5
2,3875,4.5
2,3881,4.0
2,3882,0.0
2,3884,3.5
2,3886,4.0
2,3894,3.0
2,3907,2.5
2,3918,0.5
2,3957,0.5
2,3960,4.0
2,3970,1.0
2,3983,4.0
2,3987,1.5
2,3994,1.5
3,9,3.5
3,20,2.5
3,23,1.0
3,29,3.0
3,32,1.0
3,34,1.0
3,36,3.0
3,42,1.5
3,45,5.0
3,62,3.5
3,68,3.5
3,95,0.5
3,105,3.0
3,107,0.0
3,112,2.5
3,115,1.5
3,116,2.0
3,118,0.5
3,124,0.5
3,142,5.0
3,148,5.0
3,184,0.5
3,195,1.5
3,207,4.0
3,226,3.5
3,235,1.0
3,241,0.5
3,242,2.5
3,252,4.0
3,256,1.5
3,264,5.0
3,265,0.5
3,269,5.0
3,270,3.0
3,273,0.0
3,274,4.0
3,280,0.0
3,298,0.5
3,303,3.5
3,314,3.5
3,319,5.0
3,322,1.5
3,336,0.5
3,347,3.0
3,349,1.5
3,358,3.0
3,383,5.0
3,389,1.0
3,390,4.0
3,400,4.5
3,401,4.0
3,404,0.5
3,409,1.5
3,413,1.5
3,425,0.5
3,428,0.0
3,454,4.5
3,455,0.5
3,465,1.0
3,466,0.0
3,470,2.0
3,477,4.0
3,482,3.0
3,491,5.0
3,509,4.0
3,514,4.0
3,515,3.5
3,517,1.5
3,538,4.5
3,541,0.5
3,544,2.0
3,562,4.5
3,563,4.0
3,566,3.0
3,573,4.5
3,582,3.0
3,600,3.0
3,602,4.0
3,606,2.0
3,612,4.0
3,619,1.5
3,625,2.0
3,626,5.0
3,632,2.0
3,636,1.5
3,643,5.0
3,646,1.0
3,651,5.0
3,658,0.0
3,677,3.0
3,680,4.5
3,682,4.5
3,696,2.0
3,697,0.5
3,732,1.5
3,733,4.0
3,736,2.5
3,737,1.0
3,744,3.0
3,755,2.0
3,768,4.5
3,775,0.5
3,778,2.5
3,795,4.5
3,800,0.0
3,806,3.0
3,814,5.0
3,815,2.0
3,819,0.0
3,824,1.0
3,831,3.5
3,837,0.0
3,846,3.5
3,858,3.0
3,873,0.5
3,880,2.5
3,884,0.5
3,889,0.5
3,894,3.0
3,904,0.0
3,911,0.0
3,924,0.0
3,927,3.0
3,937,0.0
3,941,2.0
3,949,4.5
3,950,3.5
3,958,5.0
3,977,4.5
3,987,4.0
3,1004,0.5
3,1019,4.0
3,1021,3.5
3,1041,5.0
3,1049,3.0
3,1071,3.5
3,1076,5.0
3,1082,0.0
3,1086,2.0
3,1087,0.0
3,1091,2.5
3,1100,3.0
3,1110,0.0
3,1111,1.0
3,1132,5.0
3,1145,5.0
3,1161,5.0
3,1162,3.5
3,1166,1.0
3,1183,4.0
3,1194,0.5
3,1197,2.0
3,1203,4.0
3,1204,2.5
3,1208,5.0
3,1210,4.0
3,1218,2.0
3,1219,5.0
3,1223,0.5
3,1240,1.0
3,1250,1.0
3,1251,0.0
3,1253,2.5
3,1261,4.0
3,1264,4.0
3,1278,4.5
3,1279,3.0
3,1286,5.0
3,1291,5.0
3,1309,2.0
3,1315,3.0
3,1328,3.5
3,1329,4.0
3,1346,2.0
3,1371,1.5
3,1386,5.0
3,1387,5.0
3,1395,3.0
3,1401,4.0
3,1405,5.0
3,1408,3.5
3,1411,4.0
3,1412,3.0
3,1416,4.0
3,1426,0.0
3,1427,3.5
3,1429,5.0
3,1431,2.0
3,1433,1.0
3,1442,5.0
3,1446,4.5
3,1447,3.5
3,1463,4.0
3,1467,4.0
3,1480,2.0
3,1483,1.5
3,1484,3.5
3,1500,5.0
3,1515,0.0
3,1520,4.0
3,1523,2.0
3,1529,0.5
3,1532,5.0
3,1538,2.5
3,1539,1.0
3,1562,4.5
3,1574,5.0
3,1583,3.0
3,1609,2.5
3,1628,4.5
3,1635,2.0
3,1638,0.0
3,1639,2.0
3,1647,4.5
3,1653,0.5
3,1654,4.5
3,1663,1.0
3,1666,5.0
3,1676,2.5
3,1680,5.0
3,1688,4.0
3,1690,0.0
3,1699,2.5
3,1701,1.0
3,1716,3.0
3,1722,1.5
3,1727,4.5
3,1734,1.0
3,1737,0.0
3,1741,1.0
3,1754,3.5
3,1758,3.5
3,1763,4.0
3,1766,4.5
3,1770,1.0
3,1771,3.0
3,1776,4.0
3,1779,3.5
3,1791,1.5
3,1813,2.0
3,1815,5.0
3,1816,2.0
3,1818,1.5
3,1849,2.5
3,1850,5.0
3,1855,2.5
3,1872,3.0
3,1878,0.0
3,1894,5.0
3,1900,4.0
3,1909,5.0
3,1912,1.5
3,1920,4.5
3,1940,4.5
3,1959,3.5
3,1963,3.0
3,1969,4.5
3,1970,2.0
3,1980,2.0
3,1988,1.5
3,1991,2.5
3,1995,4.5
3,1997,1.5
3,1999,1.0
3,2011,4.5
3,2023,3.0
3,2030,2.0
3,2040,1.0
3,2043,3.0
3,2055,2.0
3,2056,2.5
3,2062,1.5
3,2069,4.0
3,2083,5.0
3,2087,3.5
3,2102,1.5
3,2119,5.0
3,2146,3.5
3,2160,5.0
3,2163,1.5
3,2174,3.5
3,2179,5.0
3,2181,3.5
3,2201,5.0
3,2209,5.0
3,2218,4.0
3,2219,4.5
3,2224,4.0
3,2228,4.5
3,2242,2.5
3,2246,2.0
3,2251,4.5
3,2257,1.0
3,2267,2.5
3,2271,4.0
3,2272,3.5
3,2275,0.0
3,2276,3.0
3,2277,0.5
3,2278,1.5
3,2281,4.0
3,2294,2.0
3,2310,3.5
3,2314,0.5
3,2334,2.5
3,2337,5.0
3,2339,1.5
3,2343,4.0
3,2346,3.5
3,2353,2.5
3,2358,4.5
3,2368,2.5
3,2387,4.0
3,2394,4.0
3,2409,4.0
3,2410,3.5
3,2414,3.0
3,2416,1.0
3,2432,1.0
3,2438,0.0
3,2452,2.5
3,2471,0.0
3,2476,4.5
3,2478,0.5
3,2482,5.0
3,2493,2.5
3,2495,4.0
3,2499,1.0
3,2514,4.5
3,2544,2.5
3,2553,1.0
3,2556,2.5
3,2577,2.5
3,2588,2.5
3,2589,5.0
3,2595,2.0
3,2596,0.0
3,2597,1.0
3,2601,2.5
3,2612,2.5
3,2614,4.0
3,2616,4.5
3,2624,1.0
3,2625,5.0
3,2637,5.0
3,2650,1.0
3,2675,1.0
3,2676,0.0
3,2681,1.5
3,2682,3.0
3,2688,5.0
3,2694,0.5
3,2699,0.5
3,2700,3.0
3,2705,3.5
3,2718,1.5
3,2725,1.0
3,2735,2.0
3,2741,1.5
3,2744,3.0
3,2752,4.5
3,2763,1.0
3,2767,1.5
3,2771,0.5
3,2780,2.5
3,2794,3.0
3,2796,0.0
3,2799,4.5
3,2804,2.0
3,2813,1.5
3,2825,3.0
3,2829,5.0
3,2849,4.0
3,2851,2.5
3,2852,3.0
3,2860,1.0
3,2866,0.5
3,2867,5.0
3,2874,2.0
3,2912,0.5
3,2926,1.5
3,2932,0.0
3,2933,1.5
3,2934,2.0
3,2936,1.0
3,2941,1.0
3,2953,2.0
3,2954,1.0
3,2958,4.5
3,2960,0.5
3,2975,4.5
3,2981,0.5
3,2989,2.5
3,3002,3.5
3,3014,5.0
3,3016,4.5
3,3033,3.0
3,3042,5.0
3,3043,2.5
3,3047,1.0
3,3050,4.0
3,3052,3.0
3,3053,2.0
3,3055,1.5
3,3074,4.5
3,3078,3.5
3,3102,3.5
3,3106,3.5
3,3109,4.5
3,3113,0.0
3,3116,3.5
3,3117,2.5
3,3121,2.5
3,3122,4.0
3,3125,4.0
3,3126,3.5
3,3128,0.0
3,3131,5.0
3,3142,1.5
3,3166,3.5
3,3194,2.0
3,3198,1.5
3,3201,3.0
3,3208,3.5
3,3209,4.0
3,3210,0.0
3,3222,2.0
3,3223,3.5
3,3237,2.0
3,3239,4.5
3,3255,3.5
3,3258,3.5
3,3259,0.5
3,3267,4.5
3,3275,0.5
3,3278,0.0
3,3280,4.0
3,3282,2.0
3,3292,2.0
3,3298,0.5
3,3307,2.5
3,3310,1.5
3,3311,4.5
3,3321,4.5
3,3322,2.0
3,3323,5.0
3,3325,0.5
3,3328,0.0
3,3342,0.0
3,3349,2.0
3,3350,3.5
3,3365,0.5
3,3393,1.0
3,3400,4.5
3,3401,2.5
3,3402,1.0
3,3413,3.5
3,3414,1.0
3,3418,5.0
3,3423,0.0
3,3445,3.0
3,3447,2.0
3,3448,1.5
3,3458,2.5
3,3465,2.0
3,3482,2.0
3,3495,1.0
3,3503,2.5
3,3523,5.0
3,3542,5.0
3,3568,2.0
3,3580,2.5
3,3581,3.5
3,3587,0.0
3,3605,1.0
3,3622,4.0
3,3624,5.0
3,3643,2.5
3,3644,0.5
3,3646,0.5
3,3651,0.0
3,3667,0.0
3,3669,3.5
3,3676,3.5
3,3683,0.0
3,3693,3.0
3,3717,2.5
3,3735,3.0
3,3739,3.5
3,3744,3.0
3,3750,1.5
3,3756,2.0
3,3759,2.5
3,3761,1.5
3,3762,4.5
3,3767,4.0
3,3780,2.0
3,3793,1.5
3,3797,1.5
3,3812,4.0
3,3822,2.0
3,3823,0.0
3,3850,3.5
3,3859,4.0
3,3861,3.5
3,3871,0.5
3,3875,2.5
3,3882,2.5
3,3884,1.0
3,3886,0.0
3,3889,1.0
3,3891,3.0
3,3895,2.0
3,3911,4.0
3,3965,0.5
4,4,2.0
4,6,5.0
4,9,3.0
4,11,4.5
4,20,1.0
4,23,3.5
4,26,5.0
4,42,3.0
4,45,2.0
4,49,1.5
4,55,1.0
4,64,4.5
4,70,3.0
4,76,4.5
4,86,1.5
4,87,1.5
4,95,0.5
4,115,4.5
4,116,1.0
4,118,4.5
4,133,4.0
4,140,1.0
4,145,0.5
4,148,2.5
4,152,5.0
4,161,1.5
4,165,0.0
4,184,1.5
4,190,5.0
4,195,3.5
4,199,5.0
4,203,4.5
4,215,4.5
4,233,2.5
4,241,4.5
4,244,3.0
4,248,1.0
4,265,2.0
4,266,1.0
4,269,0.0
4,273,3.0
4,274,4.5
4,280,2.0
4,297,0.5
4,314,2.0
4,322,0.5
4,327,2.0
4,336,3.0
4,353,3.5
4,371,2.5
4,375,2.0
4,400,1.5
4,409,2.5
4,411,3.5
4,414,1.0
4,420,3.5
4,428,5.0
4,432,5.0
4,444,2.0
4,451,1.0
4,457,4.0
4,458,0.5
4,465,3.5
4,466,1.5
4,476,4.5
4,479,5.0
4,480,1.0
4,482,2.0
4,484,1.5
4,489,4.5
4,504,4.0
4,514,5.0
4,515,1.0
4,517,3.5
4,525,4.0
4,538,2.5
4,540,4.5
4,544,2.0
4,547,3.0
4,551,3.0
4,562,4.0
4,566,1.5
4,569,0.5
4,573,3.0
4,602,3.5
4,618,4.0
4,619,3.0
4,622,2.5
4,642,1.0
4,647,2.5
4,651,1.0
4,668,3.5
4,673,2.0
4,680,4.5
4,681,3.0
4,699,4.0
4,702,5.0
4,716,4.5
4,727,0.5
4,733,4.5
4,736,4.5
4,737,0.5
4,738,1.5
4,749,5.0
4,751,3.5
4,755,2.0
4,764,3.5
4,768,3.0
4,775,2.0
4,778,3.0
4,786,1.0
4,788,1.0
4,795,4.5
4,800,5.0
4,802,0.5
4,806,4.0
4,814,4.5
4,818,0.0
4,819,3.0
4,830,1.5
4,834,1.5
4,837,1.5
4,858,4.5
4,872,4.5
4,873,1.5
4,876,0.0
4,879,0.5
4,880,3.0
4,885,0.0
4,887,4.5
4,888,4.5
4,889,2.0
4,896,3.5
4,904,3.5
4,916,4.0
4,919,4.0
4,920,3.0
4,924,5.0
4,930,4.5
4,937,0.0
4,939,3.0
4,941,3.5
4,946,0.5
4,955,4.5
4,958,3.5
4,977,2.0
4,983,0.5
4,987,4.5
4,1002,0.5
4,1004,4.5
4,1005,0.0
4,1028,5.0
4,1039,5.0
4,1047,5.0
4,1057,1.5
4,1058,1.5
4,1063,5.0
4,1068,4.5
4,1071,5.0
4,1082,3.0
4,1087,4.0
4,1091,3.0
4,1100,2.0
4,1101,5.0
4,1111,1.0
4,1122,4.5
4,1129,3.0
4,1137,4.0
4,1150,0.5
4,1162,2.5
4,1171,1.5
4,1191,3.0
4,1194,5.0
4,1198,2.5
4,1203,4.0
4,1206,4.5
4,1210,1.0
4,1213,1.5
4,1226,4.5
4,1228,3.5
4,1235,5.0
4,1253,4.0
4,1258,1.0
4,1278,0.5
4,1284,1.5
4,1292,1.5
4,1302,3.0
4,1313,4.0
4,1315,0.0
4,1328,4.5
4,1333,4.0
4,1342,2.5
4,1351,2.5
4,1352,5.0
4,1365,4.0
4,1383,4.0
4,1386,4.0
4,1401,3.0
4,1402,2.0
4,1408,1.0
4,1410,2.0
4,1411,3.5
4,1412,1.0
4,1416,5.0
4,1421,1.0
4,1423,0.5
4,1426,0.5
4,1429,2.5
4,1431,2.5
4,1437,3.0
4,1442,1.5
4,1447,0.0
4,1455,3.0
4,1480,1.5
4,1491,4.5
4,1496,0.0
4,1500,4.0
4,1512,2.0
4,1515,0.5
4,1529,4.5
4,1531,0.0
4,1538,4.5
4,1542,5.0
4,1544,0.0
4,1561,4.5
4,1574,4.0
4,1583,0.5
4,1585,2.0
4,1589,4.5
4,1602,5.0
4,1609,2.0
4,1610,4.0
4,1616,3.5
4,1622,1.5
4,1624,5.0
4,1630,0.5
4,1632,2.5
4,1638,5.0
4,1639,2.0
4,1643,2.0
4,1647,0.0
4,1653,0.0
4,1659,0.0
4,1663,1.0
4,1664,2.5
4,1672,2.5
4,1680,1.0
4,1681,0.0
4,1682,2.5
4,1690,3.5
4,1693,0.5
4,1696,0.5
4,1698,0.5
4,1716,3.5
4,1722,1.0
4,1727,1.0
4,1740,3.5
4,1745,5.0
4,1758,5.0
4,1763,2.0
4,1766,1.5
4,1771,1.0
4,1776,4.5
4,1779,1.0
4,1782,3.0
4,1783,1.5
4,1800,0.0
4,1802,4.5
4,1808,4.0
4,1813,3.0
4,1815,1.0
4,1817,4.5
4,1819,0.0
4,1820,1.5
4,1823,3.5
4,1838,1.5
4,1841,1.0
4,1847,3.0
4,1850,2.0
4,1865,2.5
4,1872,2.0
4,1874,1.0
4,1880,3.5
4,1887,2.5
4,1894,1.0
4,1909,1.0
4,1918,0.5
4,1954,3.5
4,1959,4.0
4,1968,0.5
4,1970,2.0
4,1980,1.5
4,1995,1.0
4,1996,3.0
4,1999,0.0
4,2018,4.5
4,2020,0.5
4,2032,3.5
4,2059,2.5
4,2060,3.0
4,2071,3.0
4,2083,4.0
4,2084,5.0
4,2095,0.0
4,2096,2.5
4,2099,3.0
4,2102,3.5
4,2104,3.0
4,2105,3.0
4,2134,4.5
4,2135,5.0
4,2143,1.5
4,2146,0.0
4,2160,2.0
4,2163,3.5
4,2166,0.5
4,2173,0.0
4,2174,2.0
4,2179,3.5
4,2199,3.0
4,2216,2.0
4,2218,5.0
4,2222,1.5
4,2231,4.0
4,2240,2.5
4,2242,0.0
4,2246,4.5
4,2251,4.5
4,2257,4.0
4,2261,0.5
4,2264,2.0
4,2266,3.0
4,2271,5.0
4,2272,5.0
4,2273,2.5
4,2276,5.0
4,2278,2.0
4,2280,5.0
4,2281,0.0
4,2288,2.0
4,2289,3.5
4,2292,0.0
4,2297,1.5
4,2310,1.0
4,2319,2.5
4,2320,5.0
4,2329,2.5
4,2337,4.5
4,2339,3.0
4,2341,2.5
4,2343,4.5
4,2346,2.5
4,2348,4.0
4,2359,4.5
4,2363,2.5
4,2367,2.5
4,2382,3.0
4,2385,3.5
4,2410,4.5
4,2411,4.5
4,2414,2.0
4,2416,1.5
4,2425,4.5
4,2426,4.5
4,2432,1.0
4,2436,1.5
4,2446,2.0
4,2469,1.5
4,2471,2.0
4,2492,1.5
4,2495,3.5
4,2497,4.0
4,2508,1.0
4,2512,0.5
4,2514,2.0
4,2525,5.0
4,2541,1.5
4,2563,4.0
4,2566,4.5
4,2574,1.0
4,2588,2.0
4,2589,3.5
4,2596,0.0
4,2604,2.0
4,2616,2.5
4,2623,5.0
4,2624,4.5
4,2626,4.5
4,2633,1.0
4,2637,4.0
4,2638,4.0
4,2653,4.5
4,2659,2.0
4,2675,5.0
4,2676,0.0
4,2681,1.5
4,2688,4.0
4,2697,4.5
4,2698,5.0
4,2705,3.0
4,2712,0.5
4,2718,4.0
4,2730,0.5
4,2741,3.0
4,2747,0.0
4,2752,2.5
4,2755,1.5
4,2757,2.5
4,2761,0.0
4,2767,3.0
4,2781,0.0
4,2785,0.0
4,2802,4.0
4,2803,2.0
4,2809,5.0
4,2812,3.5
4,2813,3.0
4,2818,1.0
4,2837,5.0
4,2849,2.0
4,2860,4.5
4,2867,0.5
4,2874,5.0
4,2893,2.5
4,2902,3.0
4,2910,1.0
4,2912,3.0
4,2914,1.5
4,2919,1.5
4,2941,5.0
4,2954,1.0
4,2955,0.5
4,2958,1.0
4,2962,3.0
4,2976,4.5
4,2977,4.5
4,2995,1.0
4,3002,3.5
4,3029,2.0
4,3036,0.5
4,3042,5.0
4,3043,3.0
4,3044,5.0
4,3046,1.0
4,3047,2.5
4,3051,3.0
4,3058,1.5
4,3072,2.0
4,3080,3.5
4,3093,3.0
4,3101,1.0
4,3104,4.0
4,3109,1.5
4,3110,1.0
4,3117,3.0
4,3121,4.5
4,3125,1.0
4,3126,1.5
4,3128,2.5
4,3131,0.5
4,3142,1.0
4,3150,3.5
4,3154,3.5
4,3162,5.0
4,3166,0.5
4,3168,2.5
4,3179,4.5
4,3184,2.5
4,3194,0.5
4,3198,3.5
4,3201,1.5
4,3206,3.0
4,3215,0.0
4,3222,4.0
4,3224,2.5
4,3226,3.5
4,3232,4.5
4,3239,5.0
4,3251,2.5
4,3252,4.5
4,3255,1.5
4,3259,1.5
4,3262,0.5
4,3263,1.5
4,3272,5.0
4,3278,2.5
4,3284,1.5
4,3297,5.0
4,3300,5.0
4,3305,1.0
4,3307,2.0
4,3311,3.5
4,3313,5.0
4,3316,3.0
4,3319,0.0
4,3322,3.5
4,3323,1.0
4,3324,1.5
4,3327,3.5
4,3328,3.5
4,3342,4.5
4,3349,0.5
4,3359,2.0
4,3365,0.5
4,3375,4.5
4,3376,0.5
4,3386,4.5
4,3393,1.0
4,3396,1.5
4,3400,2.0
4,3402,1.0
4,3406,4.5
4,3413,5.0
4,3445,1.0
4,3446,2.0
4,3453,4.0
4,3455,2.0
4,3458,1.5
4,3470,4.5
4,3482,1.0
4,3487,4.5
4,3495,0.0
4,3510,4.5
4,3521,1.5
4,3523,0.5
4,3527,1.0
4,3540,0.0
4,3548,1.5
4,3558,2.0
4,3563,0.0
4,3566,1.0
4,3572,3.0
4,3580,3.0
4,3605,2.5
4,3608,1.5
4,3619,2.0
4,3622,5.0
4,3624,4.0
4,3629,2.5
4,3643,0.5
4,3647,1.0
4,3651,2.5
4,3661,2.0
4,3667,2.0
4,3669,2.0
4,3675,1.0
4,3676,3.5
4,3683,1.5
4,3705,0.0
4,3732,4.0
4,3739,4.5
4,3740,1.5
4,3742,3.5
4,3744,4.0
4,3747,0.5
4,3750,0.0
4,3762,0.5
4,3766,0.5
4,3780,5.0
4,3781,3.5
4,3791,2.5
4,3792,4.5
4,3793,4.5
4,3812,3.0
4,3826,0.0
4,3836,2.0
4,3841,4.5
4,3843,0.5
4,3850,4.0
4,3867,1.5
4,3873,1.0
4,3874,2.0
4,3875,5.0
4,3881,0.0
4,3882,1.0
4,3884,3.0
4,3893,1.0
4,3894,4.5
4,3895,2.0
4,3907,1.5
4,3911,3.5
4,3918,4.0
4,3957,3.0
4,3960,2.0
4,3965,2.0
4,3981,5.0
4,3983,3.5
4,3986,1.5
4,3987,1.5
5,19,5.0
5,20,3.5
5,23,0.5
5,29,2.0
5,36,4.5
5,49,5.0
5,70,2.0
5,76,4.0
5,81,0.0
5,86,1.5
5,90,3.5
5,105,5.0
5,107,2.0
5,108,3.0
5,110,1.5
5,118,1.5
5,124,4.5
5,133,0.0
5,142,1.0
5,143,0.5
5,145,3.0
5,148,4.5
5,152,2.0
5,171,3.5
5,190,3.0
5,195,3.5
5,226,3.5
5,235,4.0
5,241,4.5
5,244,4.5
5,248,1.5
5,252,4.5
5,256,3.5
5,264,3.5
5,265,1.0
5,270,1.5
5,273,3.0
5,274,2.5
5,277,4.5
5,314,4.0
5,319,3.0
5,322,3.0
5,327,0.5
5,336,3.5
5,349,4.5
5,353,5.0
5,358,0.0
5,366,0.5
5,371,2.0
5,375,1.0
5,400,1.0
5,404,3.0
5,413,3.0
5,420,0.0
5,432,3.0
5,437,3.0
5,444,2.0
5,454,3.5
5,455,2.0
5,457,2.0
5,470,3.0
5,482,2.5
5,489,3.5
5,491,5.0
5,492,0.5
5,495,0.0
5,514,0.0
5,515,0.0
5,521,0.0
5,525,4.0
5,541,1.5
5,547,4.5
5,551,2.5
5,562,1.0
5,576,0.0
5,596,1.5
5,598,1.0
5,602,2.0
5,606,0.0
5,619,4.0
5,624,1.0
5,625,0.5
5,631,1.5
5,632,0.5
5,636,2.5
5,643,3.0
5,647,1.0
5,673,3.0
5,677,4.5
5,679,0.0
5,680,1.0
5,682,1.5
5,697,2.5
5,705,4.5
5,716,1.5
5,732,0.5
5,737,0.0
5,739,0.0
5,749,4.5
5,780,3.0
5,784,0.5
5,786,1.5
5,788,0.5
5,795,2.0
5,800,2.5
5,802,5.0
5,806,3.5
5,818,0.0
5,824,1.5
5,838,4.0
5,848,0.0
5,850,0.5
5,851,1.5
5,858,4.5
5,876,3.0
5,879,0.5
5,880,2.5
5,885,3.5
5,889,0.0
5,894,4.0
5,911,4.0
5,924,2.0
5,930,1.5
5,937,4.0
5,941,1.5
5,946,4.0
5,949,3.5
5,966,3.0
5,972,3.0
5,983,2.0
5,987,0.0
5,998,2.0
5,1002,5.0
5,1003,3.5
5,1004,4.0
5,1005,4.0
5,1006,3.5
5,1013,4.0
5,1025,2.5
5,1028,3.5
5,1035,3.0
5,1039,1.5
5,1062,0.5
5,1071,3.0
5,1076,0.5
5,1087,4.5
5,1100,1.0
5,1105,5.0
5,1109,1.0
5,1114,0.5
5,1122,3.0
5,1150,1.0
5,1159,3.0
5,1171,5.0
5,1194,0.5
5,1197,4.0
5,1199,3.5
5,1203,0.5
5,1204,3.5
5,1206,5.0
5,1208,2.0
5,1215,2.5
5,1218,2.5
5,1226,3.0
5,1253,1.5
5,1269,0.0
5,1278,5.0
5,1279,2.5
5,1280,1.5
5,1286,4.0
5,1293,3.0
5,1320,3.0
5,1321,3.0
5,1329,3.5
5,1355,2.0
5,1366,4.5
5,1373,4.5
5,1376,1.0
5,1386,3.5
5,1387,1.0
5,1389,4.5
5,1395,0.5
5,1401,0.0
5,1408,3.0
5,1426,2.0
5,1437,0.0
5,1442,4.0
5,1444,2.5
5,1463,3.0
5,1467,2.0
5,1501,4.0
5,1512,3.5
5,1514,0.0
5,1515,2.5
5,1516,0.0
5,1523,0.0
5,1531,1.5
5,1539,4.5
5,1540,1.0
5,1547,1.0
5,1562,2.5
5,1577,0.0
5,1583,4.0
5,1589,0.0
5,1602,1.5
5,1608,4.5
5,1615,1.0
5,1623,3.5
5,1627,2.0
5,1632,3.0
5,1638,2.0
5,1639,0.5
5,1647,1.0
5,1654,2.0
5,1659,3.5
5,1677,3.5
5,1690,1.0
5,1693,4.0
5,1698,4.5
5,1703,4.5
5,1710,4.0
5,1711,1.5
5,1717,3.5
5,1727,0.5
5,1737,5.0
5,1745,1.5
5,1763,1.5
5,1776,4.5
5,1781,3.0
5,1782,4.0
5,1783,2.0
5,1794,2.5
5,1802,3.0
5,1815,4.0
5,1820,4.5
5,1823,2.0
5,1838,1.0
5,1841,1.0
5,1850,3.5
5,1865,5.0
5,1870,2.5
5,1887,5.0
5,1894,3.5
5,1900,5.0
5,1912,1.5
5,1921,0.5
5,1936,2.5
5,1939,4.5
5,1949,3.0
5,1951,1.5
5,1967,1.5
5,1968,3.0
5,1980,2.0
5,1988,0.0
5,1991,4.5
5,1995,1.0
5,1996,1.5
5,1997,5.0
5,1999,1.0
5,2011,1.0
5,2020,3.5
5,2028,5.0
5,2032,1.5
5,2036,0.5
5,2043,1.5
5,2044,1.0
5,2080,0.0
5,2095,4.5
5,2099,4.5
5,2104,0.0
5,2114,2.5
5,2117,4.0
5,2118,5.0
5,2119,4.0
5,2134,4.0
5,2142,2.0
5,2144,3.5
5,2163,3.5
5,2173,5.0
5,2174,2.0
5,2179,3.0
5,2181,0.5
5,2189,4.5
5,2199,4.5
5,2201,2.0
5,2216,2.5
5,2219,4.5
5,2231,2.5
5,2242,2.0
5,2254,1.0
5,2257,3.5
5,2261,0.0
5,2266,3.5
5,2267,3.0
5,2271,0.5
5,2280,3.5
5,2289,2.5
5,2295,4.0
5,2297,1.5
5,2304,5.0
5,2306,3.5
5,2314,5.0
5,2317,0.5
5,2320,4.5
5,2329,4.5
5,2341,1.5
5,2343,4.0
5,2351,1.0
5,2353,5.0
5,2358,2.0
5,2359,5.0
5,2385,0.0
5,2387,2.0
5,2394,2.0
5,2409,3.0
5,2410,3.5
5,2411,4.5
5,2414,1.0
5,2416,3.0
5,2425,1.0
5,2431,0.5
5,2470,5.0
5,2472,2.5
5,2482,3.5
5,2493,0.0
5,2495,5.0
5,2496,3.5
5,2508,2.0
5,2553,0.5
5,2559,2.0
5,2563,2.0
5,2577,2.5
5,2589,5.0
5,2595,4.5
5,2604,0.5
5,2612,1.0
5,2614,0.5
5,2616,3.5
5,2625,1.5
5,2636,3.5
5,2679,1.0
5,2681,4.0
5,2682,1.0
5,2686,3.5
5,2698,2.0
5,2699,2.0
5,2712,5.0
5,2741,3.5
5,2744,5.0
5,2748,4.0
5,2755,4.0
5,2758,2.0
5,2767,4.5
5,2771,0.5
5,2796,2.5
5,2799,4.0
5,2803,4.5
5,2812,4.0
5,2813,1.5
5,2825,4.0
5,2828,4.5
5,2834,1.0
5,2842,0.0
5,2849,1.5
5,2852,1.0
5,2858,4.5
5,2860,4.5
5,2874,2.5
5,2876,5.0
5,2890,1.0
5,2893,3.5
5,2916,3.0
5,2919,3.0
5,2926,5.0
5,2936,3.5
5,2941,5.0
5,2951,1.0
5,2953,1.5
5,2954,3.0
5,2955,0.0
5,2958,0.5
5,2962,1.0
5,2977,4.5
5,2989,5.0
5,2993,5.0
5,3008,1.5
5,3016,1.5
5,3033,0.0
5,3043,0.0
5,3047,3.0
5,3051,1.5
5,3053,3.5
5,3074,4.5
5,3076,1.5
5,3080,5.0
5,3106,3.0
5,3108,0.0
5,3119,1.0
5,3125,4.5
5,3128,3.5
5,3133,3.5
5,3134,5.0
5,3158,0.0
5,3162,0.0
5,3169,1.0
5,3184,2.5
5,3191,0.0
5,3194,2.0
5,3201,4.0
5,3203,2.0
5,3206,0.5
5,3208,0.0
5,3212,0.5
5,3222,3.0
5,3224,2.5
5,3242,2.5
5,3247,1.5
5,3255,1.0
5,3256,5.0
5,3258,1.0
5,3262,0.0
5,3282,0.5
5,3284,5.0
5,3298,2.5
5,3307,3.0
5,3313,2.0
5,3316,3.5
5,3328,3.5
5,3335,0.5
5,3342,3.0
5,3348,3.5
5,3355,3.0
5,3359,0.5
5,3367,4.5
5,3375,2.5
5,3383,4.5
5,3396,4.0
5,3402,2.5
5,3406,2.5
5,3423,1.5
5,3446,0.0
5,3453,4.0
5,3456,2.0
5,3458,3.0
5,3470,0.0
5,3482,0.0
5,3487,1.0
5,3494,1.5
5,3500,4.5
5,3504,1.0
5,3507,4.5
5,3510,1.5
5,3530,0.0
5,3536,4.0
5,3548,3.5
5,3554,3.5
5,3555,5.0
5,3558,3.0
5,3563,1.0
5,3566,1.5
5,3572,3.5
5,3592,5.0
5,3608,2.5
5,3610,2.5
5,3622,0.5
5,3627,3.0
5,3634,4.5
5,3639,0.5
5,3640,1.0
5,3643,2.5
5,3647,5.0
5,3648,0.5
5,3657,0.0
5,3659,2.0
5,3667,1.5
5,3669,0.0
5,3676,5.0
5,3683,1.5
5,3693,5.0
5,3701,4.5
5,3703,3.0
5,3705,2.5
5,3712,0.0
5,3747,4.0
5,3770,4.5
5,3773,5.0
5,3780,0.0
5,3791,1.5
5,3792,2.5
5,3793,2.0
5,3797,3.0
5,3812,0.5
5,3822,3.0
5,3823,3.0
5,3826,4.5
5,3836,4.5
5,3841,4.0
5,3856,0.0
5,3865,3.0
5,3871,0.0
5,3873,0.5
5,3875,3.0
5,3881,1.5
5,3882,3.0
5,3884,3.0
5,3889,4.5
5,3893,2.5
5,3918,2.0
5,3965,0.0
5,3981,5.0
5,3997,2.5
6,4,4.0
6,11,2.0
6,23,5.0
6,26,0.5
6,32,1.5
6,34,0.5
6,42,2.5
6,45,1.0
6,63,1.5
6,70,1.0
6,76,0.0
6,81,2.5
6,86,2.5
6,87,0.5
6,90,5.0
6,95,1.0
6,105,3.5
6,110,1.0
6,112,2.0
6,124,1.5
6,142,3.0
6,148,4.0
6,152,2.0
6,161,0.0
6,165,3.0
6,167,1.0
6,184,2.5
6,199,4.5
6,203,2.5
6,207,0.5
6,226,2.5
6,229,5.0
6,233,4.5
6,241,4.5
6,243,2.0
6,248,5.0
6,252,0.0
6,266,4.5
6,273,0.5
6,274,2.0
6,280,1.5
6,288,2.5
6,303,0.0
6,327,1.0
6,347,1.0
6,349,4.5
6,353,3.0
6,358,2.5
6,362,0.0
6,371,2.0
6,375,3.0
6,389,2.5
6,400,5.0
6,401,2.0
6,409,1.0
6,414,3.5
6,421,4.5
6,425,3.5
6,428,4.0
6,432,1.5
6,437,1.5
6,443,0.5
6,454,2.5
6,458,5.0
6,459,5.0
6,466,2.5
6,476,5.0
6,477,0.5
6,478,1.5
6,480,0.5
6,484,0.5
6,503,4.0
6,504,4.5
6,509,4.5
6,514,4.5
6,517,5.0
6,521,4.0
6,525,3.0
6,528,3.0
6,534,4.5
6,541,2.0
6,551,3.0
6,573,3.0
6,576,5.0
6,582,4.0
6,616,1.0
6,618,0.5
6,625,4.5
6,636,1.5
6,642,1.5
6,643,0.0
6,647,3.5
6,651,2.0
6,658,3.5
6,673,4.0
6,679,1.5
6,681,2.5
6,682,2.5
6,697,2.5
6,716,4.0
6,727,0.5
6,729,1.0
6,731,2.5
6,733,4.5
6,736,4.5
6,738,5.0
6,739,0.5
6,749,0.0
6,755,4.5
6,762,3.5
6,764,0.0
6,778,1.5
6,780,3.0
6,789,2.0
6,795,1.5
6,800,4.0
6,806,3.5
6,815,2.5
6,818,0.5
6,819,3.0
6,824,1.0
6,830,1.0
6,831,1.0
6,834,4.5
6,838,4.0
6,846,0.5
6,848,0.0
6,850,4.5
6,851,1.0
6,876,2.0
6,879,0.5
6,880,2.0
6,883,1.0
6,885,3.0
6,886,4.5
6,889,2.5
6,894,4.0
6,896,1.5
6,904,2.5
6,920,2.5
6,927,1.5
6,930,0.5
6,939,2.0
6,946,2.5
6,949,0.5
6,955,0.5
6,966,1.0
6,983,2.5
6,998,1.0
6,1003,3.5
6,1005,0.0
6,1006,4.0
6,1008,1.5
6,1013,5.0
6,1018,1.5
6,1028,5.0
6,1035,3.0
6,1041,2.5
6,1057,4.5
6,1063,4.5
6,1068,4.0
6,1071,2.5
6,1076,1.5
6,1082,2.5
6,1086,4.0
6,1100,3.0
6,1101,2.5
6,1105,2.0
6,1109,4.0
6,1110,4.0
6,1114,3.5
6,1129,1.5
6,1137,5.0
6,1145,5.0
6,1146,1.0
6,1171,5.0
6,1180,4.5
6,1183,2.5
6,1198,0.0
6,1199,4.0
6,1204,2.0
6,1213,3.5
6,1219,0.0
6,1223,3.5
6,1226,2.0
6,1235,2.0
6,1240,4.5
6,1245,5.0
6,1249,3.5
6,1253,3.5
6,1278,2.5
6,1279,1.0
6,1280,3.0
6,1292,0.0
6,1309,3.5
6,1315,4.0
6,1334,5.0
6,1355,3.0
6,1366,1.0
6,1373,5.0
6,1376,3.5
6,1379,1.5
6,1383,4.0
6,1389,0.0
6,1395,3.5
6,1408,3.5
6,1411,1.0
6,1412,4.0
6,1416,2.5
6,1427,5.0
6,1429,3.0
6,1431,5.0
6,1433,4.5
6,1442,3.5
6,1446,4.5
6,1447,0.5
6,1463,1.0
6,1467,2.0
6,1480,0.5
6,1483,3.5
6,1491,1.0
6,1501,5.0
6,1506,2.5
6,1514,4.5
6,1515,5.0
6,1516,4.5
6,1523,2.5
6,1532,0.5
6,1539,4.0
6,1544,1.5
6,1574,2.5
6,1583,2.5
6,1589,4.0
6,1610,0.0
6,1615,0.0
6,1622,0.5
6,1623,0.5
6,1627,4.0
6,1632,3.5
6,1635,0.0
6,1639,0.0
6,1647,2.0
6,1649,3.0
6,1653,1.0
6,1663,3.5
6,1676,2.0
6,1681,2.5
6,1688,0.0
6,1690,4.0
6,1696,4.0
6,1698,0.5
6,1699,5.0
6,1703,3.5
6,1710,1.0
6,1711,3.0
6,1722,3.0
6,1724,3.0
6,1727,5.0
6,1734,3.0
6,1737,3.5
6,1740,4.0
6,1741,1.0
6,1745,1.0
6,1750,2.5
6,1754,2.5
6,1764,0.5
6,1770,2.0
6,1771,1.5
6,1776,5.0
6,1779,4.5
6,1781,1.5
6,1782,1.0
6,1794,2.5
6,1800,5.0
6,1802,1.5
6,1808,0.5
6,1813,4.0
6,1815,3.0
6,1817,3.0
6,1818,1.5
6,1819,3.5
6,1820,0.5
6,1832,0.0
6,1841,2.0
6,1842,3.5
6,1846,0.0
6,1847,4.5
6,1850,3.0
6,1865,2.0
6,1872,2.0
6,1887,2.5
6,1894,2.5
6,1912,3.0
6,1920,2.5
6,1921,0.0
6,1940,4.5
6,1949,1.5
6,1963,2.0
6,1969,1.5
6,1980,5.0
6,1988,4.0
6,1997,3.5
6,2011,4.5
6,2018,0.0
6,2025,5.0
6,2028,0.5
6,2030,2.5
6,2032,4.5
6,2040,0.5
6,2043,1.0
6,2044,2.0
6,2055,5.0
6,2059,0.5
6,2060,4.5
6,2067,1.0
6,2078,2.5
6,2081,0.0
6,2084,1.5
6,2096,1.5
6,2099,0.0
6,2102,1.0
6,2105,1.5
6,2106,4.5
6,2114,0.0
6,2119,1.0
6,2134,0.5
6,2135,2.5
6,2144,5.0
6,2165,5.0
6,2181,5.0
6,2187,0.0
6,2189,5.0
6,2202,1.0
6,2218,4.5
6,2222,2.0
6,2224,4.0
6,2231,3.0
6,2242,0.0
6,2251,5.0
6,2254,2.5
6,2264,0.5
6,2266,4.0
6,2267,3.5
6,2271,4.5
6,2275,2.0
6,2278,2.0
6,2288,3.5
6,2289,1.0
6,2295,2.0
6,2306,4.5
6,2310,1.0
6,2314,4.5
6,2317,0.0
6,2320,2.0
6,2339,0.5
6,2343,0.5
6,2346,1.5
6,2351,4.0
6,2358,3.5
6,2363,2.5
6,2387,4.0
6,2394,0.5
6,2403,0.5
6,2410,2.0
6,2411,3.0
6,2416,3.5
6,2417,1.0
6,2425,4.5
6,2436,0.0
6,2470,3.5
6,2482,1.0
6,2493,0.0
6,2497,4.0
6,2499,1.0
6,2508,2.5
6,2512,2.0
6,2525,2.5
6,2541,1.0
6,2543,1.0
6,2556,3.5
6,2566,2.0
6,2588,2.5
6,2589,3.0
6,2597,0.0
6,2604,2.5
6,2612,1.5
6,2614,3.0
6,2624,1.0
6,2633,1.0
6,2636,0.0
6,2638,0.0
6,2649,2.0
6,2650,3.5
6,2659,3.5
6,2667,4.0
6,2676,4.0
6,2686,5.0
6,2694,5.0
6,2705,4.5
6,2712,2.0
6,2718,2.5
6,2725,5.0
6,2730,0.5
6,2752,1.5
6,2755,2.5
6,2757,4.5
6,2763,4.0
6,2767,3.5
6,2771,3.0
6,2781,5.0
6,2785,2.0
6,2796,0.5
6,2799,3.0
6,2802,0.5
6,2804,0.5
6,2825,1.5
6,2828,0.5
6,2829,4.5
6,2834,1.5
6,2842,0.5
6,2852,1.5
6,2860,4.0
6,2864,1.0
6,2866,0.5
6,2867,3.5
6,2873,0.5
6,2885,3.5
6,2890,0.5
6,2893,3.5
6,2910,2.5
6,2912,2.0
6,2914,3.5
6,2919,3.0
6,2924,1.5
6,2926,1.0
6,2932,2.5
6,2954,5.0
6,2955,2.5
6,2970,2.5
6,2975,1.0
6,2976,2.0
6,2981,1.0
6,2992,1.5
6,3014,0.0
6,3017,1.0
6,3036,0.0
6,3042,0.5
6,3046,0.5
6,3047,3.0
6,3050,1.5
6,3052,0.0
6,3054,4.5
6,3072,0.5
6,3076,5.0
6,3078,0.5
6,3093,0.5
6,3102,3.0
6,3106,3.0
6,3114,1.5
6,3116,2.5
6,3117,4.0
6,3119,2.0
6,3121,1.5
6,3125,3.0
6,3126,0.0
6,3131,0.5
6,3134,2.0
6,3142,0.0
6,3146,4.0
6,3147,2.0
6,3150,0.5
6,3154,1.5
6,3155,2.0
6,3158,1.5
6,3162,1.0
6,3166,3.5
6,3167,3.5
6,3201,2.0
6,3206,0.0
6,3209,3.5
6,3210,4.0
6,3215,0.0
6,3222,3.0
6,3231,0.0
6,3232,1.5
6,3242,2.0
6,3247,0.5
6,3255,2.0
6,3256,0.0
6,3259,4.5
6,3262,2.0
6,3265,0.5
6,3267,1.0
6,3275,1.0
6,3280,4.5
6,3282,4.0
6,3284,5.0
6,3300,4.5
6,3305,0.0
6,3307,4.0
6,3310,2.0
6,3316,3.0
6,3321,0.5
6,3324,1.5
6,3328,2.0
6,3335,4.0
6,3342,4.5
6,3345,5.0
6,3347,5.0
6,3348,2.5
6,3349,0.0
6,3356,4.5
6,3361,3.0
6,3365,1.5
6,3370,5.0
6,3384,4.5
6,3386,3.5
6,3393,1.0
6,3400,2.5
6,3402,0.5
6,3410,0.5
6,3414,2.5
6,3416,4.5
6,3428,5.0
6,3445,2.0
6,3446,0.0
6,3448,1.5
6,3453,4.0
6,3458,2.0
6,3482,0.0
6,3495,4.0
6,3504,4.5
6,3509,0.5
6,3510,5.0
6,3521,1.5
6,3523,2.5
6,3530,1.0
6,3532,4.0
6,3533,4.5
6,3536,0.0
6,3539,3.5
6,3542,2.0
6,3554,4.0
6,3563,2.5
6,3568,0.5
6,3572,5.0
6,3580,0.5
6,3581,0.5
6,3587,0.0
6,3605,5.0
6,3619,1.0
6,3622,2.5
6,3634,4.0
6,3639,3.5
6,3643,1.5
6,3646,4.5
6,3657,0.0
6,3659,1.0
6,3661,5.0
6,3667,4.5
6,3669,1.0
6,3676,1.5
6,3693,3.5
6,3701,2.5
6,3730,5.0
6,3732,1.0
6,3735,3.5
6,3740,3.0
6,3741,4.5
6,3747,0.5
6,3756,3.5
6,3759,1.5
6,3761,3.0
6,3762,3.0
6,3770,0.0
6,3773,2.5
6,3780,3.5
6,3792,3.5
6,3793,5.0
6,3797,1.0
6,3812,1.0
6,3826,0.5
6,3843,3.5
6,3850,4.0
6,3852,4.5
6,3861,4.5
6,3867,5.0
6,3873,1.5
6,3874,0.0
6,3881,1.5
6,3893,0.5
6,3894,5.0
6,3895,0.0
6,3906,1.0
6,3918,3.5
6,3957,0.5
6,3960,2.0
6,3970,0.5
6,3983,5.0
6,3987,0.5
6,3997,2.0
7,4,3.5
7,9,1.0
7,20,2.0
7,23,3.0
7,29,3.0
7,32,0.5
7,34,2.5
7,42,3.0
7,44,1.0
7,55,0.0
7,63,4.0
7,70,3.5
7,76,4.0
7,81,1.0
7,87,3.0
7,116,3.5
7,118,4.0
7,124,2.5
7,133,1.5
7,145,4.0
7,149,2.5
7,161,4.0
7,165,1.0
7,171,2.5
7,195,1.5
7,233,3.0
7,241,2.5
7,244,4.5
7,248,1.0
7,266,0.0
7,270,2.5
7,298,2.0
7,303,3.0
7,327,0.0
7,336,4.5
7,353,3.5
7,362,4.0
7,371,5.0
7,375,3.5
7,383,5.0
7,389,2.5
7,390,1.0
7,409,4.5
7,411,4.5
7,414,0.0
7,420,3.5
7,425,2.0
7,428,3.0
7,432,1.5
7,451,0.0
7,459,2.0
7,482,0.5
7,489,2.0
7,492,2.0
7,509,0.0
7,515,5.0
7,517,3.0
7,528,4.0
7,534,3.5
7,540,0.5
7,563,3.0
7,569,2.5
7,576,5.0
7,582,3.0
7,606,4.0
7,612,1.0
7,619,5.0
7,622,0.5
7,624,4.5
7,625,3.0
7,626,4.0
7,631,3.0
7,632,3.0
7,636,0.0
7,643,5.0
7,646,2.5
7,647,3.0
7,651,2.5
7,658,1.0
7,668,1.0
7,673,1.0
7,679,5.0
7,681,3.5
7,682,3.5
7,685,0.5
7,697,2.0
7,699,1.5
7,702,0.5
7,708,0.0
7,727,5.0
7,729,0.5
7,733,0.5
7,736,3.5
7,738,2.5
7,739,5.0
7,748,5.0
7,749,4.0
7,754,2.0
7,755,1.5
7,762,2.0
7,778,1.5
7,784,3.5
7,786,2.5
7,788,2.0
7,789,4.5
7,795,3.0
7,802,1.0
7,814,4.0
7,816,4.0
7,818,2.5
7,831,2.5
7,838,4.5
7,846,3.5
7,848,5.0
7,850,2.5
7,851,2.5
7,859,2.0
7,872,5.0
7,883,1.5
7,884,4.5
7,889,0.0
7,904,5.0
7,911,0.5
7,916,4.5
7,919,1.5
7,924,3.0
7,927,1.0
7,941,1.0
7,950,2.0
7,955,4.0
7,977,1.0
7,998,0.5
7,1006,0.0
7,1008,2.0
7,1018,3.0
7,1019,0.0
7,1021,2.0
7,1028,1.5
7,1039,0.0
7,1041,2.0
7,1047,1.0
7,1057,0.0
7,1058,1.5
7,1063,1.5
7,1076,2.0
7,1082,1.5
7,1087,1.5
7,1091,1.5
7,1101,4.0
7,1110,0.5
7,1114,3.0
7,1132,3.5
7,1145,4.0
7,1146,2.5
7,1150,4.5
7,1162,2.0
7,1166,3.0
7,1198,2.5
7,1199,5.0
7,1204,4.0
7,1208,2.0
7,1210,3.5
7,1215,1.0
7,1223,2.0
7,1228,2.0
7,1240,4.5
7,1245,0.0
7,1249,1.5
7,1251,0.5
7,1253,1.0
7,1258,4.0
7,1264,4.5
7,1274,4.0
7,1282,4.0
7,1284,2.0
7,1292,4.0
7,1293,3.5
7,1308,3.0
7,1315,2.0
7,1333,3.0
7,1334,4.5
7,1342,0.5
7,1352,3.0
7,1355,0.0
7,1373,1.5
7,1383,3.0
7,1389,4.0
7,1405,0.5
7,1408,5.0
7,1411,0.5
7,1421,2.0
7,1426,2.5
7,1429,2.5
7,1431,3.0
7,1437,1.0
7,1455,4.5
7,1463,4.0
7,1475,3.5
7,1496,1.0
7,1501,1.5
7,1512,4.0
7,1514,0.5
7,1515,5.0
7,1529,4.5
7,1547,3.0
7,1561,0.5
7,1562,0.5
7,1574,4.5
7,1585,5.0
7,1588,3.5
7,1589,3.0
7,1602,4.5
7,1610,2.0
7,1623,3.5
7,1624,1.0
7,1630,0.0
7,1635,2.0
7,1638,1.5
7,1647,1.0
7,1649,5.0
7,1653,2.0
7,1659,0.0
7,1663,4.0
7,1664,0.0
7,1666,3.5
7,1677,0.5
7,1680,4.0
7,1693,0.5
7,1694,3.5
7,1698,0.5
7,1699,3.5
7,1701,1.0
7,1711,0.0
7,1716,4.0
7,1722,0.5
7,1734,3.0
7,1740,3.5
7,1745,0.0
7,1750,4.0
7,1754,1.5
7,1760,0.5
7,1766,2.5
7,1779,5.0
7,1782,1.0
7,1791,5.0
7,1794,1.0
7,1813,2.5
7,1817,1.5
7,1818,0.5
7,1819,2.0
7,1841,4.0
7,1849,3.5
7,1855,1.0
7,1865,2.0
7,1866,5.0
7,1870,4.0
7,1878,2.5
7,1880,4.0
7,1894,3.0
7,1900,4.5
7,1909,4.0
7,1918,1.5
7,1928,3.5
7,1940,5.0
7,1949,1.0
7,1954,1.0
7,1959,4.5
7,1968,3.5
7,1970,3.0
7,1991,4.0
7,1999,1.5
7,2023,3.0
7,2028,0.5
7,2032,3.5
7,2036,5.0
7,2043,2.5
7,2059,5.0
7,2062,3.0
7,2067,1.0
7,2104,4.5
7,2105,4.5
7,2106,0.5
7,2109,3.5
7,2114,1.5
7,2119,4.5
7,2135,1.5
7,2146,4.5
7,2160,4.5
7,2165,3.5
7,2173,0.5
7,2174,2.5
7,2199,3.0
7,2201,3.0
7,2202,4.5
7,2209,3.5
7,2216,1.5
7,2218,5.0
7,2219,3.5
7,2220,5.0
7,2224,4.5
7,2231,0.0
7,2232,2.0
7,2240,1.5
7,2251,0.0
7,2254,0.5
7,2275,1.5
7,2276,3.5
7,2277,4.5
7,2278,2.0
7,2281,4.5
7,2295,0.0
7,2308,1.0
7,2310,0.0
7,2314,5.0
7,2317,0.5
7,2320,3.5
7,2337,1.5
7,2341,3.0
7,2346,0.0
7,2348,0.5
7,2353,0.5
7,2363,2.0
7,2367,2.0
7,2368,1.0
7,2410,3.5
7,2411,0.5
7,2425,5.0
7,2431,4.0
7,2432,4.0
7,2438,0.5
7,2452,0.5
7,2456,3.5
7,2471,0.5
7,2482,4.5
7,2491,0.5
7,2492,0.5
7,2495,5.0
7,2496,2.5
7,2508,0.5
7,2514,2.0
7,2544,0.5
7,2553,4.5
7,2563,5.0
7,2566,1.5
7,2574,1.5
7,2589,4.0
7,2592,4.5
7,2595,2.0
7,2614,4.5
7,2623,3.0
7,2626,4.5
7,2637,4.0
7,2638,5.0
7,2649,2.5
7,2659,5.0
7,2676,0.0
7,2679,4.0
7,2694,0.5
7,2697,3.0
7,2698,4.0
7,2705,4.0
7,2712,4.0
7,2718,1.0
7,2743,2.5
7,2744,5.0
7,2755,3.5
7,2757,3.0
7,2758,2.5
7,2767,1.5
7,2785,5.0
7,2794,2.5
7,2796,2.0
7,2799,1.0
7,2804,5.0
7,2812,4.0
7,2818,3.5
7,2829,1.5
7,2834,3.0
7,2837,2.0
7,2852,1.0
7,2866,3.0
7,2867,5.0
7,2885,1.5
7,2890,4.0
7,2912,2.5
7,2916,1.0
7,2919,3.5
7,2924,2.0
7,2926,1.5
7,2941,4.5
7,2951,0.0
7,2953,0.0
7,2954,5.0
7,2955,0.0
7,2970,3.0
7,2981,1.0
7,2989,3.5
7,2993,3.0
7,3002,4.5
7,3008,3.5
7,3014,4.5
7,3016,1.5
7,3026,4.0
7,3029,2.0
7,3033,3.5
7,3036,2.5
7,3041,1.5
7,3046,3.0
7,3047,2.0
7,3050,2.0
7,3053,1.0
7,3072,1.5
7,3076,0.5
7,3078,3.0
7,3080,3.5
7,3093,1.0
7,3108,5.0
7,3116,0.5
7,3119,3.5
7,3122,3.5
7,3125,5.0
7,3126,0.5
7,3128,2.5
7,3131,2.0
7,3133,4.5
7,3138,0.0
7,3158,0.5
7,3166,0.0
7,3179,0.0
7,3184,5.0
7,3201,4.0
7,3209,1.0
7,3210,4.0
7,3212,1.0
7,3222,1.0
7,3223,4.0
7,3224,3.0
7,3226,1.5
7,3242,3.5
7,3247,3.5
7,3252,5.0
7,3255,3.5
7,3256,3.5
7,3258,1.5
7,3259,1.5
7,3265,1.5
7,3267,3.5
7,3275,4.0
7,3282,1.0
7,3284,3.0
7,3292,4.0
7,3297,4.5
7,3307,0.5
7,3310,2.0
7,3311,0.0
7,3316,1.0
7,3319,5.0
7,3322,0.5
7,3323,1.5
7,3325,1.0
7,3328,3.5
7,3342,0.0
7,3345,0.5
7,3348,5.0
7,3350,4.5
7,3356,2.0
7,3359,4.0
7,3367,4.0
7,3375,5.0
7,3383,1.0
7,3389,0.0
7,3392,4.5
7,3393,0.5
7,3400,3.5
7,3401,0.0
7,3406,1.0
7,3413,4.0
7,3414,1.0
7,3416,0.0
7,3418,3.0
7,3445,0.0
7,3447,1.0
7,3465,1.0
7,3470,4.5
7,3482,5.0
7,3494,3.0
7,3509,3.0
7,3515,1.0
7,3523,0.5
7,3527,4.5
7,3530,0.0
7,3554,4.5
7,3558,2.5
7,3563,4.5
7,3568,3.0
7,3572,1.0
7,3580,4.5
7,3592,4.0
7,3599,0.5
7,3605,1.5
7,3622,3.0
7,3627,3.5
7,3634,1.5
7,3643,3.0
7,3648,4.0
7,3651,1.0
7,3657,3.0
7,3661,1.5
7,3667,2.0
7,3675,4.0
7,3683,1.0
7,3693,3.5
7,3695,0.0
7,3703,2.0
7,3730,4.0
7,3732,2.0
7,3740,2.0
7,3741,1.5
7,3744,2.0
7,3750,2.5
7,3756,3.0
7,3762,1.0
7,3766,2.0
7,3780,2.0
7,3781,3.0
7,3792,0.0
7,3797,4.5
7,3812,2.0
7,3836,0.0
7,3843,3.5
7,3873,1.5
7,3881,1.0
7,3884,5.0
7,3889,3.5
7,3891,3.5
7,3894,4.0
7,3895,4.0
7,3906,4.5
7,3907,5.0
7,3938,1.5
7,3951,0.5
7,3957,2.5
7,3960,5.0
7,3965,4.0
7,3982,5.0
7,3994,0.5
7,3997,4.0
8,4,4.5
8,9,2.5
8,26,1.0
8,29,2.5
8,36,2.5
8,42,0.5
8,44,0.5
8,63,4.5
8,64,5.0
8,68,0.0
8,70,2.0
8,87,1.0
8,90,0.5
8,107,3.5
8,108,2.5
8,112,0.5
8,124,3.0
8,145,0.5
8,184,4.5
8,185,0.5
8,195,3.5
8,203,0.5
8,207,1.0
8,226,3.5
8,233,0.5
8,248,2.5
8,252,2.0
8,266,5.0
8,269,1.0
8,275,0.0
8,280,2.0
8,324,1.5
8,347,2.0
8,349,2.5
8,353,5.0
8,366,5.0
8,377,4.5
8,383,1.5
8,385,3.0
8,404,3.5
8,420,1.5
8,425,2.5
8,432,0.0
8,437,4.0
8,443,3.0
8,444,4.0
8,454,0.0
8,455,1.5
8,457,4.5
8,476,0.0
8,477,2.5
8,478,0.5
8,479,1.0
8,484,1.5
8,489,5.0
8,492,1.5
8,495,1.0
8,503,3.5
8,504,0.5
8,509,3.0
8,512,3.0
8,514,2.5
8,521,2.5
8,525,3.0
8,528,0.5
8,538,2.5
8,544,4.5
8,547,2.5
8,551,0.0
8,566,4.0
8,576,5.0
8,616,2.0
8,618,0.5
8,622,0.5
8,624,1.5
8,625,1.0
8,633,0.5
8,637,2.5
8,643,1.5
8,669,3.5
8,673,3.5
8,677,1.5
8,680,1.5
8,697,5.0
8,699,1.0
8,702,1.0
8,708,3.5
8,727,1.5
8,736,5.0
8,739,4.5
8,744,0.0
8,749,4.0
8,751,4.5
8,761,3.5
8,780,2.0
8,784,4.5
8,795,0.0
8,800,0.0
8,814,0.0
8,816,4.0
8,818,1.5
8,830,3.0
8,837,5.0
8,846,4.5
8,848,2.5
8,859,5.0
8,888,2.5
8,889,4.0
8,896,2.0
8,901,5.0
8,919,4.5
8,920,5.0
8,930,4.5
8,937,2.5
8,950,4.5
8,958,4.0
8,966,1.0
8,968,1.0
8,998,0.5
8,1002,2.0
8,1003,5.0
8,1005,0.0
8,1006,3.5
8,1013,1.0
8,1018,3.0
8,1019,2.0
8,1021,5.0
8,1035,2.0
8,1039,0.5
8,1063,3.0
8,1071,4.0
8,1087,2.0
8,1091,5.0
8,1101,3.0
8,1105,2.5
8,1109,3.5
8,1111,0.5
8,1112,1.0
8,1122,2.5
8,1132,3.5
8,1146,1.5
8,1150,4.5
8,1161,1.5
8,1166,1.5
8,1171,1.5
8,1194,3.0
8,1198,3.0
8,1199,3.0
8,1203,4.5
8,1206,4.5
8,1213,4.0
8,1215,2.0
8,1218,2.0
8,1219,1.5
8,1235,0.5
8,1249,3.0
8,1250,0.5
8,1253,1.5
8,1269,1.0
8,1279,3.5
8,1280,1.0
8,1284,0.5
8,1286,1.5
8,1291,4.0
8,1292,1.0
8,1302,4.5
8,1309,4.0
8,1313,1.0
8,1320,1.5
8,1334,4.5
8,1346,4.0
8,1352,2.5
8,1365,5.0
8,1371,2.5
8,1373,2.0
8,1383,5.0
8,1389,1.5
8,1401,5.0
8,1402,4.0
8,1411,2.0
8,1416,4.0
8,1423,3.0
8,1426,4.0
8,1447,3.0
8,1455,0.0
8,1463,3.0
8,1475,1.5
8,1483,2.5
8,1484,1.5
8,1496,1.0
8,1512,5.0
8,1515,3.0
8,1516,0.0
8,1532,2.5
8,1538,3.0
8,1547,2.5
8,1562,1.0
8,1577,0.0
8,1589,2.0
8,1601,2.0
8,1610,0.0
8,1615,1.5
8,1622,3.0
8,1627,0.5
8,1628,5.0
8,1635,4.0
8,1638,2.0
8,1639,4.0
8,1647,2.0
8,1653,3.0
8,1663,3.0
8,1664,0.0
8,1666,2.5
8,1672,0.0
8,1676,3.0
8,1677,3.0
8,1688,5.0
8,1690,0.0
8,1696,4.5
8,1698,4.0
8,1699,4.5
8,1701,4.5
8,1711,3.0
8,1716,1.5
8,1722,3.0
8,1724,5.0
8,1735,0.5
8,1737,1.5
8,1738,3.0
8,1740,1.5
8,1741,5.0
8,1764,2.0
8,1771,0.0
8,1776,2.0
8,1779,2.5
8,1813,2.5
8,1815,2.5
8,1819,0.0
8,1820,4.5
8,1841,5.0
8,1846,2.5
8,1849,1.5
8,1859,5.0
8,1865,2.0
8,1870,1.5
8,1900,1.0
8,1912,1.5
8,1920,2.0
8,1921,1.0
8,1939,4.0
8,1951,0.0
8,1959,1.0
8,1960,1.5
8,1963,2.0
8,1967,4.5
8,1968,0.5
8,1969,2.5
8,1970,3.0
8,1991,4.0
8,1995,2.0
8,1999,5.0
8,2018,2.0
8,2020,4.5
8,2025,2.5
8,2030,0.5
8,2043,0.0
8,2044,0.5
8,2056,0.5
8,2059,1.0
8,2062,5.0
8,2067,0.0
8,2087,3.5
8,2095,2.5
8,2099,0.5
8,2102,5.0
8,2106,1.0
8,2109,0.0
8,2114,3.0
8,2117,0.0
8,2135,5.0
8,2143,0.0
8,2164,1.5
8,2166,2.5
8,2173,4.0
8,2187,1.5
8,2189,5.0
8,2190,4.5
8,2202,4.5
8,2209,0.5
8,2216,3.5
8,2218,4.0
8,2219,3.5
8,2220,0.0
8,2228,4.5
8,2232,3.5
8,2267,1.0
8,2272,1.0
8,2277,0.0
8,2280,5.0
8,2285,1.0
8,2288,2.5
8,2289,1.0
8,2298,5.0
8,2304,5.0
8,2334,1.0
8,2341,4.5
8,2343,5.0
8,2353,0.5
8,2358,4.5
8,2359,3.5
8,2367,2.5
8,2394,0.0
8,2410,5.0
8,2414,5.0
8,2426,0.0
8,2444,0.0
8,2452,5.0
8,2456,5.0
8,2470,1.0
8,2471,4.0
8,2472,2.5
8,2476,4.0
8,2478,3.5
8,2491,0.5
8,2492,1.5
8,2496,0.5
8,2499,0.5
8,2508,1.0
8,2525,3.5
8,2544,4.0
8,2563,2.0
8,2574,3.0
8,2577,3.0
8,2592,4.0
8,2596,2.0
8,2597,4.0
8,2604,3.5
8,2612,4.0
8,2623,5.0
8,2625,3.5
8,2626,0.5
8,2636,4.5
8,2638,0.5
8,2649,3.0
8,2650,2.0
8,2653,1.5
8,2659,0.5
8,2686,0.0
8,2688,4.5
8,2697,3.5
8,2698,3.5
8,2699,2.0
8,2700,2.0
8,2735,2.5
8,2744,2.5
8,2755,1.0
8,2758,0.5
8,2767,4.0
8,2771,5.0
8,2794,3.0
8,2799,5.0
8,2802,4.0
8,2864,5.0
8,2867,4.0
8,2874,4.0
8,2877,3.0
8,2885,0.5
8,2902,4.0
8,2914,1.0
8,2924,4.0
8,2932,1.0
8,2934,1.5
8,2936,1.0
8,2941,2.5
8,2953,3.5
8,2954,4.0
8,2962,3.5
8,2975,1.5
8,2976,3.0
8,2977,3.0
8,2992,4.5
8,2993,4.5
8,3002,3.5
8,3008,1.0
8,3014,2.5
8,3026,1.5
8,3033,4.0
8,3044,3.0
8,3046,4.0
8,3054,1.0
8,3055,3.0
8,3093,4.5
8,3102,0.5
8,3104,3.5
8,3106,2.0
8,3109,0.0
8,3113,1.5
8,3117,4.5
8,3122,2.0
8,3147,0.5
8,3166,3.0
8,3168,4.0
8,3169,4.5
8,3179,1.5
8,3184,4.0
8,3201,1.0
8,3206,1.5
8,3208,4.5
8,3212,4.0
8,3223,2.0
8,3231,3.5
8,3237,1.0
8,3239,1.0
8,3252,2.5
8,3255,4.0
8,3263,4.0
8,3267,5.0
8,3272,3.5
8,3280,4.5
8,3305,2.0
8,3307,2.0
8,3310,1.5
8,3313,1.0
8,3319,3.5
8,3322,5.0
8,3325,5.0
8,3327,1.5
8,3328,0.5
8,3335,4.0
8,3342,1.0
8,3345,5.0
8,3347,0.0
8,3349,4.0
8,3356,5.0
8,3359,1.5
8,3365,3.5
8,3367,1.0
8,3376,1.0
8,3393,4.5
8,3396,0.5
8,3402,1.5
8,3406,2.0
8,3414,3.0
8,3416,2.0
8,3428,5.0
8,3446,1.5
8,3456,0.5
8,3470,3.0
8,3482,0.0
8,3494,4.5
8,3500,0.5
8,3504,1.5
8,3507,2.5
8,3509,4.0
8,3510,5.0
8,3521,0.5
8,3523,3.5
8,3527,2.5
8,3530,0.5
8,3533,3.5
8,3536,0.5
8,3539,2.0
8,3542,5.0
8,3554,0.5
8,3558,3.0
8,3578,0.0
8,3580,4.5
8,3581,0.0
8,3608,4.5
8,3619,3.5
8,3624,2.0
8,3627,5.0
8,3639,1.0
8,3640,4.0
8,3644,4.0
8,3646,3.0
8,3647,3.5
8,3651,0.0
8,3657,1.5
8,3658,2.5
8,3661,4.0
8,3669,0.0
8,3676,3.0
8,3683,4.5
8,3693,2.5
8,3703,1.0
8,3705,5.0
8,3730,5.0
8,3732,2.0
8,3739,3.5
8,3741,1.0
8,3742,0.0
8,3744,2.0
8,3750,2.5
8,3759,3.0
8,3770,2.0
8,3781,2.0
8,3791,0.5
8,3797,3.5
8,3821,4.0
8,3823,1.0
8,3826,5.0
8,3836,1.0
8,3843,3.0
8,3852,1.0
8,3860,1.0
8,3865,3.0
8,3874,4.5
8,3875,5.0
8,3884,1.5
8,3886,1.0
8,3891,2.0
8,3894,3.0
8,3895,5.0
8,3903,3.0
8,3906,2.5
8,3907,1.0
8,3918,0.0
8,3938,3.5
8,3951,4.5
8,3957,4.5
8,3965,5.0
8,3981,4.5
8,3982,4.0
8,3983,4.5
8,3986,3.0
8,3987,2.5
8,3994,3.5
8,3997,4.0
9,11,4.5
9,20,4.5
9,26,0.0
9,29,4.5
9,32,5.0
9,42,2.0
9,45,4.0
9,49,2.5
9,55,4.5
9,64,1.0
9,68,1.0
9,76,2.0
9,81,0.0
9,95,4.0
9,107,2.5
9,110,3.0
9,115,4.0
9,116,5.0
9,124,4.0
9,140,2.0
9,142,3.0
9,145,3.0
9,148,2.5
9,149,3.5
9,152,4.5
9,161,4.5
9,190,0.5
9,203,4.5
9,209,2.5
9,215,1.0
9,226,4.5
9,229,2.5
9,235,2.0
9,242,3.5
9,243,4.0
9,252,4.5
9,264,0.5
9,266,0.5
9,269,2.5
9,273,1.5
9,277,5.0
9,288,1.5
9,297,0.0
9,322,3.0
9,324,0.5
9,336,2.5
9,358,4.0
9,375,1.5
9,377,4.5
9,383,2.5
9,401,2.0
9,413,3.0
9,420,4.0
9,421,1.5
9,425,3.0
9,432,4.0
9,437,0.0
9,444,3.0
9,454,4.5
9,455,2.0
9,457,5.0
9,458,3.5
9,466,2.5
9,476,4.5
9,477,3.5
9,479,1.0
9,480,4.0
9,484,5.0
9,503,3.5
9,504,3.0
9,509,2.0
9,517,0.0
9,521,1.5
9,534,5.0
9,541,3.5
9,544,0.0
9,547,5.0
9,562,1.0
9,563,4.5
9,598,2.5
9,606,1.0
9,616,3.0
9,618,1.5
9,619,2.5
9,622,3.0
9,624,1.5
9,633,4.5
9,636,4.0
9,637,2.5
9,642,2.0
9,658,1.5
9,680,3.5
9,681,2.0
9,696,2.0
9,716,1.0
9,727,1.0
9,729,0.5
9,733,0.5
9,737,3.5
9,755,2.0
9,762,3.5
9,764,2.0
9,768,1.5
9,775,5.0
9,778,3.5
9,786,3.0
9,802,2.0
9,806,3.0
9,816,4.5
9,818,3.5
9,834,3.5
9,838,4.5
9,846,2.0
9,848,1.5
9,859,4.5
9,879,4.5
9,886,4.5
9,889,4.0
9,894,0.0
9,901,4.5
9,904,1.0
9,911,4.5
9,916,3.5
9,919,0.0
9,920,4.5
9,927,0.0
9,937,2.5
9,941,1.0
9,949,2.5
9,966,4.5
9,967,1.0
9,968,3.0
9,972,0.0
9,1002,2.0
9,1003,5.0
9,1004,5.0
9,1005,0.5
9,1006,1.5
9,1008,3.5
9,1018,0.0
9,1025,4.0
9,1041,4.5
9,1047,0.5
9,1057,5.0
9,1062,0.5
9,1063,0.0
9,1068,1.0
9,1076,2.5
9,1091,5.0
9,1109,2.5
9,1110,3.0
9,1112,4.5
9,1122,1.5
9,1132,3.0
9,1137,1.5
9,1145,0.5
9,1150,2.5
9,1180,0.5
9,1197,2.0
9,1198,0.0
9,1199,3.5
9,1203,5.0
9,1204,3.5
9,1215,5.0
9,1219,2.0
9,1240,2.5
9,1245,4.5
9,1250,0.0
9,1258,5.0
9,1269,5.0
9,1274,4.0
9,1279,4.5
9,1282,0.5
9,1286,0.0
9,1293,0.0
9,1302,2.0
9,1352,4.5
9,1358,1.0
9,1376,3.5
9,1383,3.0
9,1386,0.0
9,1387,2.0
9,1395,5.0
9,1401,1.5
9,1405,0.0
9,1410,0.0
9,1412,4.0
9,1421,4.0
9,1433,0.5
9,1437,0.5
9,1442,1.0
9,1455,4.5
9,1463,3.5
9,1467,1.5
9,1475,1.5
9,1512,1.5
9,1518,3.0
9,1531,3.5
9,1540,3.5
9,1544,4.5
9,1547,4.5
9,1561,2.0
9,1574,2.5
9,1588,0.0
9,1589,3.5
9,1610,1.5
9,1616,3.0
9,1628,4.5
9,1630,2.5
9,1638,0.5
9,1639,3.5
9,1649,2.5
9,1653,3.5
9,1659,3.0
9,1663,4.0
9,1666,4.0
9,1676,1.0
9,1681,0.5
9,1703,3.5
9,1710,0.0
9,1716,1.5
9,1717,1.0
9,1722,5.0
9,1727,2.5
9,1735,3.0
9,1751,2.5
9,1754,0.5
9,1764,2.0
9,1766,4.0
9,1771,1.0
9,1779,1.5
9,1783,3.5
9,1800,2.0
9,1808,0.0
9,1815,3.5
9,1816,1.0
9,1818,1.5
9,1819,1.0
9,1820,3.5
9,1823,4.5
9,1847,3.5
9,1859,5.0
9,1866,4.5
9,1872,3.5
9,1874,2.5
9,1880,3.5
9,1900,5.0
9,1912,2.5
9,1913,4.0
9,1918,4.0
9,1949,2.5
9,1963,4.0
9,1967,2.5
9,1970,4.0
9,1991,2.5
9,1995,0.5
9,1997,1.0
9,2011,2.5
9,2018,2.0
9,2023,5.0
9,2028,0.5
9,2032,3.0
9,2036,4.0
9,2040,1.0
9,2043,1.0
9,2055,4.0
9,2056,3.0
9,2059,2.5
9,2060,4.0
9,2067,5.0
9,2071,4.5
9,2080,3.5
9,2099,0.0
9,2105,1.5
9,2109,3.5
9,2117,4.0
9,2118,0.5
9,2143,4.5
9,2144,1.0
9,2146,3.5
9,2163,2.0
9,2166,2.5
9,2173,3.0
9,2179,4.0
9,2187,1.5
9,2201,3.5
9,2216,5.0
9,2218,1.0
9,2224,3.0
9,2228,0.5
9,2231,3.5
9,2240,1.0
9,2246,2.0
9,2251,3.5
9,2261,1.5
9,2271,4.5
9,2275,2.5
9,2278,5.0
9,2280,5.0
9,2285,0.0
9,2288,4.0
9,2289,0.0
9,2292,5.0
9,2294,4.5
9,2295,1.0
9,2298,1.0
9,2304,1.0
9,2308,0.0
9,2310,4.5
9,2314,0.5
9,2319,5.0
9,2320,1.0
9,2334,4.5
9,2339,1.0
9,2348,3.0
9,2351,5.0
9,2358,5.0
9,2368,2.0
9,2394,4.5
9,2403,1.5
9,2409,1.0
9,2410,3.5
9,2411,1.0
9,2416,1.5
9,2417,2.0
9,2426,3.0
9,2431,3.5
9,2432,4.0
9,2436,2.0
9,2438,2.5
9,2452,2.0
9,2470,5.0
9,2476,3.0
9,2482,0.5
9,2495,4.5
9,2499,0.0
9,2508,4.5
9,2512,5.0
9,2525,1.0
9,2556,1.5
9,2566,0.0
9,2577,3.0
9,2589,3.0
9,2596,3.5
9,2614,0.0
9,2616,4.0
9,2619,0.0
9,2626,2.0
9,2637,3.0
9,2649,5.0
9,2650,1.0
9,2653,4.0
9,2659,3.0
9,2667,0.5
9,2675,1.5
9,2679,0.0
9,2681,0.5
9,2682,4.5
9,2686,2.5
9,2697,1.0
9,2698,3.5
9,2699,4.0
9,2705,0.5
9,2718,0.0
9,2741,3.5
9,2747,0.0
9,2748,1.5
9,2755,0.5
9,2757,3.5
9,2758,2.5
9,2761,5.0
9,2794,4.5
9,2799,4.5
9,2802,5.0
9,2804,0.0
9,2812,0.0
9,2813,5.0
9,2825,1.5
9,2828,1.0
9,2829,4.0
9,2834,4.5
9,2837,4.0
9,2849,2.5
9,2851,4.0
9,2852,2.0
9,2858,0.0
9,2867,3.5
9,2876,5.0
9,2893,2.5
9,2910,4.0
9,2914,3.0
9,2924,4.5
9,2941,3.0
9,2951,1.5
9,2953,5.0
9,2955,2.0
9,2958,3.0
9,2960,1.0
9,2962,1.0
9,2975,1.5
9,2976,3.0
9,2993,0.0
9,3002,4.0
9,3016,0.5
9,3026,2.0
9,3036,1.5
9,3041,4.5
9,3046,4.0
9,3055,1.5
9,3072,0.0
9,3074,0.0
9,3080,3.5
9,3093,5.0
9,3101,4.5
9,3102,2.0
9,3108,5.0
9,3109,1.5
9,3110,0.5
9,3113,0.0
9,3114,5.0
9,3116,4.0
9,3128,2.0
9,3131,1.5
9,3138,5.0
9,3142,0.5
9,3154,4.5
9,3155,1.5
9,3158,2.0
9,3168,1.0
9,3169,4.0
9,3194,1.0
9,3198,2.0
9,3201,4.5
9,3209,0.0
9,3210,1.5
9,3212,5.0
9,3222,0.5
9,3223,1.5
9,3226,0.5
9,3231,4.0
9,3232,4.0
9,3237,1.0
9,3239,3.0
9,3256,4.0
9,3265,2.0
9,3267,0.5
9,3272,2.0
9,3284,3.0
9,3297,2.0
9,3298,0.5
9,3313,2.0
9,3319,2.0
9,3321,4.5
9,3322,5.0
9,3323,0.5
9,3345,0.5
9,3349,0.0
9,3355,1.0
9,3359,2.5
9,3361,5.0
9,3370,3.0
9,3384,3.5
9,3386,1.5
9,3389,1.0
9,3392,5.0
9,3402,0.0
9,3406,0.0
9,3414,4.5
9,3418,2.0
9,3445,3.5
9,3446,0.5
9,3448,1.0
9,3458,3.0
9,3465,5.0
9,3470,0.5
9,3482,1.5
9,3487,3.0
9,3494,2.0
9,3495,3.5
9,3503,0.5
9,3504,2.5
9,3510,3.0
9,3523,2.0
9,3532,2.5
9,3554,5.0
9,3555,5.0
9,3580,0.5
9,3599,4.0
9,3608,1.5
9,3619,0.5
9,3627,3.5
9,3648,1.5
9,3651,0.5
9,3657,2.0
9,3667,3.0
9,3669,0.5
9,3676,4.5
9,3683,4.0
9,3695,4.5
9,3701,0.0
9,3712,1.0
9,3717,3.5
9,3730,4.0
9,3732,3.0
9,3735,1.5
9,3739,5.0
9,3747,5.0
9,3756,1.0
9,3762,2.5
9,3770,2.5
9,3780,2.5
9,3781,2.5
9,3859,2.0
9,3865,4.0
9,3867,1.0
9,3873,3.0
9,3875,1.0
9,3889,2.0
9,3903,1.5
9,3906,4.0
9,3970,5.0
9,3983,2.0
9,3986,4.0
9,3994,0.5
9,3997,2.0
10,9,3.0
10,11,1.5
10,20,0.0
10,23,0.0
10,34,3.5
10,42,4.0
10,45,0.5
10,55,2.5
10,62,4.0
10,70,2.0
10,76,0.5
10,90,5.0
10,95,4.5
10,108,3.0
10,110,1.0
10,133,3.5
10,142,2.5
10,148,2.0
10,149,2.5
10,161,3.0
10,165,2.5
10,209,4.0
10,215,2.5
10,226,3.5
10,229,3.0
10,242,4.0
10,243,2.5
10,252,4.5
10,256,3.5
10,266,4.5
10,273,1.5
10,274,1.0
10,277,3.5
10,280,0.0
10,295,5.0
10,298,5.0
10,303,2.0
10,314,2.0
10,322,5.0
10,327,2.0
10,336,2.5
10,347,0.0
10,349,3.5
10,366,1.5
10,371,2.5
10,377,1.5
10,383,4.5
10,389,3.0
10,404,1.5
10,409,0.0
10,411,3.0
10,432,2.5
10,444,4.0
10,451,2.0
10,457,3.5
10,458,5.0
10,466,1.0
10,476,3.5
10,482,4.0
10,484,1.0
10,489,4.0
10,492,4.5
10,495,4.5
10,503,3.0
10,504,1.0
10,509,2.0
10,515,3.5
10,517,3.5
10,525,4.0
10,534,5.0
10,538,0.5
10,540,1.0
10,547,0.5
10,562,4.5
10,563,3.5
10,566,0.5
10,596,3.0
10,598,3.0
10,600,0.0
10,602,3.5
10,616,2.5
10,618,0.5
10,619,0.0
10,625,4.0
10,626,5.0
10,632,0.5
10,636,1.5
10,637,0.0
10,642,3.0
10,646,3.5
10,647,3.5
10,651,1.0
10,668,5.0
10,669,1.0
10,673,0.5
10,680,1.5
10,681,0.5
10,685,0.0
10,696,4.0
10,697,2.5
10,716,3.5
10,729,3.0
10,732,0.5
10,738,4.0
10,749,2.0
10,751,3.5
10,755,0.5
10,761,5.0
10,762,2.5
10,764,4.5
10,768,1.0
10,775,2.0
10,778,3.0
10,786,1.5
10,788,4.0
10,802,4.0
10,806,2.0
10,814,1.0
10,815,0.0
10,819,3.5
10,830,1.5
10,834,2.5
10,837,1.5
10,846,1.5
10,848,2.0
10,858,0.0
10,873,3.5
10,879,1.5
10,889,5.0
10,896,2.0
10,911,4.5
10,930,0.0
10,937,5.0
10,946,4.0
10,950,1.5
10,955,1.0
10,967,5.0
10,969,5.0
10,976,1.5
10,998,1.0
10,1003,5.0
10,1005,4.5
10,1006,1.5
10,1008,2.0
10,1013,3.0
10,1018,4.5
10,1019,3.0
10,1025,0.0
10,1028,3.5
10,1068,3.0
10,1087,3.5
10,1100,1.5
10,1109,3.0
10,1112,0.5
10,1122,0.0
10,1128,1.0
10,1129,2.5
10,1137,0.5
10,1146,4.0
10,1171,2.0
10,1180,2.0
10,1183,3.5
10,1191,2.5
10,1204,4.0
10,1208,3.0
10,1213,0.5
10,1218,1.5
10,1219,2.0
10,1226,5.0
10,1235,4.0
10,1240,0.5
10,1250,2.0
10,1251,0.0
10,1261,5.0
10,1269,5.0
10,1279,2.0
10,1284,4.5
10,1286,0.0
10,1308,1.5
10,1309,1.5
10,1313,0.0
10,1333,1.0
10,1358,1.0
10,1366,2.0
10,1371,1.0
10,1376,2.5
10,1386,4.0
10,1395,2.0
10,1408,5.0
10,1410,3.5
10,1411,4.0
10,1416,4.5
10,1421,3.0
10,1431,2.5
10,1447,2.0
10,1455,0.0
10,1475,0.5
10,1480,0.5
10,1483,0.5
10,1484,3.0
10,1491,2.5
10,1496,5.0
10,1501,0.0
10,1516,0.5
10,1520,4.5
10,1523,2.0
10,1538,0.5
10,1540,4.5
10,1547,5.0
10,1562,4.0
10,1602,4.5
10,1608,5.0
10,1623,0.0
10,1630,5.0
10,1635,1.0
10,1638,5.0
10,1639,1.5
10,1643,4.5
10,1653,4.5
10,1654,4.0
10,1659,0.0
10,1666,0.5
10,1672,3.5
10,1676,4.0
10,1682,0.5
10,1688,4.0
10,1690,0.5
10,1693,0.5
10,1694,0.5
10,1696,1.5
10,1699,3.5
10,1710,0.0
10,1716,2.5
10,1717,1.5
10,1727,3.0
10,1737,0.5
10,1740,0.0
10,1750,1.0
10,1754,1.5
10,1764,3.5
10,1770,0.0
10,1783,1.0
10,1794,3.0
10,1800,2.5
10,1808,3.0
10,1813,3.5
10,1815,4.0
10,1818,4.0
10,1819,0.0
10,1820,4.5
10,1823,1.5
10,1838,4.0
10,1841,1.5
10,1849,2.5
10,1850,1.0
10,1865,4.0
10,1878,2.5
10,1887,3.0
10,1894,1.0
10,1912,0.0
10,1920,2.5
10,1921,4.0
10,1928,1.5
10,1936,5.0
10,1939,2.5
10,1954,3.5
10,1959,2.0
10,1967,3.0
10,1968,3.5
10,1969,5.0
10,1970,1.5
10,1971,3.5
10,1980,3.0
10,1991,1.5
10,1999,1.5
10,2018,0.5
10,2023,4.5
10,2032,0.5
10,2044,0.0
10,2056,3.0
10,2062,3.5
10,2067,3.0
10,2069,4.0
10,2071,1.0
10,2078,5.0
10,2081,2.0
10,2083,0.0
10,2087,0.0
10,2095,4.0
10,2099,2.0
10,2102,0.5
10,2106,4.5
10,2109,2.5
10,2114,4.0
10,2117,0.5
10,2118,3.0
10,2144,4.0
10,2165,5.0
10,2195,2.5
10,2216,4.0
10,2218,1.0
10,2219,2.5
10,2231,2.5
10,2232,1.0
10,2246,3.0
10,2251,3.5
10,2254,3.5
10,2264,4.0
10,2267,0.5
10,2271,3.0
10,2272,2.5
10,2275,3.0
10,2276,3.0
10,2280,3.5
10,2285,0.5
10,2289,1.0
10,2292,4.0
10,2297,4.5
10,2298,5.0
10,2310,4.0
10,2317,4.0
10,2334,3.0
10,2341,3.5
10,2346,4.0
10,2348,1.5
10,2351,5.0
10,2353,4.0
10,2359,1.0
10,2363,5.0
10,2368,4.5
10,2385,5.0
10,2387,0.5
10,2409,3.0
10,2411,4.5
10,2436,4.5
10,2446,3.5
10,2452,4.0
10,2456,2.0
10,2470,0.0
10,2471,2.0
10,2478,5.0
10,2482,3.0
10,2491,2.0
10,2492,3.0
10,2493,4.5
10,2496,5.0
10,2499,1.5
10,2503,2.0
10,2508,4.0
10,2514,1.5
10,2544,0.0
10,2559,3.0
10,2566,1.5
10,2588,3.5
10,2592,3.5
10,2596,1.0
10,2612,1.0
10,2616,0.5
10,2619,3.5
10,2624,2.5
10,2625,2.5
10,2626,3.0
10,2633,0.0
10,2638,4.0
10,2650,1.0
10,2667,3.5
10,2676,1.0
10,2681,0.0
10,2688,5.0
10,2694,4.5
10,2697,0.0
10,2698,0.0
10,2718,4.0
10,2725,1.5
10,2730,4.0
10,2735,1.5
10,2741,4.0
10,2743,4.5
10,2744,1.5
10,2748,1.0
10,2757,4.0
10,2761,3.0
10,2763,3.5
10,2767,5.0
10,2780,1.5
10,2781,5.0
10,2796,1.5
10,2804,3.5
10,2812,1.5
10,2813,1.0
10,2818,0.5
10,2825,3.0
10,2828,3.5
10,2842,2.0
10,2849,3.0
10,2851,2.5
10,2852,0.0
10,2866,4.0
10,2867,4.5
10,2874,0.5
10,2876,3.0
10,2885,3.0
10,2890,0.0
10,2893,1.5
10,2910,4.5
10,2912,1.5
10,2916,3.0
10,2924,0.0
10,2926,3.0
10,2933,2.5
10,2941,1.5
10,2958,0.0
10,2960,0.5
10,2970,3.0
10,2975,4.5
10,2976,4.0
10,2981,2.0
10,3014,2.5
10,3017,2.5
10,3026,1.5
10,3033,1.0
10,3036,2.0
10,3041,2.5
10,3042,3.5
10,3043,3.0
10,3044,0.5
10,3046,5.0
10,3050,4.0
10,3051,0.5
10,3052,0.5
10,3054,2.0
10,3072,1.5
10,3076,5.0
10,3078,0.0
10,3080,5.0
10,3093,3.5
10,3102,2.5
10,3104,4.0
10,3108,0.0
10,3109,3.5
10,3110,0.0
10,3113,1.0
10,3119,2.0
10,3121,5.0
10,3122,0.0
10,3134,0.0
10,3158,1.0
10,3162,4.0
10,3191,3.5
10,3198,3.0
10,3203,2.5
10,3206,1.5
10,3208,3.5
10,3209,4.0
10,3210,1.5
10,3215,4.0
10,3222,3.0
10,3231,1.5
10,3232,3.0
10,3252,2.5
10,3255,0.0
10,3275,3.5
10,3298,3.5
10,3300,2.5
10,3310,2.5
10,3311,3.0
10,3313,4.5
10,3316,2.5
10,3319,0.5
10,3321,4.0
10,3322,0.0
10,3328,3.5
10,3345,4.0
10,3347,3.5
10,3355,1.5
10,3367,1.0
10,3383,3.0
10,3384,1.0
10,3386,2.5
10,3389,0.5
10,3396,2.5
10,3402,3.5
10,3410,0.5
10,3414,0.5
10,3416,1.5
10,3418,0.5
10,3423,4.0
10,3428,5.0
10,3447,3.0
10,3455,0.0
10,3458,4.5
10,3470,2.0
10,3482,2.0
10,3500,2.0
10,3510,1.5
10,3515,5.0
10,3527,0.5
10,3536,3.5
10,3539,4.5
10,3563,4.5
10,3566,4.0
10,3568,3.0
10,3572,3.5
10,3578,0.5
10,3581,4.5
10,3599,1.0
10,3605,0.0
10,3610,4.0
10,3619,0.5
10,3627,0.0
10,3629,4.5
10,3634,1.0
10,3639,0.5
10,3640,4.5
10,3643,4.5
10,3644,1.5
10,3646,5.0
10,3647,5.0
10,3657,3.0
10,3667,2.5
10,3675,4.0
10,3676,5.0
10,3693,2.5
10,3695,4.0
10,3701,1.0
10,3703,4.5
10,3705,1.5
10,3730,0.5
10,3739,3.5
10,3741,4.0
10,3742,2.5
10,3747,2.0
10,3750,0.5
10,3756,3.5
10,3762,1.0
10,3780,1.5
10,3781,0.0
10,3791,5.0
10,3792,1.5
10,3797,3.5
10,3812,4.5
10,3821,1.0
10,3822,0.0
10,3826,1.5
10,3836,0.0
10,3841,1.5
10,3856,2.0
10,3859,1.0
10,3860,4.0
10,3865,5.0
10,3867,4.0
10,3873,1.0
10,3881,3.5
10,3884,3.0
10,3886,3.0
10,3889,2.0
10,3891,4.5
10,3894,5.0
10,3906,0.0
10,3907,0.5
10,3951,0.5
10,3965,4.5
10,3970,2.0
10,3981,2.5
10,3982,1.5
10,3983,5.0
11,4,2.5
11,6,3.5
11,9,1.0
11,11,4.0
11,19,4.5
11,26,2.5
11,28,5.0
11,29,0.5
11,32,1.0
11,42,1.0
11,45,4.0
11,49,4.0
11,63,1.0
11,64,2.0
11,76,2.5
11,86,2.5
11,87,2.0
11,90,5.0
11,105,1.0
11,115,4.5
11,124,2.5
11,133,4.5
11,140,1.0
11,142,4.5
11,143,4.0
11,148,0.0
11,149,4.0
11,167,4.0
11,171,3.0
11,184,2.5
11,185,1.0
11,203,4.5
11,233,2.0
11,241,2.0
11,243,1.5
11,248,0.5
11,250,2.0
11,252,3.5
11,256,3.5
11,264,2.5
11,274,0.0
11,277,4.5
11,295,3.5
11,297,5.0
11,314,0.5
11,324,3.5
11,327,0.5
11,336,1.5
11,349,2.5
11,362,1.0
11,373,3.5
11,377,1.5
11,385,3.0
11,390,0.5
11,400,5.0
11,404,2.5
11,409,2.0
11,413,3.0
11,414,4.5
11,420,4.5
11,421,5.0
11,432,1.5
11,454,5.0
11,455,4.0
11,470,1.0
11,477,2.5
11,478,1.5
11,489,3.5
11,495,0.5
11,503,3.5
11,538,1.0
11,540,2.5
11,562,2.5
11,566,0.5
11,573,1.5
11,576,2.0
11,582,4.5
11,596,3.0
11,598,3.0
11,600,1.0
11,602,3.0
11,616,3.5
11,626,3.5
11,632,4.5
11,633,3.0
11,642,2.5
11,643,2.5
11,647,2.5
11,658,3.5
11,668,3.5
11,673,5.0
11,677,5.0
11,679,2.0
11,680,2.5
11,696,0.0
11,702,3.5
11,708,2.5
11,716,1.0
11,733,4.5
11,736,1.0
11,738,2.5
11,749,1.5
11,754,4.5
11,762,5.0
11,768,3.0
11,780,4.5
11,784,1.0
11,789,0.0
11,795,2.0
11,800,1.0
11,814,3.0
11,816,2.5
11,831,2.5
11,838,2.0
11,846,5.0
11,848,3.0
11,850,2.0
11,858,1.0
11,859,0.5
11,879,3.0
11,880,4.0
11,883,2.5
11,884,1.0
11,885,4.0
11,889,1.5
11,894,0.0
11,896,4.5
11,911,2.0
11,919,1.5
11,920,1.0
11,930,0.0
11,949,1.5
11,950,3.0
11,955,1.5
11,976,1.0
11,987,5.0
11,998,2.0
11,1002,3.0
11,1003,0.0
11,1006,3.5
11,1019,0.5
11,1028,1.5
11,1049,5.0
11,1058,1.0
11,1062,1.5
11,1076,0.0
11,1082,1.0
11,1100,3.0
11,1111,3.5
11,1114,4.0
11,1145,3.5
11,1159,2.0
11,1166,3.0
11,1171,1.0
11,1199,4.0
11,1204,3.0
11,1206,4.5
11,1208,3.0
11,1219,4.5
11,1226,1.5
11,1240,1.0
11,1245,0.5
11,1253,2.0
11,1274,5.0
11,1278,1.0
11,1279,0.0
11,1280,2.5
11,1284,1.5
11,1286,2.0
11,1293,5.0
11,1316,3.5
11,1329,1.5
11,1342,0.5
11,1366,0.0
11,1371,2.5
11,1373,4.0
11,1376,3.0
11,1386,2.5
11,1387,4.5
11,1401,3.5
11,1402,1.5
11,1410,3.0
11,1411,3.0
11,1421,4.5
11,1423,2.5
11,1429,3.0
11,1431,0.5
11,1442,3.5
11,1444,4.0
11,1446,5.0
11,1447,2.0
11,1455,3.5
11,1467,0.5
11,1480,1.5
11,1483,3.0
11,1491,5.0
11,1500,4.5
11,1514,2.5
11,1515,1.5
11,1516,3.5
11,1518,0.0
11,1520,3.0
11,1529,3.5
11,1531,0.0
11,1538,3.5
11,1540,4.0
11,1542,3.0
11,1544,4.5
11,1561,3.5
11,1562,1.0
11,1574,2.0
11,1585,0.5
11,1588,0.0
11,1589,4.5
11,1608,4.0
11,1610,4.0
11,1615,2.5
11,1616,4.5
11,1624,2.5
11,1630,2.0
11,1638,0.5
11,1643,3.0
11,1647,0.5
11,1649,5.0
11,1653,0.0
11,1672,1.0
11,1677,1.5
11,1680,2.5
11,1681,2.0
11,1693,0.0
11,1698,5.0
11,1699,1.0
11,1716,2.5
11,1717,0.0
11,1722,3.0
11,1724,4.5
11,1735,1.5
11,1738,2.0
11,1741,0.0
11,1750,0.5
11,1751,4.5
11,1760,3.5
11,1764,3.0
11,1766,2.0
11,1776,0.0
11,1779,5.0
11,1781,4.0
11,1791,4.5
11,1802,2.0
11,1813,0.0
11,1815,0.0
11,1816,3.5
11,1820,5.0
11,1823,2.5
11,1832,4.5
11,1833,4.5
11,1841,2.5
11,1842,2.5
11,1846,1.5
11,1866,0.5
11,1870,5.0
11,1874,3.0
11,1878,3.0
11,1880,4.0
11,1887,3.5
11,1894,5.0
11,1920,3.5
11,1928,1.0
11,1959,0.5
11,1963,4.5
11,1968,2.5
11,1971,3.5
11,1980,1.5
11,1988,3.5
11,1995,1.5
11,1996,4.0
11,1997,0.5
11,2020,0.5
11,2030,0.0
11,2043,3.0
11,2056,0.0
11,2060,0.0
11,2062,0.5
11,2067,0.5
11,2069,1.0
11,2078,5.0
11,2080,0.0
11,2081,5.0
11,2083,4.5
11,2087,3.5
11,2095,4.5
11,2096,4.0
11,2117,0.0
11,2118,1.5
11,2134,4.5
11,2142,3.0
11,2143,1.0
11,2146,1.0
11,2160,3.5
11,2163,2.0
11,2173,3.0
11,2179,4.5
11,2181,1.5
11,2190,4.5
11,2202,1.0
11,2216,4.5
11,2218,4.5
11,2224,4.5
11,2228,2.0
11,2232,4.0
11,2242,0.5
11,2251,4.0
11,2257,1.5
11,2261,1.5
11,2271,4.0
11,2272,0.5
11,2273,0.5
11,2275,4.0
11,2277,4.5
11,2278,5.0
11,2281,1.0
11,2285,4.0
11,2292,5.0
11,2294,0.0
11,2297,1.5
11,2298,3.0
11,2308,2.5
11,2310,0.5
11,2317,0.0
11,2319,5.0
11,2320,3.5
11,2334,0.5
11,2337,4.0
11,2341,2.5
11,2343,3.5
11,2348,4.0
11,2353,1.5
11,2358,1.5
11,2363,4.0
11,2368,4.0
11,2382,5.0
11,2385,1.5
11,2394,0.5
11,2409,3.5
11,2414,4.5
11,2416,2.5
11,2438,3.5
11,2444,3.5
11,2446,1.0
11,2469,5.0
11,2471,2.5
11,2478,0.5
11,2495,4.5
11,2508,0.0
11,2541,2.5
11,2559,3.5
11,2577,1.0
11,2589,5.0
11,2592,4.5
11,2604,0.5
11,2614,4.0
11,2619,0.5
11,2626,3.5
11,2638,0.0
11,2649,0.5
11,2650,3.5
11,2659,4.0
11,2667,1.5
11,2675,1.5
11,2676,2.0
11,2679,2.0
11,2697,4.0
11,2698,5.0
11,2700,4.0
11,2712,5.0
11,2730,2.0
11,2735,1.0
11,2743,2.5
11,2747,3.0
11,2748,4.0
11,2758,4.5
11,2767,2.0
11,2771,0.5
11,2779,1.0
11,2780,3.0
11,2781,4.0
11,2785,1.0
11,2796,4.5
11,2799,0.0
11,2804,2.5
11,2812,1.5
11,2825,1.0
11,2828,2.5
11,2837,1.5
11,2842,3.0
11,2849,5.0
11,2851,0.0
11,2852,3.5
11,2858,0.5
11,2860,5.0
11,2874,3.0
11,2885,0.0
11,2890,1.5
11,2910,3.5
11,2914,0.0
11,2916,3.0
11,2919,5.0
11,2924,4.5
11,2936,3.0
11,2951,0.0
11,2953,0.0
11,2954,1.0
11,2962,1.5
11,2976,2.0
11,2981,0.5
11,2989,4.5
11,2993,1.5
11,3026,4.0
11,3033,2.0
11,3039,5.0
11,3043,0.5
11,3046,0.0
11,3047,2.5
11,3051,2.0
11,3052,3.5
11,3053,3.0
11,3054,4.5
11,3058,3.0
11,3072,0.0
11,3076,3.0
11,3093,5.0
11,3101,5.0
11,3102,2.5
11,3110,2.0
11,3114,0.5
11,3121,2.5
11,3125,4.5
11,3134,3.5
11,3138,3.5
11,3146,0.5
11,3147,3.5
11,3155,1.5
11,3162,1.5
11,3166,2.0
11,3191,3.5
11,3194,4.5
11,3203,3.0
11,3206,3.5
11,3208,2.0
11,3210,4.0
11,3222,1.5
11,3224,4.0
11,3226,4.5
11,3237,1.0
11,3239,0.0
11,3242,3.5
11,3251,4.0
11,3258,1.0
11,3259,3.0
11,3263,4.5
11,3265,3.0
11,3275,4.0
11,3278,1.5
11,3282,0.5
11,3284,1.5
11,3289,1.5
11,3297,4.5
11,3305,1.0
11,3310,5.0
11,3319,3.5
11,3322,1.0
11,3324,0.5
11,3325,4.5
11,3335,1.0
11,3347,2.0
11,3350,3.5
11,3356,3.0
11,3359,4.0
11,3361,3.0
11,3367,2.0
11,3370,5.0
11,3383,4.5
11,3384,1.5
11,3392,2.5
11,3396,4.5
11,3401,5.0
11,3410,0.0
11,3413,3.0
11,3414,4.5
11,3416,2.0
11,3418,3.0
11,3428,2.0
11,3455,3.5
11,3456,3.0
11,3487,1.5
11,3494,1.0
11,3495,3.0
11,3507,1.5
11,3509,4.0
11,3510,3.0
11,3530,0.5
11,3532,2.0
11,3540,0.5
11,3542,0.5
11,3554,3.5
11,3558,1.0
11,3572,2.5
11,3610,2.5
11,3624,0.0
11,3629,2.0
11,3634,5.0
11,3639,0.0
11,3643,4.0
11,3644,1.0
11,3646,4.0
11,3657,0.5
11,3658,4.0
11,3659,4.0
11,3683,4.5
11,3693,1.0
11,3695,0.5
11,3697,1.0
11,3703,0.0
11,3712,3.0
11,3717,4.0
11,3735,1.5
11,3740,4.0
11,3741,3.5
11,3744,1.0
11,3750,2.0
11,3761,1.0
11,3766,3.5
11,3781,2.0
11,3792,0.0
11,3797,3.0
11,3812,4.5
11,3821,2.5
11,3823,0.5
11,3841,0.0
11,3843,4.5
11,3850,5.0
11,3852,3.0
11,3859,3.0
11,3860,5.0
11,3871,5.0
11,3873,0.5
11,3875,4.0
11,3881,4.0
11,3889,1.5
11,3891,2.0
11,3895,1.5
11,3903,4.0
11,3911,5.0
11,3918,3.0
11,3951,4.5
11,3965,3.0
11,3970,3.0
11,3983,1.5
11,3997,0.0
12,4,5.0
12,6,5.0
12,9,0.5
12,11,0.0
12,34,4.0
12,42,2.0
12,49,3.5
12,55,4.5
12,62,4.5
12,68,5.0
12,70,2.0
12,76,4.0
12,105,0.0
12,107,4.5
12,110,4.5
12,112,2.5
12,115,4.0
12,116,5.0
12,124,4.0
12,142,1.5
12,145,3.0
12,148,0.0
12,149,4.5
12,152,0.0
12,161,4.0
12,165,2.0
12,184,1.0
12,195,0.5
12,207,4.0
12,226,5.0
12,235,1.5
12,241,4.5
12,256,0.0
12,264,1.5
12,269,1.5
12,274,2.5
12,275,2.5
12,280,3.0
12,288,3.5
12,297,0.0
12,324,0.0
12,327,3.0
12,346,5.0
12,347,0.5
12,358,4.5
12,362,4.5
12,371,4.5
12,375,2.5
12,390,1.5
12,411,0.0
12,413,2.5
12,425,2.0
12,428,0.0
12,437,0.5
12,451,5.0
12,457,3.0
12,459,1.0
12,465,4.5
12,466,2.5
12,478,1.0
12,484,1.5
12,491,0.0
12,492,3.0
12,503,1.0
12,512,4.5
12,517,3.5
12,521,2.5
12,525,0.0
12,534,0.0
12,538,2.5
12,540,0.5
12,541,1.5
12,547,2.0
12,566,3.0
12,569,1.5
12,573,2.5
12,582,4.0
12,606,5.0
12,618,5.0
12,622,1.5
12,631,4.5
12,632,1.0
12,633,2.0
12,636,2.5
12,637,1.0
12,669,5.0
12,680,5.0
12,682,2.5
12,699,4.5
12,702,1.0
12,708,0.0
12,727,0.5
12,729,0.0
12,737,0.5
12,748,4.0
12,749,5.0
12,751,1.5
12,761,2.0
12,775,2.0
12,784,5.0
12,786,1.0
12,788,2.5
12,789,2.0
12,806,2.0
12,815,2.0
12,816,2.5
12,818,1.5
12,837,4.5
12,872,3.5
12,879,2.0
12,884,3.5
12,888,5.0
12,896,0.5
12,911,2.0
12,916,2.5
12,919,1.0
12,920,3.0
12,924,0.5
12,927,2.5
12,937,4.5
12,939,3.0
12,946,3.0
12,949,1.5
12,950,4.0
12,955,2.5
12,966,0.5
12,969,4.5
12,976,4.0
12,998,4.0
12,1021,0.0
12,1028,2.0
12,1035,1.5
12,1041,1.5
12,1047,2.5
12,1049,1.5
12,1057,4.5
12,1058,3.0
12,1071,4.0
12,1091,3.0
12,1105,1.5
12,1110,0.5
12,1112,4.5
12,1122,1.5
12,1137,3.0
12,1161,3.0
12,1166,4.0
12,1171,4.0
12,1183,1.0
12,1191,1.5
12,1210,1.5
12,1218,4.5
12,1219,4.5
12,1223,1.0
12,1226,1.0
12,1228,0.0
12,1240,3.0
12,1249,2.0
12,1250,0.0
12,1251,4.5
12,1253,0.5
12,1274,4.5
12,1278,2.0
12,1282,4.0
12,1284,0.0
12,1291,4.5
12,1315,2.0
12,1321,3.5
12,1329,2.5
12,1334,4.5
12,1346,4.5
12,1352,1.0
12,1358,4.5
12,1365,0.5
12,1366,4.5
12,1371,1.5
12,1373,0.5
12,1376,0.0
12,1379,4.0
12,1383,3.0
12,1395,2.5
12,1401,1.5
12,1408,4.0
12,1410,3.5
12,1411,3.5
12,1412,3.5
12,1421,0.0
12,1423,2.5
12,1433,4.0
12,1444,5.0
12,1446,1.5
12,1447,4.0
12,1467,3.0
12,1475,3.5
12,1484,4.5
12,1491,5.0
12,1496,3.0
12,1506,5.0
12,1514,4.5
12,1516,0.0
12,1523,5.0
12,1538,5.0
12,1542,4.5
12,1547,2.0
12,1561,0.5
12,1577,0.5
12,1583,2.5
12,1589,4.0
12,1601,1.0
12,1609,2.0
12,1610,1.5
12,1615,2.5
12,1627,4.5
12,1628,0.5
12,1630,2.5
12,1632,5.0
12,1653,1.0
12,1672,1.5
12,1676,2.5
12,1677,2.0
12,1680,1.5
12,1681,2.5
12,1682,0.0
12,1694,1.5
12,1696,0.5
12,1703,4.5
12,1710,3.0
12,1711,3.5
12,1716,3.5
12,1734,2.0
12,1740,0.5
12,1751,4.0
12,1754,1.5
12,1760,3.5
12,1764,2.5
12,1766,3.5
12,1770,2.5
12,1776,4.0
12,1779,4.5
12,1782,3.5
12,1794,1.5
12,1800,4.0
12,1815,4.5
12,1817,3.5
12,1818,2.5
12,1820,5.0
12,1833,1.0
12,1838,1.0
12,1841,5.0
12,1842,4.0
12,1846,1.5
12,1866,0.0
12,1870,3.5
12,1878,3.5
12,1880,4.5
12,1894,4.5
12,1909,0.0
12,1912,1.0
12,1913,4.5
12,1921,3.5
12,1936,4.5
12,1939,0.5
12,1940,4.0
12,1951,0.5
12,1954,2.0
12,1959,4.0
12,1963,5.0
12,1967,2.0
12,1969,3.5
12,1971,1.5
12,1980,1.5
12,1991,2.0
12,1995,5.0
12,1996,2.5
12,2018,0.0
12,2023,3.0
12,2030,3.5
12,2040,3.5
12,2055,4.5
12,2059,1.0
12,2062,4.0
12,2067,1.5
12,2078,3.0
12,2080,1.0
12,2081,0.0
12,2084,0.5
12,2087,4.5
12,2102,3.0
12,2105,4.5
12,2106,0.5
12,2114,0.5
12,2118,0.0
12,2135,0.5
12,2142,5.0
12,2143,2.0
12,2160,0.0
12,2164,1.5
12,2165,4.0
12,2166,2.0
12,2190,2.5
12,2201,3.5
12,2209,5.0
12,2216,4.5
12,2218,3.5
12,2219,2.0
12,2220,1.5
12,2228,0.0
12,2231,5.0
12,2251,2.5
12,2254,3.0
12,2264,1.5
12,2278,2.5
12,2280,3.0
12,2294,5.0
12,2298,1.5
12,2329,2.0
12,2341,0.0
12,2343,3.0
12,2346,3.0
12,2358,3.5
12,2359,3.5
12,2367,4.0
12,2385,5.0
12,2403,5.0
12,2416,5.0
12,2425,2.5
12,2426,1.5
12,2432,0.5
12,2436,1.5
12,2444,4.0
12,2446,1.5
12,2452,1.5
12,2456,2.5
12,2495,4.0
12,2496,2.0
12,2503,3.0
12,2514,4.0
12,2525,1.5
12,2543,3.5
12,2559,4.5
12,2563,4.0
12,2566,3.0
12,2595,0.0
12,2596,0.0
12,2601,1.5
12,2604,1.5
12,2612,2.0
12,2623,3.0
12,2625,5.0
12,2636,2.0
12,2637,3.5
12,2638,1.5
12,2649,3.0
12,2650,1.0
12,2667,2.0
12,2676,2.5
12,2679,3.5
12,2681,2.5
12,2688,0.0
12,2697,1.0
12,2698,5.0
12,2700,3.5
12,2705,0.0
12,2718,0.5
12,2735,0.0
12,2743,5.0
12,2744,3.0
12,2748,3.0
12,2752,1.0
12,2757,1.0
12,2780,4.0
12,2794,2.5
12,2796,3.0
12,2799,2.5
12,2802,2.0
12,2803,3.0
12,2812,3.0
12,2818,1.5
12,2834,5.0
12,2837,4.5
12,2858,2.5
12,2860,0.5
12,2866,1.5
12,2867,4.5
12,2873,5.0
12,2885,1.5
12,2902,3.5
12,2914,2.0
12,2916,2.0
12,2919,3.5
12,2932,0.5
12,2941,3.5
12,2951,2.5
12,2953,1.0
12,2955,4.5
12,2970,4.0
12,2989,2.0
12,2992,2.0
12,3002,4.0
12,3014,4.0
12,3017,2.5
12,3029,4.5
12,3043,2.0
12,3044,2.5
12,3046,3.5
12,3051,3.0
12,3053,5.0
12,3080,5.0
12,3101,1.5
12,3104,4.5
12,3106,3.0
12,3108,3.0
12,3113,3.0
12,3114,0.5
12,3117,5.0
12,3122,4.0
12,3125,2.5
12,3142,1.5
12,3147,4.0
12,3150,0.0
12,3169,2.5
12,3184,5.0
12,3191,1.5
12,3194,4.5
12,3198,2.0
12,3201,1.0
12,3203,0.0
12,3215,2.5
12,3223,1.5
12,3226,5.0
12,3237,3.5
12,3239,4.0
12,3242,1.0
12,3247,4.0
12,3256,5.0
12,3258,3.5
12,3259,4.5
12,3262,3.0
12,3267,4.0
12,3275,3.5
12,3280,1.0
12,3284,3.0
12,3297,5.0
12,3319,2.0
12,3322,0.5
12,3323,1.0
12,3324,5.0
12,3328,3.5
12,3342,4.5
12,3345,4.5
12,3349,4.5
12,3350,0.0
12,3355,2.5
12,3356,4.5
12,3361,5.0
12,3367,3.5
12,3383,2.5
12,3389,1.0
12,3392,1.0
12,3393,1.0
12,3396,5.0
12,3400,2.5
12,3401,3.0
12,3410,0.0
12,3413,1.0
12,3414,1.0
12,3418,0.5
12,3423,4.5
12,3428,1.0
12,3446,3.5
12,3453,3.5
12,3458,3.5
12,3482,4.5
12,3487,4.5
12,3494,5.0
12,3503,2.5
12,3507,5.0
12,3509,0.5
12,3510,0.5
12,3521,1.0
12,3523,2.5
12,3533,2.0
12,3536,1.0
12,3539,4.0
12,3540,3.5
12,3554,3.5
12,3558,1.0
12,3563,3.0
12,3566,4.5
12,3572,2.0
12,3580,0.0
12,3581,0.0
12,3592,5.0
12,3599,1.0
12,3608,4.0
12,3610,2.0
12,3619,2.0
12,3629,0.5
12,3634,2.0
12,3640,0.5
12,3658,3.5
12,3659,3.5
12,3661,2.0
12,3667,3.5
12,3695,4.0
12,3697,3.0
12,3705,5.0
12,3735,4.0
12,3740,2.5
12,3742,3.5
12,3759,2.0
12,3780,1.5
12,3792,0.5
12,3812,0.5
12,3821,5.0
12,3822,2.5
12,3823,2.0
12,3843,4.0
12,3850,1.0
12,3859,3.5
12,3860,2.5
12,3871,1.0
12,3874,4.0
12,3875,4.5
12,3886,4.5
12,3893,2.0
12,3894,4.0
12,3895,1.5
12,3911,0.5
12,3960,4.0
12,3965,4.5
12,3997,2.5
13,4,4.5
13,9,2.0
13,11,1.0
13,19,2.5
13,26,0.0
13,28,1.0
13,29,2.5
13,34,2.0
13,36,4.5
13,44,4.5
13,45,1.5
13,49,1.5
13,62,3.0
13,63,0.0
13,64,5.0
13,76,3.0
13,81,4.5
13,90,5.0
13,107,2.5
13,108,0.0
13,118,1.5
13,133,3.0
13,140,2.5
13,142,3.5
13,145,2.5
13,148,0.5
13,149,0.5
13,152,3.0
13,171,4.5
13,185,2.5
13,207,3.0
13,209,5.0
13,226,5.0
13,229,2.0
13,233,0.5
13,235,2.0
13,244,1.5
13,250,5.0
13,264,3.5
13,266,2.5
13,270,0.5
13,277,5.0
13,280,3.5
13,297,1.5
13,298,3.0
13,319,4.0
13,336,1.0
13,353,0.5
13,362,2.0
13,366,1.0
13,371,1.5
13,375,2.5
13,385,3.0
13,409,2.5
13,411,3.0
13,432,3.0
13,444,4.5
13,455,1.5
13,459,0.5
13,465,1.0
13,466,0.0
13,476,0.0
13,477,3.0
13,478,0.5
13,489,1.0
13,491,5.0
13,495,2.5
13,514,1.0
13,515,0.5
13,521,3.0
13,540,2.5
13,541,1.0
13,547,3.0
13,551,2.0
13,573,0.0
13,582,4.0
13,596,3.0
13,598,0.0
13,602,5.0
13,637,1.0
13,643,3.0
13,646,0.0
13,647,4.0
13,651,2.5
13,658,0.0
13,668,2.5
13,669,2.0
13,680,2.0
13,681,4.0
13,682,0.5
13,716,5.0
13,731,3.0
13,739,1.5
13,744,1.5
13,748,3.5
13,749,4.5
13,751,3.0
13,761,2.0
13,764,4.0
13,768,1.5
13,778,0.5
13,784,1.0
13,789,4.0
13,816,1.5
13,824,4.5
13,831,0.5
13,848,4.0
13,858,4.0
13,859,2.0
13,876,4.5
13,880,0.0
13,883,4.0
13,884,4.5
13,886,4.0
13,887,2.5
13,894,5.0
13,901,4.0
13,911,3.0
13,920,3.0
13,924,0.5
13,930,3.0
13,937,5.0
13,949,1.5
13,950,5.0
13,958,0.5
13,966,1.5
13,969,2.5
13,972,3.0
13,983,1.0
13,1002,4.5
13,1004,2.5
13,1005,3.0
13,1008,0.0
13,1035,0.0
13,1049,2.0
13,1058,2.5
13,1071,4.5
13,1076,4.5
13,1082,0.5
13,1091,5.0
13,1100,3.5
13,1109,3.0
13,1110,4.0
13,1114,5.0
13,1132,1.0
13,1137,1.0
13,1145,3.0
13,1161,3.5
13,1198,1.0
13,1203,4.0
13,1204,2.5
13,1210,0.5
13,1219,2.0
13,1226,1.0
13,1228,0.0
13,1245,2.5
13,1249,5.0
13,1251,3.0
13,1253,3.5
13,1258,3.0
13,1261,1.5
13,1264,1.5
13,1278,0.0
13,1279,1.5
13,1280,3.0
13,1286,1.5
13,1291,2.0
13,1292,0.0
13,1293,3.0
13,1313,4.0
13,1320,1.0
13,1329,2.0
13,1333,2.0
13,1334,0.5
13,1351,3.0
13,1366,3.0
13,1376,5.0
13,1386,0.5
13,1387,5.0
13,1408,2.5
13,1416,2.5
13,1421,3.0
13,1426,1.5
13,1431,2.5
13,1433,1.5
13,1437,1.5
13,1442,0.0
13,1444,2.5
13,1447,4.0
13,1483,2.0
13,1484,4.5
13,1491,0.5
13,1500,0.5
13,1506,2.5
13,1512,5.0
13,1514,5.0
13,1520,3.5
13,1529,1.0
13,1531,3.5
13,1538,4.0
13,1561,2.5
13,1562,3.5
13,1583,4.0
13,1608,0.0
13,1623,1.5
13,1624,3.0
13,1627,5.0
13,1628,3.5
13,1630,3.5
13,1638,2.5
13,1647,0.5
13,1649,4.5
13,1663,1.0
13,1681,1.5
13,1690,3.5
13,1694,4.0
13,1703,1.0
13,1710,2.0
13,1711,1.0
13,1717,2.5
13,1722,2.5
13,1724,2.5
13,1727,2.5
13,1734,2.5
13,1735,2.0
13,1737,3.5
13,1738,5.0
13,1740,0.0
13,1741,2.0
13,1763,4.5
13,1764,4.0
13,1766,0.0
13,1771,4.5
13,1791,0.5
13,1794,5.0
13,1800,0.0
13,1813,1.5
13,1816,0.0
13,1817,4.0
13,1818,2.0
13,1847,5.0
13,1849,3.0
13,1859,2.5
13,1872,3.5
13,1874,1.5
13,1894,0.0
13,1909,2.0
13,1912,4.0
13,1918,2.5
13,1920,0.0
13,1928,0.0
13,1939,4.5
13,1949,2.0
13,1951,2.0
13,1954,1.5
13,1959,4.0
13,1967,4.0
13,1970,2.0
13,1991,3.5
13,1995,2.0
13,1996,4.0
13,1999,2.0
13,2011,3.5
13,2018,0.0
13,2023,2.5
13,2025,1.0
13,2028,2.5
13,2032,2.0
13,2043,4.5
13,2044,4.5
13,2071,4.5
13,2080,2.0
13,2083,1.0
13,2084,1.0
13,2087,3.5
13,2109,1.5
13,2118,0.5
13,2119,3.5
13,2135,1.5
13,2143,4.5
13,2144,0.5
13,2160,3.0
13,2163,1.5
13,2164,2.5
13,2173,0.5
13,2179,3.5
13,2189,4.5
13,2190,2.5
13,2219,4.0
13,2240,4.5
13,2242,5.0
13,2254,4.5
13,2264,0.0
13,2267,4.0
13,2272,0.0
13,2273,3.0
13,2277,3.0
13,2281,2.0
13,2292,3.5
13,2295,2.5
13,2297,2.5
13,2310,0.5
13,2314,1.0
13,2319,0.5
13,2329,1.5
13,2337,3.5
13,2339,0.0
13,2341,1.0
13,2351,3.5
13,2359,0.5
13,2363,1.5
13,2385,1.0
13,2411,3.0
13,2436,0.5
13,2492,5.0
13,2493,1.0
13,2495,3.0
13,2503,1.5
13,2514,1.0
13,2541,2.0
13,2543,5.0
13,2553,1.0
13,2566,2.5
13,2592,0.5
13,2612,3.5
13,2614,3.5
13,2623,4.0
13,2624,4.5
13,2626,0.5
13,2633,0.5
13,2637,3.0
13,2650,4.5
13,2659,5.0
13,2675,5.0
13,2679,1.0
13,2681,0.0
13,2682,3.5
13,2686,4.0
13,2688,2.0
13,2697,0.0
13,2718,0.5
13,2725,4.5
13,2747,2.5
13,2748,2.5
13,2755,2.0
13,2757,1.5
13,2758,3.5
13,2761,3.5
13,2763,0.0
13,2771,2.5
13,2785,2.0
13,2794,1.5
13,2799,1.5
13,2802,4.0
13,2813,3.5
13,2825,4.0
13,2828,0.5
13,2829,5.0
13,2842,5.0
13,2851,0.5
13,2852,4.0
13,2864,2.5
13,2885,2.5
13,2902,0.5
13,2916,2.5
13,2926,4.5
13,2953,1.0
13,2954,4.0
13,2976,4.5
13,2977,1.0
13,2989,3.5
13,2995,1.0
13,3002,2.0
13,3017,3.5
13,3026,0.0
13,3029,1.5
13,3041,0.5
13,3050,0.0
13,3051,3.0
13,3053,2.5
13,3054,0.0
13,3072,3.5
13,3076,0.5
13,3078,0.0
13,3080,3.5
13,3102,4.0
13,3106,2.5
13,3108,2.5
13,3114,3.5
13,3117,5.0
13,3119,2.0
13,3121,4.0
13,3126,4.5
13,3128,0.0
13,3133,3.5
13,3154,4.5
13,3155,0.0
13,3167,5.0
13,3168,1.5
13,3169,0.0
13,3184,5.0
13,3194,0.5
13,3198,0.0
13,3208,5.0
13,3226,0.5
13,3252,0.5
13,3258,4.0
13,3262,4.5
13,3265,4.0
13,3275,5.0
13,3282,4.5
13,3289,5.0
13,3298,0.0
13,3300,4.5
13,3313,3.0
13,3316,1.5
13,3323,0.0
13,3324,5.0
13,3335,1.5
13,3348,2.0
13,3356,1.5
13,3359,0.5
13,3375,0.5
13,3383,4.5
13,3386,4.5
13,3389,0.0
13,3392,4.5
13,3406,1.0
13,3413,2.5
13,3418,5.0
13,3445,0.5
13,3447,1.5
13,3448,3.5
13,3453,4.0
13,3455,3.0
13,3456,3.0
13,3458,0.5
13,3470,3.0
13,3495,1.5
13,3500,0.5
13,3503,3.5
13,3521,2.0
13,3523,1.5
13,3530,0.0
13,3533,3.0
13,3539,0.0
13,3554,3.5
13,3558,2.0
13,3566,1.0
13,3580,3.5
13,3592,5.0
13,3599,4.0
13,3605,0.5
13,3619,2.0
13,3622,0.5
13,3624,0.0
13,3627,2.0
13,3634,3.5
13,3639,0.5
13,3640,3.0
13,3644,3.0
13,3646,3.0
13,3683,4.5
13,3695,1.0
13,3701,0.5
13,3703,1.5
13,3705,3.5
13,3735,2.0
13,3740,4.5
13,3741,4.0
13,3742,1.0
13,3750,4.0
13,3753,5.0
13,3759,4.0
13,3761,1.0
13,3766,5.0
13,3773,1.0
13,3781,5.0
13,3791,3.5
13,3793,3.5
13,3797,0.5
13,3821,3.5
13,3822,0.5
13,3841,4.5
13,3843,4.5
13,3852,3.0
13,3859,0.0
13,3861,1.5
13,3871,0.0
13,3873,3.0
13,3875,0.0
13,3881,0.0
13,3882,0.5
13,3893,3.5
13,3894,4.0
13,3895,0.5
13,3903,4.0
13,3907,4.0
13,3938,0.0
13,3951,0.0
13,3960,1.5
13,3986,2.0
13,3994,3.5
13,3997,3.0
14,4,3.0
14,6,5.0
14,20,5.0
14,23,0.0
14,26,4.5
14,28,1.0
14,29,1.5
14,34,4.0
14,49,0.5
14,70,4.5
14,86,0.5
14,105,4.5
14,112,0.5
14,115,3.0
14,116,3.0
14,118,0.0
14,133,3.5
14,145,2.5
14,171,0.5
14,190,2.0
14,199,5.0
14,203,1.0
14,229,3.0
14,243,1.0
14,244,2.5
14,248,4.5
14,264,0.5
14,266,3.0
14,270,1.0
14,275,0.5
14,280,1.5
14,288,5.0
14,298,3.5
14,303,1.5
14,322,3.5
14,327,2.0
14,358,5.0
14,362,0.0
14,366,1.5
14,371,0.0
14,373,4.0
14,377,2.5
14,383,3.5
14,385,4.5
14,400,0.0
14,404,5.0
14,409,3.0
14,421,0.0
14,437,3.5
14,443,3.0
14,451,2.5
14,454,3.5
14,480,1.5
14,495,4.0
14,504,2.0
14,512,1.0
14,514,4.5
14,515,2.5
14,521,1.0
14,540,3.0
14,551,1.0
14,562,2.5
14,563,4.0
14,569,3.0
14,576,3.0
14,596,3.5
14,602,1.0
14,612,0.0
14,616,3.5
14,619,3.0
14,622,3.5
14,625,2.0
14,632,2.5
14,636,3.0
14,642,2.5
14,646,1.0
14,651,2.5
14,658,1.5
14,677,2.0
14,696,4.0
14,716,1.5
14,727,2.5
14,729,4.5
14,732,0.5
14,739,0.5
14,744,2.0
14,749,1.5
14,768,1.0
14,778,1.0
14,780,0.5
14,786,4.0
14,788,4.0
14,806,4.5
14,816,4.5
14,819,0.0
14,848,2.0
14,859,3.0
14,879,1.0
14,883,1.0
14,884,1.5
14,886,4.0
14,887,3.0
14,888,2.0
14,894,3.5
14,896,4.5
14,911,1.0
14,916,1.0
14,919,0.5
14,937,4.0
14,946,5.0
14,950,2.0
14,955,5.0
14,958,2.5
14,967,2.0
14,968,0.0
14,969,1.5
14,983,2.5
14,998,0.5
14,1003,3.5
14,1006,0.5
14,1008,3.5
14,1021,3.5
14,1035,3.5
14,1039,4.0
14,1047,4.5
14,1063,4.5
14,1068,2.0
14,1082,4.0
14,1086,4.5
14,1101,3.0
14,1110,2.5
14,1132,3.5
14,1137,4.0
14,1145,3.0
14,1161,0.0
14,1162,5.0
14,1171,1.0
14,1197,5.0
14,1203,1.0
14,1204,3.0
14,1206,3.5
14,1215,5.0
14,1218,0.5
14,1219,3.0
14,1223,2.5
14,1228,0.5
14,1235,5.0
14,1245,3.0
14,1250,2.5
14,1274,1.0
14,1293,3.0
14,1302,0.5
14,1308,3.0
14,1315,0.5
14,1316,1.5
14,1320,4.5
14,1328,2.5
14,1333,3.5
14,1342,2.0
14,1351,5.0
14,1352,0.5
14,1371,2.0
14,1376,0.5
14,1379,1.5
14,1383,3.0
14,1389,0.5
14,1405,2.5
14,1410,2.5
14,1411,5.0
14,1421,0.0
14,1423,1.0
14,1427,0.5
14,1429,1.0
14,1433,2.0
14,1437,0.5
14,1446,4.0
14,1463,0.0
14,1491,5.0
14,1501,0.0
14,1512,5.0
14,1515,5.0
14,1516,2.5
14,1520,2.0
14,1529,0.5
14,1538,3.5
14,1540,2.0
14,1542,4.5
14,1561,4.5
14,1583,4.0
14,1588,2.5
14,1609,0.5
14,1610,2.0
14,1615,1.0
14,1624,1.0
14,1627,2.0
14,1632,4.5
14,1638,5.0
14,1643,2.0
14,1654,4.0
14,1659,1.5
14,1663,0.5
14,1666,4.5
14,1677,1.5
14,1688,2.0
14,1694,1.0
14,1701,0.0
14,1703,0.0
14,1710,0.0
14,1722,3.0
14,1734,5.0
14,1735,2.5
14,1738,1.5
14,1741,5.0
14,1750,2.5
14,1751,2.0
14,1758,1.5
14,1763,0.5
14,1764,3.0
14,1766,4.5
14,1779,2.0
14,1781,0.5
14,1782,0.5
14,1783,2.0
14,1802,3.0
14,1817,0.0
14,1818,1.5
14,1819,2.0
14,1823,1.5
14,1838,3.0
14,1841,3.0
14,1846,1.5
14,1855,5.0
14,1865,3.0
14,1880,0.0
14,1887,3.5
14,1920,1.0
14,1928,0.5
14,1936,1.0
14,1939,1.5
14,1949,4.5
14,1951,1.0
14,1959,2.0
14,1960,5.0
14,1967,3.0
14,1968,1.5
14,1980,4.5
14,1991,3.5
14,1996,3.5
14,1999,3.0
14,2011,4.0
14,2018,3.5
14,2020,2.5
14,2023,1.5
14,2025,2.5
14,2030,3.0
14,2032,1.5
14,2036,0.0
14,2040,3.5
14,2044,0.5
14,2056,0.0
14,2067,4.5
14,2078,3.5
14,2080,3.5
14,2081,4.0
14,2087,5.0
14,2105,0.0
14,2114,4.5
14,2117,0.5
14,2118,5.0
14,2119,1.0
14,2134,1.0
14,2160,4.0
14,2163,4.5
14,2166,3.5
14,2190,5.0
14,2201,3.5
14,2202,2.5
14,2218,2.0
14,2220,1.5
14,2222,5.0
14,2224,1.0
14,2231,1.0
14,2232,1.5
14,2242,2.0
14,2251,0.0
14,2254,3.5
14,2272,2.0
14,2275,2.5
14,2277,0.0
14,2285,0.5
14,2289,1.0
14,2292,1.5
14,2297,5.0
14,2306,5.0
14,2308,0.5
14,2317,2.0
14,2319,5.0
14,2320,5.0
14,2329,3.5
14,2339,3.0
14,2343,5.0
14,2358,4.0
14,2367,3.0
14,2368,2.5
14,2387,0.0
14,2394,2.0
14,2403,0.5
14,2426,3.5
14,2444,3.5
14,2446,1.5
14,2470,4.5
14,2476,5.0
14,2482,2.0
14,2491,3.0
14,2495,1.0
14,2496,1.5
14,2497,1.0
14,2499,5.0
14,2503,1.5
14,2541,0.5
14,2553,5.0
14,2563,0.5
14,2577,2.5
14,2589,1.0
14,2592,3.0
14,2595,0.0
14,2596,0.5
14,2597,3.0
14,2604,3.5
14,2614,5.0
14,2624,0.0
14,2636,2.0
14,2637,5.0
14,2676,4.5
14,2681,2.5
14,2682,4.5
14,2686,2.0
14,2697,4.0
14,2712,3.5
14,2735,0.5
14,2743,3.0
14,2747,4.0
14,2748,4.5
14,2763,2.0
14,2771,0.0
14,2781,2.0
14,2785,2.0
14,2796,4.0
14,2802,1.5
14,2804,5.0
14,2813,2.0
14,2825,4.0
14,2828,0.5
14,2837,0.0
14,2842,4.5
14,2849,5.0
14,2851,0.0
14,2852,3.5
14,2858,5.0
14,2860,5.0
14,2867,1.5
14,2874,0.0
14,2885,3.5
14,2890,3.0
14,2916,3.5
14,2919,5.0
14,2936,4.0
14,2951,1.5
14,2953,0.0
14,2975,3.5
14,2977,4.5
14,2995,0.0
14,3008,4.5
14,3016,2.0
14,3017,4.0
14,3029,4.5
14,3033,0.0
14,3039,3.5
14,3043,0.0
14,3046,4.5
14,3047,4.0
14,3050,3.0
14,3054,0.0
14,3055,2.5
14,3058,5.0
14,3076,2.5
14,3078,5.0
14,3080,2.0
14,3102,4.5
14,3106,5.0
14,3108,1.0
14,3109,4.5
14,3119,2.0
14,3122,0.5
14,3128,3.5
14,3133,4.5
14,3134,1.5
14,3146,3.5
14,3162,2.5
14,3167,3.0
14,3168,2.0
14,3184,0.0
14,3194,1.5
14,3206,1.5
14,3208,0.0
14,3215,0.0
14,3226,4.0
14,3232,0.0
14,3237,2.0
14,3239,5.0
14,3242,1.5
14,3251,1.0
14,3258,4.5
14,3272,1.0
14,3275,3.5
14,3280,3.5
14,3282,0.5
14,3289,2.5
14,3292,4.5
14,3305,2.5
14,3307,0.5
14,3310,3.5
14,3316,3.5
14,3319,0.5
14,3324,1.0
14,3327,1.0
14,3328,0.5
14,3342,0.0
14,3348,5.0
14,3349,0.0
14,3356,2.5
14,3359,2.0
14,3370,4.0
14,3375,2.5
14,3383,3.5
14,3389,1.5
14,3392,4.5
14,3396,5.0
14,3401,3.5
14,3402,0.0
14,3406,2.0
14,3413,0.0
14,3416,0.0
14,3418,0.0
14,3423,2.0
14,3428,3.5
14,3445,3.5
14,3448,1.5
14,3453,2.5
14,3458,4.0
14,3510,2.5
14,3515,2.0
14,3530,1.0
14,3540,0.0
14,3548,3.5
14,3566,1.5
14,3578,2.5
14,3587,3.5
14,3599,3.0
14,3608,1.0
14,3610,3.0
14,3619,1.0
14,3627,1.0
14,3634,1.0
14,3643,2.5
14,3644,1.5
14,3648,0.0
14,3651,0.5
14,3669,1.5
14,3675,0.0
14,3676,4.0
14,3693,1.0
14,3695,3.0
14,3703,4.0
14,3705,4.5
14,3730,3.0
14,3732,2.5
14,3735,1.5
14,3740,4.0
14,3742,1.0
14,3744,0.5
14,3747,0.5
14,3750,3.5
14,3756,0.5
14,3759,1.5
14,3767,3.5
14,3770,1.5
14,3781,4.0
14,3792,4.0
14,3797,1.5
14,3823,2.5
14,3836,2.5
14,3841,3.0
14,3859,4.5
14,3860,0.5
14,3861,0.5
14,3865,3.0
14,3874,0.0
14,3875,0.5
14,3882,4.0
14,3884,0.5
14,3886,1.5
14,3894,0.0
14,3907,3.0
14,3911,2.5
14,3918,3.0
14,3970,0.0
14,3981,4.0
14,3983,0.0
14,3986,3.5
14,3994,2.0
14,3997,3.0
15,4,2.5
15,6,1.5
15,20,2.0
15,28,2.0
15,29,4.0
15,32,1.5
15,42,4.5
15,44,1.0
15,49,0.0
15,55,3.0
15,63,3.0
15,64,3.5
15,70,2.0
15,81,2.5
15,86,5.0
15,110,4.0
15,115,2.5
15,133,1.5
15,140,3.5
15,142,4.5
15,145,5.0
15,149,1.0
15,152,5.0
15,161,4.0
15,184,3.0
15,185,5.0
15,190,5.0
15,209,0.0
15,215,4.5
15,226,0.5
15,233,4.0
15,235,0.5
15,241,1.0
15,242,0.0
15,250,3.5
15,264,3.5
15,265,2.0
15,266,2.5
15,269,0.0
15,274,2.5
15,277,3.5
15,280,2.0
15,288,2.5
15,295,3.0
15,319,3.5
15,322,3.5
15,324,2.0
15,327,4.0
15,349,3.5
15,353,3.0
15,358,4.5
15,362,3.5
15,371,5.0
15,373,5.0
15,377,1.0
15,383,3.0
15,389,3.5
15,400,1.5
15,401,1.0
15,413,0.5
15,437,0.0
15,444,5.0
15,457,1.5
15,458,4.5
15,459,3.5
15,465,5.0
15,466,1.5
15,478,3.0
15,480,1.0
15,484,2.5
15,492,4.0
15,495,3.5
15,504,4.0
15,509,5.0
15,514,1.5
15,515,5.0
15,517,2.5
15,521,3.5
15,525,1.5
15,528,2.5
15,534,4.0
15,540,0.5
15,541,2.0
15,544,3.5
15,551,0.5
15,566,4.5
15,573,3.5
15,576,3.0
15,600,0.0
15,618,0.0
15,619,4.0
15,624,2.0
15,625,3.0
15,632,0.5
15,633,4.0
15,637,2.0
15,642,5.0
15,643,0.0
15,646,1.0
15,647,1.5
15,658,0.0
15,668,2.5
15,669,1.0
15,673,3.5
15,677,3.5
15,679,2.5
15,697,2.5
15,702,2.5
15,716,4.0
15,731,5.0
15,732,2.5
15,739,3.5
15,744,1.5
15,748,4.5
15,749,4.0
15,755,4.5
15,762,4.5
15,764,2.0
15,788,4.0
15,789,4.0
15,802,0.0
15,806,2.5
15,814,3.0
15,815,5.0
15,824,5.0
15,831,3.0
15,837,4.5
15,848,4.5
15,873,5.0
15,883,4.5
15,885,4.0
15,887,4.0
15,889,5.0
15,904,0.5
15,911,5.0
15,916,0.0
15,919,4.5
15,920,3.5
15,937,0.5
15,950,2.5
15,967,1.5
15,998,0.0
15,1005,3.0
15,1006,2.0
15,1013,2.5
15,1018,1.5
15,1028,1.5
15,1057,0.0
15,1062,5.0
15,1063,3.0
15,1071,2.5
15,1076,2.5
15,1101,2.5
15,1105,1.0
15,1112,1.0
15,1128,3.0
15,1129,1.0
15,1137,2.0
15,1159,4.5
15,1161,1.5
15,1166,4.5
15,1180,2.0
15,1183,5.0
15,1191,2.0
15,1194,3.5
15,1206,5.0
15,1210,5.0
15,1219,0.0
15,1223,1.0
15,1226,0.0
15,1245,0.5
15,1249,1.0
15,1251,2.0
15,1258,0.0
15,1264,0.5
15,1269,4.5
15,1278,1.5
15,1279,1.0
15,1280,0.0
15,1284,3.5
15,1286,3.5
15,1291,3.0
15,1293,5.0
15,1309,0.5
15,1316,1.0
15,1328,5.0
15,1334,0.5
15,1342,2.0
15,1358,3.0
15,1366,5.0
15,1386,1.0
15,1395,4.0
15,1402,3.5
15,1408,0.5
15,1412,1.0
15,1416,0.0
15,1421,4.0
15,1423,1.0
15,1427,2.5
15,1431,0.5
15,1447,5.0
15,1467,0.5
15,1475,1.5
15,1480,0.5
15,1484,5.0
15,1491,0.0
15,1496,4.5
15,1501,0.0
15,1514,2.5
15,1540,4.0
15,1544,0.0
15,1562,1.0
15,1574,4.5
15,1583,4.5
15,1601,2.0
15,1602,1.0
15,1608,5.0
15,1609,4.0
15,1615,2.5
15,1623,2.0
15,1628,4.5
15,1635,2.5
15,1638,0.0
15,1643,2.0
15,1647,0.0
15,1654,5.0
15,1677,0.0
15,1688,5.0
15,1693,5.0
15,1703,0.5
15,1710,4.0
15,1711,2.0
15,1716,3.0
15,1734,1.0
15,1735,0.5
15,1737,4.0
15,1741,0.5
15,1751,4.0
15,1760,2.0
15,1764,2.5
15,1779,3.0
15,1783,0.5
15,1794,3.0
15,1800,2.5
15,1802,1.0
15,1819,0.5
15,1838,0.5
15,1841,4.5
15,1842,4.0
15,1855,2.0
15,1859,3.0
15,1872,2.0
15,1894,4.5
15,1918,2.0
15,1936,1.5
15,1940,2.0
15,1949,3.5
15,1951,4.5
15,1959,3.5
15,1960,1.5
15,1963,2.5
15,1968,3.0
15,1969,2.0
15,1970,4.0
15,1971,5.0
15,1980,5.0
15,1995,0.0
15,1996,3.5
15,1997,0.0
15,1999,1.5
15,2011,3.0
15,2018,4.5
15,2025,0.5
15,2028,4.0
15,2043,0.0
15,2055,4.0
15,2059,4.5
15,2062,1.0
15,2067,1.5
15,2069,4.0
15,2080,1.0
15,2083,1.0
15,2119,0.5
15,2134,0.5
15,2135,4.5
15,2142,5.0
15,2143,0.5
15,2144,0.0
15,2160,4.5
15,2165,0.0
15,2174,0.0
15,2187,4.0
15,2199,1.0
15,2216,3.0
15,2218,0.5
15,2219,3.5
15,2222,2.5
15,2224,0.5
15,2240,4.5
15,2242,4.0
15,2251,5.0
15,2261,4.5
15,2266,5.0
15,2267,5.0
15,2271,5.0
15,2280,5.0
15,2285,2.0
15,2289,5.0
15,2298,0.5
15,2337,4.0
15,2339,1.0
15,2343,1.5
15,2353,4.5
15,2359,0.5
15,2363,3.5
15,2367,0.0
15,2368,3.0
15,2394,5.0
15,2409,0.5
15,2410,4.0
15,2411,2.0
15,2414,3.5
15,2416,1.5
15,2432,0.0
15,2438,3.5
15,2446,1.5
15,2469,2.0
15,2471,1.5
15,2472,0.0
15,2482,4.5
15,2495,4.5
15,2496,3.0
15,2497,3.5
15,2499,0.5
15,2508,4.0
15,2512,2.5
15,2514,2.5
15,2543,0.5
15,2544,0.5
15,2556,2.5
15,2563,2.0
15,2588,2.5
15,2589,1.5
15,2595,1.0
15,2596,2.0
15,2597,0.0
15,2604,1.0
15,2612,4.5
15,2616,0.5
15,2625,3.5
15,2626,3.5
15,2633,0.0
15,2637,0.5
15,2638,2.0
15,2649,1.5
15,2650,2.0
15,2653,4.0
15,2659,4.0
15,2667,4.0
15,2675,5.0
15,2676,5.0
15,2682,4.5
15,2697,4.0
15,2698,1.5
15,2730,0.0
15,2743,0.0
15,2744,5.0
15,2747,2.5
15,2748,1.0
15,2755,4.5
15,2761,5.0
15,2763,3.5
15,2779,3.5
15,2780,0.0
15,2794,4.5
15,2799,2.0
15,2813,0.0
15,2818,1.5
15,2828,0.0
15,2834,1.0
15,2874,2.0
15,2876,2.0
15,2916,4.0
15,2924,1.0
15,2926,5.0
15,2934,0.5
15,2936,4.5
15,2951,0.5
15,2953,5.0
15,2955,0.5
15,2992,5.0
15,2995,4.5
15,3008,4.0
15,3014,5.0
15,3016,4.0
15,3029,3.0
15,3033,1.5
15,3036,3.0
15,3046,0.5
15,3051,0.0
15,3053,4.0
15,3055,4.0
15,3058,1.0
15,3072,2.0
15,3074,5.0
15,3078,1.0
15,3080,1.5
15,3104,4.5
15,3108,3.0
15,3114,0.5
15,3116,1.5
15,3122,1.5
15,3125,3.0
15,3131,2.0
15,3138,1.0
15,3154,3.5
15,3155,3.5
15,3158,4.5
15,3191,3.0
15,3201,2.5
15,3203,3.5
15,3206,2.5
15,3209,1.5
15,3212,4.5
15,3224,0.0
15,3226,3.0
15,3231,4.5
15,3242,2.0
15,3251,5.0
15,3255,0.5
15,3259,0.0
15,3263,3.5
15,3265,2.0
15,3278,4.0
15,3280,4.0
15,3284,2.5
15,3297,5.0
15,3300,4.0
15,3305,3.0
15,3310,1.5
15,3313,1.5
15,3323,3.0
15,3325,3.0
15,3327,0.0
15,3347,1.0
15,3348,1.5
15,3355,1.5
15,3356,5.0
15,3359,3.5
15,3370,4.5
15,3375,3.5
15,3376,2.0
15,3383,1.5
15,3386,0.0
15,3400,1.0
15,3406,0.5
15,3410,2.0
15,3414,1.5
15,3446,4.0
15,3447,4.0
15,3455,1.5
15,3456,5.0
15,3470,4.5
15,3494,3.0
15,3495,0.5
15,3503,0.5
15,3507,1.5
15,3510,1.0
15,3521,4.0
15,3530,3.5
15,3532,3.0
15,3539,1.0
15,3558,1.0
15,3563,0.0
15,3572,3.0
15,3592,3.5
15,3608,1.0
15,3610,1.0
15,3624,1.0
15,3627,2.0
15,3634,0.5
15,3639,0.5
15,3640,5.0
15,3644,3.0
15,3648,4.0
15,3657,3.5
15,3659,3.5
15,3661,0.5
15,3675,2.0
15,3676,4.0
15,3683,3.0
15,3693,4.5
15,3695,0.0
15,3697,1.5
15,3717,3.0
15,3730,1.0
15,3732,2.5
15,3735,0.5
15,3739,0.0
15,3740,0.0
15,3750,3.5
15,3753,1.5
15,3761,2.0
15,3767,4.5
15,3770,1.0
15,3781,4.5
15,3791,0.0
15,3792,2.5
15,3793,3.5
15,3822,2.0
15,3843,2.0
15,3852,5.0
15,3860,1.0
15,3865,3.0
15,3867,4.5
15,3881,2.5
15,3889,0.0
15,3895,0.0
15,3951,5.0
15,3994,3.0
16,6,0.5
16,9,2.5
16,23,3.0
16,26,3.5
16,29,1.5
16,36,2.5
16,42,4.5
16,45,4.0
16,62,0.5
16,105,0.0
16,112,0.0
16,115,3.5
16,116,3.0
16,133,2.5
16,140,1.5
16,148,1.0
16,165,2.0
16,167,3.0
16,190,0.0
16,195,4.5
16,233,3.5
16,244,1.5
16,256,3.0
16,273,2.0
16,280,4.0
16,295,1.5
16,297,4.0
16,314,0.5
16,324,2.0
16,353,1.5
16,366,4.5
16,371,0.0
16,373,5.0
16,383,4.5
16,385,4.5
16,389,3.5
16,400,3.0
16,404,4.0
16,411,1.5
16,413,0.0
16,414,5.0
16,420,2.5
16,421,4.0
16,425,2.0
16,428,4.5
16,432,3.5
16,444,1.0
16,459,1.5
16,465,2.0
16,466,2.0
16,478,4.0
16,479,0.5
16,480,3.0
16,482,2.0
16,484,3.5
16,489,3.5
16,491,4.5
16,503,5.0
16,512,3.0
16,515,5.0
16,534,3.0
16,540,0.0
16,541,0.5
16,544,2.5
16,551,3.0
16,562,0.5
16,573,3.0
16,576,1.0
16,582,3.0
16,596,5.0
16,616,4.5
16,618,5.0
16,619,4.0
16,622,1.0
16,626,3.5
16,631,1.5
16,636,4.5
16,642,0.0
16,643,0.0
16,651,5.0
16,669,0.0
16,682,4.0
16,697,2.0
16,699,1.5
16,702,4.5
16,705,2.5
16,716,0.0
16,732,2.5
16,737,2.0
16,748,4.0
16,749,1.0
16,780,4.0
16,788,5.0
16,802,1.5
16,806,4.0
16,814,3.0
16,824,2.5
16,831,4.0
16,834,1.0
16,837,4.5
16,848,5.0
16,851,0.0
16,858,0.5
16,873,4.5
16,879,4.0
16,884,1.0
16,885,1.5
16,887,0.5
16,889,4.0
16,894,3.5
16,901,3.5
16,911,2.0
16,920,0.5
16,937,0.5
16,950,0.0
16,968,4.5
16,972,0.5
16,976,3.0
16,983,4.5
16,987,0.5
16,1003,4.0
16,1008,4.5
16,1013,2.0
16,1028,3.5
16,1035,5.0
16,1041,1.5
16,1058,0.0
16,1063,1.5
16,1076,1.0
16,1086,1.0
16,1091,0.0
16,1100,4.0
16,1105,5.0
16,1109,1.0
16,1114,5.0
16,1129,3.0
16,1171,5.0
16,1194,4.0
16,1203,5.0
16,1204,5.0
16,1208,1.0
16,1219,4.0
16,1240,2.5
16,1251,0.0
16,1258,1.5
16,1261,5.0
16,1278,0.5
16,1286,2.0
16,1302,3.5
16,1308,3.5
16,1309,3.0
16,1313,0.0
16,1315,4.5
16,1316,4.0
16,1320,1.5
16,1329,3.0
16,1333,1.5
16,1334,4.0
16,1358,0.5
16,1365,1.0
16,1373,3.0
16,1379,3.0
16,1383,2.0
16,1389,1.0
16,1395,5.0
16,1401,2.5
16,1402,3.0
16,1408,1.0
16,1410,4.5
16,1421,4.5
16,1426,3.0
16,1431,2.0
16,1442,0.0
16,1446,2.5
16,1447,4.0
16,1467,3.0
16,1475,5.0
16,1480,4.0
16,1496,3.5
16,1506,0.5
16,1515,2.5
16,1516,0.0
16,1518,4.0
16,1520,3.5
16,1523,3.0
16,1529,3.0
16,1531,1.0
16,1540,1.5
16,1542,4.5
16,1544,2.0
16,1574,1.0
16,1588,1.5
16,1608,4.5
16,1609,4.0
16,1610,4.0
16,1615,4.0
16,1616,1.5
16,1623,5.0
16,1628,3.0
16,1630,3.5
16,1635,4.0
16,1649,1.0
16,1659,5.0
16,1664,2.0
16,1666,2.0
16,1680,0.0
16,1681,1.0
16,1682,2.5
16,1690,1.5
16,1696,3.5
16,1701,3.5
16,1710,5.0
16,1717,2.0
16,1724,3.0
16,1727,4.5
16,1734,5.0
16,1740,3.0
16,1754,2.0
16,1763,2.5
16,1771,4.5
16,1776,0.0
16,1779,3.0
16,1782,4.5
16,1791,1.5
16,1813,3.0
16,1818,2.0
16,1838,4.5
16,1847,4.5
16,1849,2.5
16,1855,2.5
16,1859,3.0
16,1865,4.0
16,1870,3.0
16,1878,2.0
16,1887,3.5
16,1894,2.5
16,1909,0.5
16,1912,3.5
16,1913,0.5
16,1920,3.5
16,1921,1.5
16,1928,0.5
16,1939,0.5
16,1959,0.5
16,1968,0.0
16,1970,2.0
16,1971,4.0
16,1980,0.5
16,1991,3.0
16,1995,4.0
16,1996,0.5
16,2011,2.0
16,2018,3.5
16,2020,5.0
16,2025,3.5
16,2032,1.0
16,2036,4.5
16,2040,0.0
16,2056,2.5
16,2062,2.0
16,2067,0.5
16,2081,1.5
16,2083,0.5
16,2084,1.0
16,2104,1.5
16,2105,2.5
16,2106,0.5
16,2114,2.5
16,2118,3.0
16,2119,0.5
16,2135,1.5
16,2143,4.0
16,2146,3.5
16,2166,2.5
16,2173,0.0
16,2179,3.5
16,2181,0.0
16,2187,2.5
16,2195,4.0
16,2199,2.5
16,2201,4.5
16,2202,0.0
16,2218,2.5
16,2220,2.5
16,2224,3.5
16,2228,3.0
16,2231,4.0
16,2232,2.5
16,2240,4.5
16,2246,0.0
16,2254,5.0
16,2261,2.5
16,2264,4.5
16,2266,3.0
16,2267,2.5
16,2275,2.5
16,2278,4.0
16,2281,3.5
16,2288,3.0
16,2292,0.0
16,2295,4.5
16,2298,3.0
16,2304,4.0
16,2306,1.5
16,2308,2.0
16,2314,4.0
16,2317,3.0
16,2334,3.5
16,2337,2.0
16,2346,2.0
16,2351,5.0
16,2367,5.0
16,2368,3.5
16,2387,0.0
16,2411,4.5
16,2417,1.5
16,2425,1.5
16,2431,3.0
16,2469,4.0
16,2470,3.0
16,2476,4.5
16,2478,3.5
16,2491,5.0
16,2492,1.5
16,2495,0.5
16,2497,5.0
16,2514,4.5
16,2525,1.5
16,2553,5.0
16,2559,3.5
16,2574,0.5
16,2577,5.0
16,2588,1.0
16,2589,5.0
16,2595,4.5
16,2596,1.5
16,2601,1.0
16,2604,2.5
16,2612,2.5
16,2623,4.5
16,2624,4.0
16,2626,0.0
16,2636,0.0
16,2638,5.0
16,2649,0.5
16,2650,2.5
16,2653,0.5
16,2659,1.0
16,2676,2.5
16,2688,0.0
16,2694,4.0
16,2700,4.0
16,2712,4.5
16,2718,3.5
16,2725,2.0
16,2741,2.5
16,2747,2.0
16,2757,0.5
16,2763,0.5
16,2767,0.5
16,2780,3.0
16,2796,0.5
16,2802,3.5
16,2804,3.5
16,2812,3.0
16,2813,2.5
16,2825,4.5
16,2829,5.0
16,2834,0.5
16,2837,3.5
16,2852,4.0
16,2858,3.5
16,2860,3.5
16,2864,4.0
16,2867,1.5
16,2873,0.0
16,2874,0.0
16,2876,2.0
16,2893,1.5
16,2902,1.5
16,2914,4.5
16,2916,1.5
16,2919,2.0
16,2924,4.0
16,2932,4.5
16,2934,1.0
16,2936,1.0
16,2941,4.0
16,2954,1.0
16,2958,4.0
16,2960,5.0
16,2976,1.5
16,2993,1.5
16,2995,5.0
16,3002,3.0
16,3008,3.5
16,3014,1.5
16,3017,3.5
16,3026,5.0
16,3029,3.0
16,3036,4.0
16,3041,3.5
16,3043,3.0
16,3047,3.5
16,3053,4.0
16,3055,3.0
16,3058,3.0
16,3072,3.5
16,3076,0.0
16,3080,5.0
16,3101,0.0
16,3104,1.5
16,3106,0.0
16,3108,1.0
16,3109,5.0
16,3116,4.0
16,3117,1.5
16,3119,1.5
16,3121,2.0
16,3125,1.0
16,3128,4.0
16,3131,1.0
16,3133,4.5
16,3134,5.0
16,3138,5.0
16,3142,1.5
16,3155,1.5
16,3162,2.0
16,3166,1.5
16,3167,1.0
16,3168,1.5
16,3179,3.5
16,3184,2.5
16,3191,3.5
16,3203,4.0
16,3206,5.0
16,3215,4.5
16,3222,1.5
16,3226,0.0
16,3232,1.0
16,3247,4.0
16,3256,1.5
16,3258,0.5
16,3259,3.0
16,3272,4.0
16,3275,1.5
16,3278,3.0
16,3280,3.5
16,3305,5.0
16,3307,2.0
16,3311,0.5
16,3316,2.5
16,3321,3.5
16,3325,0.0
16,3347,0.5
16,3349,0.0
16,3355,2.5
16,3356,4.0
16,3361,5.0
16,3365,1.0
16,3367,3.0
16,3370,3.0
16,3376,2.5
16,3383,5.0
16,3384,3.0
16,3393,4.0
16,3400,4.0
16,3423,0.0
16,3445,0.0
16,3448,5.0
16,3453,2.5
16,3455,1.5
16,3456,5.0
16,3458,0.0
16,3470,3.0
16,3487,1.0
16,3495,1.5
16,3504,5.0
16,3510,0.0
16,3523,4.5
16,3532,4.0
16,3533,0.0
16,3539,0.0
16,3542,2.5
16,3555,4.5
16,3558,5.0
16,3568,5.0
16,3572,2.0
16,3580,5.0
16,3610,2.0
16,3622,5.0
16,3629,1.5
16,3639,4.0
16,3647,2.5
16,3651,4.5
16,3676,3.0
16,3693,4.5
16,3695,3.5
16,3697,5.0
16,3701,3.0
16,3712,4.0
16,3717,2.5
16,3739,4.5
16,3742,3.0
16,3744,3.0
16,3747,1.0
16,3750,0.5
16,3753,1.0
16,3756,4.5
16,3762,3.0
16,3773,3.0
16,3781,4.0
16,3793,3.0
16,3826,2.0
16,3836,0.0
16,3841,1.5
16,3852,3.0
16,3859,3.0
16,3865,0.5
16,3867,1.0
16,3871,4.5
16,3875,4.0
16,3886,4.0
16,3893,2.0
16,3895,1.5
16,3960,1.0
16,3965,2.5
16,3982,3.0
16,3997,0.5
17,4,1.0
17,6,0.0
17,9,2.0
17,19,3.5
17,26,1.0
17,28,0.0
17,29,3.5
17,34,4.5
17,49,2.0
17,62,2.5
17,64,4.5
17,68,1.5
17,81,3.5
17,87,5.0
17,90,1.0
17,105,1.0
17,108,4.5
17,112,3.0
17,115,2.0
17,116,5.0
17,118,4.0
17,133,1.0
17,140,0.5
17,145,3.5
17,152,2.5
17,161,2.5
17,171,4.0
17,184,2.0
17,199,0.0
17,203,4.0
17,215,0.5
17,229,3.5
17,233,3.5
17,235,4.0
17,241,2.5
17,242,4.0
17,244,3.5
17,252,0.0
17,265,0.0
17,266,5.0
17,270,0.0
17,295,2.0
17,314,1.5
17,322,5.0
17,336,3.0
17,346,1.0
17,347,2.5
17,349,2.0
17,389,3.0
17,401,3.5
17,404,2.0
17,409,1.0
17,411,1.0
17,414,2.0
17,420,3.0
17,425,4.5
17,428,5.0
17,437,5.0
17,443,2.0
17,455,3.0
17,476,3.5
17,479,0.5
17,482,3.5
17,484,1.5
17,489,2.0
17,491,5.0
17,495,0.5
17,503,4.5
17,514,0.5
17,515,0.0
17,538,4.0
17,540,2.0
17,547,3.5
17,566,2.0
17,573,5.0
17,576,0.0
17,582,4.0
17,596,0.5
17,602,1.0
17,625,4.5
17,631,2.0
17,636,4.5
17,637,2.5
17,642,2.5
17,643,3.5
17,647,3.0
17,651,3.0
17,669,5.0
17,677,4.5
17,680,5.0
17,682,0.0
17,685,1.5
17,697,1.5
17,702,3.5
17,708,1.0
17,716,3.5
17,732,3.0
17,739,5.0
17,751,0.5
17,754,1.5
17,755,3.0
17,761,2.5
17,764,3.5
17,775,4.0
17,784,2.5
17,786,0.5
17,814,0.5
17,818,5.0
17,824,2.0
17,834,2.0
17,851,0.5
17,858,3.0
17,872,5.0
17,873,3.0
17,876,3.5
17,879,4.0
17,880,0.0
17,884,4.5
17,887,4.5
17,888,2.5
17,911,0.0
17,916,3.5
17,920,0.0
17,939,5.0
17,950,3.5
17,955,1.0
17,958,0.5
17,977,4.0
17,1003,1.5
17,1005,1.5
17,1006,2.5
17,1013,0.5
17,1018,3.0
17,1019,4.0
17,1047,3.0
17,1058,4.5
17,1063,1.0
17,1091,3.0
17,1101,2.0
17,1111,1.0
17,1122,2.5
17,1132,4.0
17,1159,4.5
17,1161,4.5
17,1171,1.0
17,1199,3.5
17,1203,5.0
17,1208,0.0
17,1213,2.5
17,1219,5.0
17,1223,1.0
17,1228,1.5
17,1245,2.0
17,1249,0.5
17,1250,2.5
17,1253,1.0
17,1264,4.5
17,1280,0.0
17,1284,5.0
17,1286,1.5
17,1293,5.0
17,1308,4.0
17,1316,2.5
17,1320,4.0
17,1321,1.5
17,1328,1.5
17,1351,5.0
17,1352,1.0
17,1355,1.5
17,1358,5.0
17,1365,0.0
17,1371,3.5
17,1373,4.5
17,1379,2.0
17,1383,1.5
17,1387,1.0
17,1395,2.0
17,1401,1.5
17,1402,1.5
17,1411,2.0
17,1412,1.0
17,1421,2.0
17,1431,1.0
17,1433,5.0
17,1444,2.0
17,1455,0.0
17,1480,3.0
17,1483,0.5
17,1491,3.5
17,1496,3.0
17,1500,2.5
17,1501,3.5
17,1506,0.5
17,1512,2.5
17,1515,0.5
17,1518,4.5
17,1531,1.5
17,1540,1.5
17,1542,1.0
17,1544,2.5
17,1547,2.0
17,1562,3.0
17,1588,2.0
17,1589,5.0
17,1601,3.5
17,1602,1.5
17,1608,3.5
17,1609,1.0
17,1610,3.0
17,1615,2.0
17,1616,0.5
17,1624,5.0
17,1630,1.5
17,1638,4.0
17,1647,0.5
17,1681,1.0
17,1690,3.5
17,1694,1.5
17,1696,4.0
17,1699,0.5
17,1701,2.5
17,1724,4.0
17,1727,2.5
17,1735,2.5
17,1737,1.0
17,1738,3.0
17,1741,1.0
17,1751,0.0
17,1758,1.0
17,1764,5.0
17,1766,1.5
17,1770,3.5
17,1771,4.5
17,1779,0.5
17,1794,1.0
17,1800,4.5
17,1802,2.0
17,1808,2.0
17,1817,5.0
17,1818,4.0
17,1823,2.5
17,1849,1.0
17,1850,4.5
17,1855,5.0
17,1859,3.5
17,1865,3.0
17,1870,1.5
17,1880,2.0
17,1900,2.0
17,1909,3.5
17,1936,2.5
17,1959,3.0
17,1967,4.0
17,1968,5.0
17,1969,1.0
17,1970,0.0
17,1995,1.5
17,1996,0.0
17,2011,3.0
17,2018,4.0
17,2025,1.5
17,2030,2.0
17,2043,4.5
17,2044,5.0
17,2055,0.5
17,2056,0.5
17,2059,5.0
17,2062,3.5
17,2067,0.5
17,2071,5.0
17,2078,0.5
17,2080,2.0
17,2081,3.0
17,2083,2.0
17,2084,2.5
17,2095,2.0
17,2096,4.5
17,2102,2.5
17,2106,0.5
17,2114,4.5
17,2135,2.0
17,2146,1.0
17,2160,4.5
17,2163,4.0
17,2173,2.0
17,2174,2.0
17,2181,1.5
17,2187,1.5
17,2189,5.0
17,2202,4.0
17,2209,2.0
17,2216,0.5
17,2222,0.5
17,2224,0.5
17,2228,3.5
17,2231,1.5
17,2251,1.5
17,2254,3.0
17,2257,3.0
17,2271,4.5
17,2278,2.5
17,2281,5.0
17,2285,4.5
17,2288,0.5
17,2289,3.0
17,2295,1.5
17,2304,2.5
17,2306,2.0
17,2319,1.0
17,2320,0.5
17,2334,4.5
17,2339,2.0
17,2343,1.5
17,2346,2.5
17,2348,0.0
17,2358,2.0
17,2394,3.0
17,2403,4.0
17,2410,4.5
17,2417,0.5
17,2425,1.5
17,2426,2.0
17,2432,3.5
17,2436,3.0
17,2444,4.0
17,2452,4.5
17,2469,4.0
17,2471,5.0
17,2478,3.0
17,2491,4.0
17,2492,4.5
17,2493,1.5
17,2495,3.5
17,2496,4.5
17,2503,1.5
17,2508,3.5
17,2541,4.0
17,2553,0.0
17,2556,0.0
17,2577,2.0
17,2589,2.0
17,2592,2.0
17,2601,5.0
17,2612,0.5
17,2614,0.5
17,2616,4.5
17,2619,2.0
17,2623,4.5
17,2625,2.0
17,2633,3.0
17,2637,2.0
17,2649,3.0
17,2650,2.5
17,2653,5.0
17,2667,4.0
17,2675,1.0
17,2676,3.5
17,2679,2.5
17,2681,4.0
17,2682,4.0
17,2686,5.0
17,2697,4.5
17,2699,4.0
17,2718,2.0
17,2730,1.0
17,2743,5.0
17,2748,3.5
17,2755,3.0
17,2779,1.5
17,2780,3.0
17,2794,0.5
17,2804,3.5
17,2812,0.0
17,2825,1.0
17,2829,0.0
17,2837,3.0
17,2842,3.5
17,2860,4.0
17,2876,1.5
17,2885,2.0
17,2890,0.5
17,2910,3.0
17,2912,1.0
17,2914,3.5
17,2919,5.0
17,2924,3.5
17,2932,0.5
17,2934,0.5
17,2951,1.5
17,2953,3.5
17,2955,0.5
17,2962,5.0
17,2975,5.0
17,2976,3.5
17,2981,1.0
17,3008,2.5
17,3016,3.5
17,3036,1.5
17,3041,5.0
17,3042,3.0
17,3043,0.0
17,3044,1.5
17,3046,0.5
17,3050,4.0
17,3052,1.0
17,3054,2.5
17,3093,3.0
17,3102,2.0
17,3106,5.0
17,3109,0.0
17,3114,3.0
17,3116,1.0
17,3117,1.5
17,3119,4.0
17,3121,4.5
17,3128,2.5
17,3131,4.0
17,3133,3.0
17,3134,2.0
17,3142,2.0
17,3147,1.0
17,3158,3.5
17,3168,2.0
17,3169,4.0
17,3179,3.0
17,3184,3.0
17,3191,3.0
17,3194,3.5
17,3201,5.0
17,3206,4.0
17,3209,1.0
17,3212,4.0
17,3223,2.5
17,3226,2.5
17,3231,5.0
17,3237,3.0
17,3239,3.0
17,3242,1.5
17,3247,3.0
17,3256,5.0
17,3272,4.5
17,3278,1.5
17,3284,0.5
17,3289,1.5
17,3292,4.5
17,3298,1.5
17,3300,2.0
17,3310,0.0
17,3316,5.0
17,3319,0.0
17,3321,2.0
17,3323,2.0
17,3327,2.0
17,3342,2.5
17,3345,3.0
17,3348,5.0
17,3349,3.0
17,3355,3.0
17,3356,4.0
17,3359,0.0
17,3365,0.0
17,3375,1.5
17,3384,3.5
17,3389,0.0
17,3392,1.5
17,3393,3.5
17,3396,0.0
17,3401,0.0
17,3402,1.0
17,3413,2.5
17,3414,3.0
17,3416,4.0
17,3418,4.5
17,3423,0.5
17,3428,0.5
17,3445,4.0
17,3447,1.5
17,3448,3.5
17,3453,4.5
17,3482,0.5
17,3487,3.0
17,3495,2.0
17,3507,4.0
17,3510,3.5
17,3515,4.0
17,3523,1.5
17,3527,4.5
17,3536,4.0
17,3548,3.5
17,3554,3.5
17,3572,0.0
17,3581,3.0
17,3587,0.5
17,3610,3.5
17,3622,1.0
17,3644,2.5
17,3646,2.0
17,3648,5.0
17,3657,5.0
17,3658,2.5
17,3659,3.0
17,3661,5.0
17,3675,4.0
17,3693,5.0
17,3717,4.0
17,3739,0.5
17,3750,3.5
17,3761,1.5
17,3762,2.0
17,3766,3.5
17,3767,2.5
17,3780,3.0
17,3781,2.0
17,3791,4.5
17,3793,4.5
17,3821,2.5
17,3823,4.0
17,3826,1.5
17,3841,4.5
17,3861,0.5
17,3881,3.0
17,3893,1.5
17,3894,2.5
17,3895,2.0
17,3911,4.0
17,3970,2.5
17,3982,1.5
17,3986,0.5
18,4,2.5
18,6,0.5
18,11,0.5
18,19,2.0
18,23,1.0
18,29,0.0
18,34,0.0
18,36,4.0
18,44,4.5
18,49,1.5
18,55,3.0
18,62,0.5
18,81,3.5
18,87,1.5
18,90,3.5
18,95,1.0
18,107,1.0
18,110,2.5
18,112,1.0
18,133,0.0
18,171,2.0
18,190,0.5
18,195,5.0
18,199,0.5
18,215,2.0
18,233,0.5
18,235,4.0
18,241,3.0
18,242,4.0
18,252,4.5
18,256,1.5
18,265,4.0
18,277,5.0
18,288,0.0
18,295,5.0
18,297,0.0
18,303,2.5
18,319,4.0
18,324,2.0
18,336,4.0
18,347,1.0
18,358,4.0
18,377,2.0
18,385,3.0
18,411,3.5
18,420,0.5
18,425,2.0
18,443,5.0
18,444,3.0
18,454,1.5
18,457,0.5
18,459,3.0
18,465,3.0
18,476,4.0
18,477,3.5
18,478,4.0
18,479,2.5
18,482,1.5
18,484,1.5
18,489,5.0
18,504,0.0
18,509,1.0
18,514,1.5
18,515,1.0
18,521,2.5
18,525,4.0
18,528,3.0
18,547,1.5
18,551,1.0
18,562,2.0
18,566,0.0
18,569,1.0
18,573,0.5
18,582,2.0
18,598,3.0
18,606,1.5
18,612,4.0
18,616,0.0
18,618,0.0
18,619,1.0
18,622,2.0
18,624,4.5
18,625,3.5
18,626,4.0
18,636,3.0
18,637,0.0
18,668,3.0
18,669,2.0
18,673,1.0
18,677,5.0
18,682,1.5
18,685,2.5
18,699,5.0
18,702,5.0
18,705,0.0
18,708,3.5
18,727,1.0
18,738,3.0
18,739,4.5
18,744,4.0
18,749,4.0
18,751,4.5
18,755,4.5
18,762,1.5
18,764,4.5
18,768,3.5
18,775,2.0
18,778,4.0
18,784,0.5
18,788,1.0
18,789,0.5
18,800,5.0
18,802,2.5
18,814,2.5
18,815,0.0
18,816,2.5
18,824,1.0
18,830,5.0
18,831,1.5
18,837,0.0
18,846,5.0
18,850,4.0
18,851,5.0
18,859,2.0
18,872,1.0
18,883,0.5
18,888,4.5
18,894,5.0
18,919,3.5
18,939,4.5
18,941,1.5
18,946,0.5
18,967,2.5
18,972,5.0
18,998,5.0
18,1003,5.0
18,1013,1.5
18,1018,0.0
18,1019,4.0
18,1025,2.0
18,1028,4.5
18,1035,1.0
18,1039,4.5
18,1047,2.5
18,1057,0.0
18,1058,3.5
18,1071,1.5
18,1082,2.0
18,1086,4.5
18,1087,4.5
18,1091,1.0
18,1100,4.5
18,1101,0.0
18,1109,4.5
18,1110,2.0
18,1114,3.5
18,1128,0.5
18,1129,4.0
18,1132,1.5
18,1145,3.0
18,1146,0.0
18,1159,5.0
18,1161,2.0
18,1166,0.5
18,1191,5.0
18,1194,3.5
18,1204,2.0
18,1208,3.0
18,1210,5.0
18,1213,1.0
18,1223,1.5
18,1240,0.0
18,1245,5.0
18,1250,3.5
18,1261,4.0
18,1269,2.0
18,1278,3.0
18,1279,0.0
18,1284,2.5
18,1292,2.0
18,1302,0.0
18,1308,3.0
18,1309,3.0
18,1316,1.5
18,1320,5.0
18,1321,0.0
18,1329,5.0
18,1333,3.5
18,1346,1.5
18,1351,3.0
18,1355,4.0
18,1365,4.5
18,1366,2.0
18,1373,4.5
18,1386,2.5
18,1389,3.5
18,1402,1.0
18,1421,5.0
18,1426,1.0
18,1429,0.0
18,1433,2.0
18,1442,1.0
18,1484,4.5
18,1506,4.5
18,1515,3.0
18,1516,4.0
18,1523,2.0
18,1529,0.0
18,1538,0.0
18,1542,0.0
18,1561,1.5
18,1562,2.5
18,1577,4.0
18,1589,2.0
18,1601,5.0
18,1609,4.5
18,1616,2.5
18,1628,5.0
18,1630,4.0
18,1635,1.5
18,1638,4.5
18,1639,4.0
18,1647,2.0
18,1663,3.0
18,1664,1.0
18,1666,5.0
18,1672,2.0
18,1680,2.5
18,1682,2.5
18,1693,5.0
18,1694,4.0
18,1696,5.0
18,1698,1.5
18,1699,5.0
18,1711,1.5
18,1716,1.5
18,1722,1.5
18,1738,3.5
18,1741,4.0
18,1751,0.0
18,1758,5.0
18,1763,0.5
18,1781,1.5
18,1794,1.0
18,1808,0.0
18,1816,0.5
18,1817,0.0
18,1819,2.0
18,1820,1.5
18,1832,0.0
18,1833,2.0
18,1838,4.0
18,1841,2.5
18,1849,0.0
18,1850,5.0
18,1855,3.0
18,1859,0.5
18,1866,4.0
18,1870,4.0
18,1872,0.5
18,1878,3.0
18,1900,4.5
18,1909,4.5
18,1912,2.0
18,1936,1.5
18,1951,4.0
18,1954,3.5
18,1960,2.5
18,1967,2.5
18,1969,0.0
18,1970,1.5
18,1980,3.0
18,1996,3.5
18,2025,5.0
18,2028,0.5
18,2030,3.5
18,2040,1.5
18,2055,3.0
18,2060,4.5
18,2062,5.0
18,2067,2.0
18,2078,5.0
18,2080,3.0
18,2083,2.5
18,2084,3.5
18,2096,0.5
18,2099,4.5
18,2102,5.0
18,2104,2.0
18,2109,2.0
18,2117,3.0
18,2119,3.0
18,2143,0.0
18,2144,5.0
18,2146,3.0
18,2163,0.0
18,2164,3.0
18,2179,0.5
18,2187,0.5
18,2201,1.0
18,2202,5.0
18,2209,1.0
18,2218,1.5
18,2219,1.5
18,2220,1.5
18,2231,2.0
18,2232,1.0
18,2240,1.0
18,2242,4.5
18,2251,2.0
18,2261,5.0
18,2266,1.0
18,2267,1.5
18,2271,5.0
18,2272,0.5
18,2273,3.0
18,2277,0.5
18,2280,2.5
18,2281,4.0
18,2285,1.0
18,2288,1.0
18,2289,2.5
18,2298,4.5
18,2304,2.0
18,2310,3.0
18,2317,1.5
18,2319,5.0
18,2320,2.0
18,2337,2.5
18,2343,3.0
18,2348,3.5
18,2351,2.5
18,2353,2.5
18,2363,1.5
18,2367,5.0
18,2385,4.5
18,2387,3.0
18,2410,2.0
18,2411,5.0
18,2414,5.0
18,2417,3.0
18,2431,3.0
18,2436,0.5
18,2446,2.5
18,2452,3.5
18,2456,4.0
18,2469,1.5
18,2470,3.5
18,2476,3.5
18,2478,4.0
18,2482,0.0
18,2492,1.5
18,2499,2.0
18,2503,1.0
18,2512,2.5
18,2525,0.5
18,2544,0.5
18,2553,3.5
18,2563,1.0
18,2588,4.5
18,2589,0.5
18,2601,5.0
18,2612,1.5
18,2616,0.5
18,2619,1.5
18,2625,4.5
18,2626,3.0
18,2633,3.5
18,2638,4.0
18,2659,5.0
18,2676,5.0
18,2679,1.5
18,2686,2.0
18,2688,2.5
18,2697,5.0
18,2698,4.0
18,2700,2.5
18,2712,1.0
18,2718,4.0
18,2730,0.0
18,2735,0.0
18,2747,0.0
18,2752,3.0
18,2755,4.5
18,2757,2.0
18,2758,2.0
18,2761,2.5
18,2779,1.5
18,2780,4.0
18,2781,1.5
18,2794,1.0
18,2796,0.5
18,2799,0.5
18,2804,4.5
18,2818,5.0
18,2828,4.0
18,2837,4.5
18,2842,5.0
18,2849,4.0
18,2851,3.0
18,2852,4.0
18,2860,1.5
18,2864,0.0
18,2873,2.0
18,2874,1.5
18,2876,4.0
18,2877,3.5
18,2885,3.0
18,2893,4.0
18,2916,4.0
18,2924,4.0
18,2926,2.5
18,2933,5.0
18,2934,2.0
18,2941,2.0
18,2953,5.0
18,2954,5.0
18,2958,3.5
18,2962,0.0
18,2976,1.5
18,2989,1.5
18,2993,3.0
18,3002,1.5
18,3014,0.5
18,3026,2.5
18,3033,3.0
18,3039,3.0
18,3044,3.5
18,3046,0.5
18,3051,4.5
18,3052,0.0
18,3053,5.0
18,3055,2.5
18,3072,1.5
18,3074,4.0
18,3076,1.0
18,3078,1.0
18,3080,2.0
18,3093,3.5
18,3102,1.5
18,3104,1.5
18,3108,3.5
18,3109,2.5
18,3110,0.0
18,3113,0.5
18,3114,3.0
18,3116,3.0
18,3117,3.5
18,3119,3.5
18,3126,2.5
18,3131,4.0
18,3133,1.5
18,3138,2.5
18,3146,4.0
18,3150,0.0
18,3155,3.5
18,3158,5.0
18,3162,1.0
18,3166,1.5
18,3169,3.5
18,3179,0.5
18,3191,3.0
18,3194,0.0
18,3198,0.5
18,3203,0.5
18,3210,4.5
18,3222,3.5
18,3224,3.0
18,3232,2.5
18,3242,1.0
18,3247,3.5
18,3255,1.5
18,3256,4.5
18,3259,0.0
18,3265,4.5
18,3272,1.5
18,3275,2.5
18,3278,5.0
18,3280,0.0
18,3282,5.0
18,3284,4.0
18,3297,0.0
18,3300,0.5
18,3310,3.5
18,3319,0.0
18,3321,4.5
18,3322,0.0
18,3323,3.5
18,3324,3.5
18,3325,0.5
18,3342,4.0
18,3350,2.0
18,3355,3.0
18,3359,2.0
18,3367,0.0
18,3370,1.5
18,3384,1.5
18,3392,2.0
18,3393,0.5
18,3400,0.5
18,3402,3.5
18,3418,2.5
18,3445,0.5
18,3447,3.5
18,3482,1.0
18,3494,5.0
18,3495,3.5
18,3507,2.5
18,3515,4.5
18,3521,0.5
18,3523,3.5
18,3527,1.5
18,3530,2.5
18,3532,0.0
18,3539,5.0
18,3548,5.0
18,3554,3.5
18,3555,3.0
18,3558,2.5
18,3563,5.0
18,3572,0.0
18,3580,2.0
18,3587,0.5
18,3592,1.5
18,3599,4.5
18,3608,5.0
18,3622,2.5
18,3624,2.0
18,3627,0.5
18,3629,2.5
18,3643,4.0
18,3646,0.5
18,3647,2.0
18,3648,2.5
18,3657,5.0
18,3658,0.5
18,3659,5.0
18,3669,0.5
18,3676,2.0
18,3683,3.0
18,3693,0.5
18,3697,4.0
18,3701,2.5
18,3705,2.0
18,3712,0.0
18,3730,2.0
18,3741,2.5
18,3747,1.0
18,3756,0.0
18,3759,4.0
18,3761,3.0
18,3762,1.0
18,3766,2.0
18,3767,1.0
18,3770,1.5
18,3780,1.0
18,3781,3.0
18,3792,3.0
18,3797,4.5
18,3812,0.5
18,3822,1.0
18,3836,2.5
18,3841,1.0
18,3843,1.0
18,3860,5.0
18,3861,1.0
18,3865,1.0
18,3873,5.0
18,3881,4.5
18,3882,0.5
18,3886,3.0
18,3891,2.5
18,3906,5.0
18,3918,0.5
18,3951,2.0
18,3960,0.5
18,3965,4.0
18,3994,0.5
19,11,1.5
19,20,5.0
19,26,4.0
19,28,2.0
19,29,0.0
19,32,0.0
19,44,2.5
19,45,0.5
19,55,0.0
19,62,2.5
19,63,4.0
19,68,1.5
19,81,0.0
19,87,3.5
19,90,0.0
19,105,1.5
19,110,0.5
19,118,1.5
19,142,1.0
19,145,3.0
19,148,0.0
19,152,1.5
19,161,2.0
19,165,0.5
19,190,2.5
19,195,0.5
19,207,3.5
19,215,2.5
19,226,0.0
19,241,1.5
19,243,5.0
19,248,2.0
19,252,3.5
19,266,0.0
19,270,0.5
19,273,3.0
19,274,3.0
19,275,1.5
19,277,3.5
19,280,0.0
19,295,0.0
19,297,2.5
19,298,1.5
19,303,3.5
19,322,0.0
19,324,2.5
19,327,1.5
19,346,2.5
19,347,0.5
19,349,1.0
19,362,5.0
19,375,0.5
19,377,5.0
19,383,5.0
19,385,5.0
19,389,3.5
19,400,0.0
19,401,5.0
19,404,1.0
19,411,2.5
19,421,2.5
19,425,5.0
19,428,0.0
19,437,0.0
19,443,2.0
19,451,0.5
19,457,2.5
19,458,0.0
19,465,2.5
19,466,4.0
19,480,2.0
19,482,5.0
19,484,1.5
19,489,4.5
19,495,1.0
19,514,2.5
19,521,3.0
19,525,5.0
19,540,3.0
19,541,0.0
19,566,5.0
19,573,5.0
19,582,2.0
19,606,1.0
19,612,0.0
19,622,3.0
19,624,0.0
19,625,1.5
19,626,2.0
19,631,0.0
19,633,4.0
19,643,0.5
19,647,0.0
19,668,0.5
19,680,2.0
19,681,1.5
19,682,4.5
19,685,5.0
19,696,4.0
19,699,0.5
19,705,3.5
19,708,1.5
19,716,0.5
19,736,2.0
19,744,3.0
19,749,1.5
19,751,4.0
19,754,2.0
19,764,1.0
19,768,2.0
19,775,2.5
19,784,5.0
19,788,0.5
19,789,1.5
19,795,3.5
19,800,0.5
19,816,1.0
19,819,5.0
19,830,2.0
19,834,2.0
19,838,1.5
19,846,4.0
19,848,2.5
19,858,0.0
19,872,0.0
19,879,3.0
19,883,2.5
19,884,3.0
19,885,3.5
19,887,1.0
19,889,0.0
19,894,5.0
19,904,4.0
19,916,3.0
19,930,5.0
19,939,2.0
19,946,4.0
19,950,4.5
19,955,0.5
19,958,2.0
19,969,4.0
19,976,4.5
19,977,3.0
19,987,1.0
19,1003,0.0
19,1004,2.5
19,1005,1.5
19,1006,4.5
19,1013,3.0
19,1018,1.5
19,1019,0.0
19,1021,3.0
19,1028,1.0
19,1049,1.0
19,1057,4.0
19,1058,2.5
19,1062,2.5
19,1063,0.5
19,1076,4.0
19,1082,1.5
19,1105,2.5
19,1111,4.0
19,1112,0.5
19,1114,5.0
19,1128,2.0
19,1129,0.0
19,1132,3.0
19,1137,4.0
19,1145,5.0
19,1146,1.5
19,1162,2.5
19,1166,0.0
19,1180,0.5
19,1183,1.5
19,1197,0.0
19,1213,4.5
19,1223,3.0
19,1226,4.5
19,1228,1.0
19,1235,4.0
19,1240,5.0
19,1249,2.0
19,1250,2.0
19,1251,1.0
19,1253,0.5
19,1258,2.0
19,1261,4.0
19,1274,4.0
19,1278,5.0
19,1282,5.0
19,1284,4.5
19,1286,0.5
19,1292,1.0
19,1316,2.5
19,1320,2.5
19,1321,2.5
19,1329,3.0
19,1333,1.5
19,1334,5.0
19,1346,3.5
19,1351,4.0
19,1352,2.5
19,1355,2.5
19,1371,2.5
19,1379,0.5
19,1389,1.5
19,1401,3.5
19,1402,2.5
19,1410,0.0
19,1411,3.5
19,1423,3.0
19,1427,1.5
19,1437,2.0
19,1444,1.0
19,1447,5.0
19,1467,1.0
19,1475,1.5
19,1480,3.5
19,1483,2.0
19,1484,4.5
19,1500,5.0
19,1506,2.5
19,1514,3.5
19,1520,5.0
19,1523,5.0
19,1531,2.5
19,1538,0.0
19,1539,3.0
19,1561,2.5
19,1574,4.0
19,1577,1.0
19,1583,3.5
19,1588,0.0
19,1589,1.5
19,1608,2.0
19,1610,0.0
19,1616,1.5
19,1628,0.5
19,1630,5.0
19,1643,3.5
19,1647,2.5
19,1654,2.5
19,1659,5.0
19,1666,0.0
19,1680,4.5
19,1694,3.5
19,1698,4.0
19,1699,4.0
19,1703,3.0
19,1710,3.5
19,1711,2.5
19,1716,1.5
19,1717,0.5
19,1724,2.5
19,1734,2.0
19,1738,0.0
19,1740,2.0
19,1745,0.0
19,1754,4.5
19,1764,4.0
19,1766,5.0
19,1770,0.0
19,1771,3.0
19,1776,1.0
19,1781,2.0
19,1783,0.5
19,1791,0.0
19,1802,4.5
19,1813,2.5
19,1817,0.0
19,1819,3.0
19,1820,3.0
19,1823,2.0
19,1841,2.5
19,1842,3.0
19,1846,0.5
19,1847,0.5
19,1859,4.0
19,1865,2.0
19,1866,1.5
19,1870,2.5
19,1872,0.5
19,1874,2.0
19,1878,3.0
19,1887,2.0
19,1894,1.0
19,1912,3.5
19,1913,3.5
19,1918,0.0
19,1920,4.5
19,1921,1.0
19,1928,1.0
19,1936,2.5
19,1939,3.0
19,1940,4.5
19,1959,2.0
19,1960,5.0
19,1967,4.5
19,1969,0.5
19,1970,1.0
19,1980,0.0
19,1991,5.0
19,1995,2.5
19,1996,1.0
19,1997,1.0
19,1999,2.0
19,2011,2.0
19,2018,4.0
19,2025,4.5
19,2032,1.0
19,2036,1.0
19,2044,4.5
19,2062,1.0
19,2078,3.0
19,2080,1.0
19,2081,4.5
19,2095,1.0
19,2099,3.5
19,2102,1.0
19,2104,2.5
19,2105,2.0
19,2117,5.0
19,2118,4.0
19,2143,4.5
19,2144,0.5
19,2146,1.5
19,2163,4.0
19,2166,0.5
19,2173,4.5
19,2174,0.0
19,2179,4.0
19,2189,5.0
19,2190,1.0
19,2199,2.0
19,2201,4.0
19,2202,0.5
19,2209,4.0
19,2216,5.0
19,2218,0.0
19,2219,3.5
19,2228,2.5
19,2232,2.5
19,2240,4.5
19,2242,1.0
19,2246,2.0
19,2254,0.0
19,2257,0.0
19,2261,1.0
19,2264,3.5
19,2266,0.5
19,2267,4.5
19,2272,2.5
19,2273,0.5
19,2275,0.5
19,2277,1.0
19,2297,5.0
19,2298,3.5
19,2304,0.5
19,2306,5.0
19,2314,3.5
19,2317,2.5
19,2329,2.5
19,2341,0.5
19,2343,4.0
19,2348,1.0
19,2351,3.0
19,2353,1.0
19,2363,0.0
19,2367,1.5
19,2385,2.0
19,2403,2.5
19,2409,5.0
19,2414,3.0
19,2416,2.5
19,2425,4.0
19,2426,1.5
19,2436,3.0
19,2452,4.0
19,2456,4.0
19,2470,5.0
19,2471,3.5
19,2472,5.0
19,2476,2.5
19,2493,5.0
19,2495,0.5
19,2496,4.5
19,2499,3.5
19,2543,0.5
19,2544,0.5
19,2553,1.5
19,2559,4.0
19,2566,4.5
19,2588,0.5
19,2589,1.0
19,2595,1.5
19,2596,3.0
19,2604,3.5
19,2612,4.5
19,2614,4.5
19,2619,5.0
19,2626,1.5
19,2633,0.0
19,2637,1.5
19,2638,0.5
19,2667,0.0
19,2675,1.5
19,2676,5.0
19,2681,1.5
19,2686,0.0
19,2697,3.0
19,2699,0.0
19,2700,3.5
19,2735,4.0
19,2741,0.5
19,2743,1.5
19,2744,3.5
19,2748,3.0
19,2755,5.0
19,2758,2.5
19,2761,1.0
19,2767,3.5
19,2779,2.0
19,2780,1.0
19,2785,0.5
19,2803,0.5
19,2809,3.5
19,2812,5.0
19,2813,5.0
19,2818,3.5
19,2825,3.5
19,2829,4.5
19,2834,4.0
19,2842,4.0
19,2849,0.0
19,2858,0.0
19,2860,3.5
19,2873,4.5
19,2874,0.0
19,2876,0.0
19,2877,1.0
19,2885,1.5
19,2910,1.5
19,2912,1.0
19,2926,3.0
19,2933,2.0
19,2934,4.5
19,2936,0.5
19,2951,3.5
19,2954,2.5
19,2960,4.5
19,2962,1.5
19,2977,1.5
19,2981,4.0
19,3002,1.0
19,3008,3.0
19,3026,0.5
19,3029,4.0
19,3033,0.0
19,3036,2.0
19,3039,3.0
19,3041,5.0
19,3042,0.5
19,3043,3.0
19,3047,0.0
19,3050,0.0
19,3052,5.0
19,3053,3.5
19,3054,1.0
19,3055,2.0
19,3072,4.0
19,3074,4.0
19,3078,2.5
19,3093,0.5
19,3101,2.0
19,3108,2.5
19,3109,0.0
19,3116,1.5
19,3117,4.0
19,3125,2.5
19,3126,0.5
19,3128,0.5
19,3131,3.0
19,3154,2.5
19,3169,0.5
19,3179,0.5
19,3184,2.0
19,3191,2.5
19,3194,1.5
19,3206,0.5
19,3208,0.5
19,3210,1.0
19,3212,3.5
19,3215,1.0
19,3226,1.5
19,3231,3.0
19,3239,0.0
19,3242,1.0
19,3247,1.0
19,3251,2.5
19,3252,3.0
19,3255,1.0
19,3259,5.0
19,3262,4.0
19,3265,0.0
19,3267,4.5
19,3272,4.0
19,3275,2.0
19,3278,2.0
19,3284,0.5
19,3292,2.5
19,3300,3.5
19,3305,3.0
19,3313,0.5
19,3316,2.5
19,3322,2.0
19,3323,0.0
19,3325,1.0
19,3327,0.0
19,3328,2.5
19,3335,4.5
19,3342,0.0
19,3345,1.0
19,3356,2.5
19,3361,5.0
19,3365,1.0
19,3370,4.0
19,3375,0.5
19,3383,4.0
19,3386,2.5
19,3389,0.0
19,3392,4.0
19,3393,4.5
19,3396,5.0
19,3400,3.0
19,3402,0.5
19,3410,1.5
19,3416,2.5
19,3418,0.5
19,3423,3.5
19,3428,2.0
19,3447,5.0
19,3448,3.0
19,3453,2.5
19,3465,0.5
19,3482,3.5
19,3494,4.0
19,3500,5.0
19,3503,1.0
19,3504,1.5
19,3507,3.0
19,3510,3.5
19,3515,2.0
19,3523,3.0
19,3527,0.5
19,3532,2.0
19,3533,4.5
19,3536,4.0
19,3539,0.0
19,3540,4.0
19,3548,2.5
19,3558,0.0
19,3568,4.5
19,3572,4.0
19,3587,3.5
19,3592,2.5
19,3599,2.0
19,3605,0.5
19,3608,1.0
19,3610,2.5
19,3619,0.5
19,3622,5.0
19,3627,5.0
19,3629,2.0
19,3634,0.5
19,3640,1.5
19,3643,1.0
19,3644,2.0
19,3647,4.0
19,3651,1.0
19,3657,3.5
19,3667,2.0
19,3669,2.0
19,3675,2.5
19,3676,2.0
19,3693,0.5
19,3695,2.0
19,3697,0.0
19,3703,4.0
19,3712,4.0
19,3730,1.5
19,3735,3.0
19,3739,3.5
19,3741,2.5
19,3753,0.5
19,3756,0.5
19,3759,3.0
19,3762,3.0
19,3766,2.5
19,3770,1.0
19,3773,1.0
19,3792,2.0
19,3793,2.0
19,3812,1.5
19,3822,2.5
19,3852,1.0
19,3856,4.5
19,3859,0.0
19,3860,4.0
19,3861,3.5
19,3865,1.0
19,3867,1.0
19,3871,3.5
19,3875,1.0
19,3884,1.0
19,3886,3.5
19,3889,1.5
19,3893,0.0
19,3903,1.5
19,3906,3.5
19,3907,5.0
19,3918,3.0
19,3957,0.5
19,3960,0.0
19,3965,5.0
19,3986,4.0
19,3987,1.0
19,3997,5.0
20,20,2.5
20,28,5.0
20,36,4.0
20,42,3.0
20,62,2.5
20,81,1.5
20,90,3.5
20,95,2.5
20,115,5.0
20,116,4.0
20,118,3.5
20,124,4.5
20,143,4.5
20,145,5.0
20,148,5.0
20,161,4.5
20,165,1.0
20,184,2.5
20,195,1.0
20,203,2.0
20,207,4.5
20,209,1.5
20,215,2.0
20,233,3.5
20,241,0.5
20,242,0.5
20,243,0.5
20,244,0.5
20,248,2.5
20,264,1.5
20,265,3.0
20,270,3.5
20,274,4.0
20,277,5.0
20,280,5.0
20,288,3.0
20,298,4.0
20,314,4.0
20,322,0.5
20,336,3.0
20,347,2.5
20,349,0.5
20,366,3.0
20,371,1.5
20,373,4.0
20,383,1.5
20,400,2.0
20,404,3.5
20,413,2.5
20,420,0.0
20,421,4.5
20,451,3.0
20,454,0.0
20,455,3.5
20,458,0.5
20,459,4.0
20,465,3.0
20,470,1.5
20,476,0.0
20,484,3.0
20,489,1.0
20,491,2.5
20,504,0.0
20,514,5.0
20,534,0.0
20,540,1.0
20,541,0.5
20,544,2.5
20,547,4.5
20,562,0.5
20,563,3.5
20,569,0.0
20,573,2.5
20,576,1.5
20,582,2.5
20,600,0.5
20,602,0.0
20,612,0.0
20,619,3.5
20,622,3.5
20,625,1.5
20,632,3.0
20,636,4.0
20,646,3.5
20,647,3.0
20,658,2.5
20,669,1.0
20,679,4.5
20,680,1.5
20,681,4.5
20,682,1.0
20,685,5.0
20,696,5.0
20,697,3.5
20,702,3.0
20,729,5.0
20,731,1.0
20,733,4.0
20,739,3.0
20,748,2.5
20,749,1.0
20,764,4.5
20,768,2.5
20,784,3.5
20,786,2.0
20,788,0.0
20,789,1.0
20,800,1.5
20,816,2.5
20,819,4.5
20,837,1.5
20,838,4.0
20,848,0.5
20,872,3.5
20,873,4.0
20,883,4.0
20,885,4.5
20,886,4.5
20,887,1.5
20,901,2.5
20,916,1.0
20,919,2.0
20,924,1.0
20,927,1.0
20,930,1.0
20,937,5.0
20,946,1.5
20,950,5.0
20,958,0.0
20,966,5.0
20,968,0.0
20,972,2.0
20,976,4.0
20,983,0.5
20,987,4.0
20,998,5.0
20,1003,0.5
20,1004,1.0
20,1005,2.5
20,1018,4.0
20,1019,0.0
20,1021,4.5
20,1039,4.5
20,1047,4.0
20,1057,1.0
20,1058,2.5
20,1062,0.5
20,1068,0.5
20,1071,1.5
20,1076,0.5
20,1091,2.0
20,1101,3.0
20,1105,1.5
20,1111,0.0
20,1114,1.0
20,1122,3.0
20,1128,1.5
20,1129,1.0
20,1132,3.5
20,1145,3.0
20,1171,1.5
20,1180,1.5
20,1191,5.0
20,1197,0.5
20,1198,3.5
20,1203,3.5
20,1210,4.5
20,1219,3.5
20,1223,0.5
20,1228,5.0
20,1245,3.0
20,1253,1.0
20,1278,3.0
20,1280,3.5
20,1284,0.5
20,1286,4.0
20,1292,4.5
20,1293,1.0
20,1302,5.0
20,1315,0.5
20,1316,3.0
20,1329,3.0
20,1342,0.0
20,1358,2.0
20,1373,5.0
20,1379,2.0
20,1386,5.0
20,1387,0.0
20,1389,3.5
20,1402,2.0
20,1410,3.5
20,1426,5.0
20,1427,4.0
20,1433,0.0
20,1442,4.0
20,1447,3.0
20,1455,0.5
20,1463,2.0
20,1484,3.0
20,1496,1.5
20,1500,2.0
20,1506,5.0
20,1514,0.0
20,1515,0.0
20,1520,2.5
20,1523,2.5
20,1531,1.5
20,1538,0.5
20,1542,5.0
20,1544,2.0
20,1547,3.5
20,1562,4.0
20,1583,0.5
20,1601,1.0
20,1610,2.0
20,1624,0.0
20,1627,3.5
20,1630,1.5
20,1638,5.0
20,1639,4.5
20,1654,0.0
20,1659,5.0
20,1663,2.0
20,1677,2.5
20,1680,4.0
20,1682,1.5
20,1703,3.5
20,1724,4.5
20,1734,1.5
20,1735,4.0
20,1738,0.0
20,1741,4.5
20,1745,2.5
20,1754,3.5
20,1763,4.5
20,1766,1.5
20,1776,0.0
20,1779,0.5
20,1781,0.5
20,1782,1.5
20,1783,0.0
20,1791,0.0
20,1794,2.0
20,1802,1.0
20,1808,4.0
20,1813,1.0
20,1815,1.0
20,1816,4.5
20,1818,4.0
20,1820,4.5
20,1833,2.5
20,1838,1.0
20,1842,3.5
20,1846,3.5
20,1866,2.0
20,1872,3.0
20,1900,2.0
20,1909,1.0
20,1912,1.0
20,1913,2.0
20,1920,3.5
20,1936,3.0
20,1940,4.0
20,1949,1.0
20,1959,4.5
20,1960,3.5
20,1963,4.0
20,1969,3.5
20,1991,1.5
20,1995,3.0
20,1999,1.5
20,2011,1.5
20,2028,4.0
20,2030,5.0
20,2036,2.0
20,2040,4.0
20,2043,1.5
20,2067,4.0
20,2071,1.5
20,2080,3.0
20,2081,3.0
20,2084,1.5
20,2087,3.0
20,2106,2.0
20,2109,1.0
20,2118,5.0
20,2134,0.5
20,2135,4.5
20,2143,4.5
20,2160,1.0
20,2164,3.5
20,2165,5.0
20,2166,2.0
20,2181,0.0
20,2187,5.0
20,2189,1.0
20,2190,4.5
20,2195,0.0
20,2209,3.0
20,2219,1.0
20,2220,0.0
20,2224,0.5
20,2228,1.0
20,2231,4.0
20,2242,0.0
20,2271,3.5
20,2272,3.5
20,2276,0.5
20,2278,5.0
20,2280,0.0
20,2281,4.5
20,2289,0.0
20,2295,2.5
20,2298,0.5
20,2306,1.0
20,2308,1.0
20,2310,3.0
20,2314,2.5
20,2317,2.5
20,2319,2.5
20,2339,2.5
20,2358,2.0
20,2359,1.0
20,2382,1.5
20,2394,5.0
20,2409,3.5
20,2410,4.5
20,2411,1.5
20,2417,3.0
20,2425,1.5
20,2438,3.5
20,2446,1.5
20,2471,1.0
20,2476,1.0
20,2491,3.5
20,2493,4.0
20,2495,4.5
20,2497,2.5
20,2499,3.0
20,2503,2.5
20,2508,2.5
20,2543,5.0
20,2544,5.0
20,2553,5.0
20,2556,1.0
20,2574,4.0
20,2577,0.5
20,2589,1.0
20,2595,2.5
20,2596,0.5
20,2597,5.0
20,2601,4.0
20,2604,0.0
20,2612,2.0
20,2619,2.0
20,2623,1.0
20,2626,1.5
20,2636,2.0
20,2637,4.5
20,2649,1.5
20,2650,1.5
20,2653,0.5
20,2667,0.5
20,2675,3.5
20,2676,3.5
20,2688,3.0
20,2705,0.0
20,2718,1.5
20,2725,0.5
20,2730,2.5
20,2741,4.0
20,2743,3.5
20,2748,2.5
20,2752,4.5
20,2757,0.0
20,2758,0.0
20,2763,4.0
20,2771,0.5
20,2785,1.5
20,2802,1.0
20,2818,1.5
20,2834,5.0
20,2837,1.0
20,2842,3.5
20,2851,2.5
20,2852,2.0
20,2860,2.5
20,2864,3.0
20,2873,5.0
20,2874,2.5
20,2877,3.0
20,2910,3.5
20,2924,2.0
20,2933,2.0
20,2941,3.5
20,2951,5.0
20,2953,0.0
20,2954,3.5
20,2955,0.5
20,2960,1.5
20,2962,1.5
20,2970,0.5
20,2975,3.0
20,2976,3.5
20,2981,0.0
20,2995,2.0
20,3008,1.5
20,3014,1.0
20,3016,4.0
20,3026,3.5
20,3042,1.5
20,3044,2.0
20,3046,0.0
20,3051,3.0
20,3052,2.5
20,3053,3.5
20,3054,0.5
20,3078,0.5
20,3104,1.5
20,3106,2.5
20,3108,3.0
20,3110,2.5
20,3116,1.0
20,3119,2.0
20,3121,0.5
20,3122,4.5
20,3125,3.0
20,3126,2.0
20,3133,4.5
20,3146,1.5
20,3150,0.0
20,3155,1.0
20,3166,1.5
20,3168,0.5
20,3169,5.0
20,3179,2.0
20,3184,1.5
20,3201,4.0
20,3206,5.0
20,3212,0.5
20,3215,2.0
20,3223,4.0
20,3226,3.0
20,3231,1.5
20,3232,0.5
20,3255,4.5
20,3262,3.5
20,3267,3.0
20,3278,1.5
20,3280,3.5
20,3284,0.5
20,3289,2.5
20,3297,3.5
20,3300,4.0
20,3310,3.5
20,3322,4.5
20,3324,4.0
20,3327,2.0
20,3347,1.0
20,3348,2.5
20,3359,1.5
20,3365,3.0
20,3367,1.5
20,3370,3.5
20,3375,4.5
20,3376,3.5
20,3396,5.0
20,3402,4.5
20,3406,4.5
20,3413,1.5
20,3414,3.0
20,3416,1.0
20,3445,3.0
20,3446,3.5
20,3447,0.0
20,3448,0.0
20,3455,1.0
20,3456,3.0
20,3458,0.5
20,3465,3.0
20,3482,1.0
20,3509,0.5
20,3521,3.0
20,3523,1.5
20,3527,4.0
20,3533,4.5
20,3566,4.5
20,3568,3.5
20,3572,0.5
20,3580,1.0
20,3581,1.0
20,3592,4.0
20,3599,3.5
20,3610,0.5
20,3619,4.0
20,3622,1.5
20,3627,4.0
20,3629,2.0
20,3640,2.0
20,3644,5.0
20,3647,1.5
20,3657,2.5
20,3669,0.0
20,3675,4.5
20,3676,1.5
20,3693,3.0
20,3695,3.0
20,3697,5.0
20,3701,2.5
20,3703,2.0
20,3705,1.0
20,3712,1.5
20,3732,1.5
20,3735,0.0
20,3744,2.0
20,3753,0.0
20,3756,5.0
20,3759,2.5
20,3761,3.5
20,3762,2.0
20,3766,1.0
20,3770,4.5
20,3773,3.0
20,3781,4.5
20,3792,3.5
20,3797,5.0
20,3822,3.5
20,3826,2.5
20,3843,1.5
20,3850,2.5
20,3856,3.0
20,3859,2.0
20,3867,2.0
20,3871,0.5
20,3873,4.5
20,3875,0.5
20,3881,3.5
20,3884,4.5
20,3891,5.0
20,3895,4.0
20,3906,3.0
20,3911,0.0
20,3938,4.0
20,3957,4.5
20,3982,4.0
20,3983,4.0
20,3994,5.0
20,3997,3.5
21,4,0.5
21,6,0.5
21,20,3.0
21,26,2.5
21,34,1.0
21,42,4.0
21,45,3.5
21,64,3.0
21,68,2.0
21,70,4.0
21,86,3.0
21,87,4.5
21,95,5.0
21,105,4.5
21,110,4.5
21,112,4.0
21,116,0.0
21,118,1.0
21,145,2.5
21,148,4.0
21,161,4.5
21,165,2.5
21,185,3.5
21,190,2.0
21,195,4.5
21,203,5.0
21,207,4.0
21,226,3.0
21,229,4.0
21,235,1.5
21,243,0.0
21,244,0.5
21,250,1.5
21,252,0.0
21,264,3.5
21,265,1.0
21,269,4.5
21,277,0.5
21,295,2.0
21,298,0.5
21,303,1.5
21,314,4.0
21,319,4.0
21,327,0.0
21,346,4.0
21,349,2.5
21,358,1.5
21,362,3.5
21,371,0.0
21,373,4.5
21,377,3.5
21,383,5.0
21,385,3.5
21,389,3.0
21,400,2.0
21,404,2.0
21,411,4.5
21,413,3.5
21,421,1.5
21,425,3.5
21,428,3.5
21,432,4.0
21,443,3.5
21,451,1.5
21,455,2.0
21,457,1.0
21,459,5.0
21,465,4.0
21,470,0.0
21,477,2.5
21,482,2.0
21,484,0.5
21,491,2.0
21,492,2.0
21,495,0.0
21,503,3.5
21,512,3.0
21,514,1.5
21,515,2.0
21,517,4.0
21,538,3.5
21,541,1.0
21,544,0.0
21,562,3.0
21,573,3.0
21,576,4.5
21,622,2.0
21,625,2.0
21,636,2.0
21,637,3.0
21,646,4.5
21,647,4.5
21,651,2.0
21,658,2.0
21,673,0.5
21,677,4.5
21,680,3.0
21,697,0.5
21,702,5.0
21,705,4.0
21,716,5.0
21,731,0.0
21,744,2.5
21,754,5.0
21,762,3.5
21,768,5.0
21,778,2.0
21,780,2.0
21,789,3.5
21,795,2.0
21,800,4.0
21,802,0.5
21,806,2.5
21,815,4.5
21,818,2.5
21,819,0.0
21,834,3.5
21,837,2.0
21,838,0.0
21,846,0.0
21,851,1.0
21,876,1.5
21,880,1.5
21,883,0.0
21,884,0.5
21,885,2.0
21,886,2.5
21,888,5.0
21,894,1.5
21,896,3.0
21,904,1.0
21,911,3.5
21,920,3.0
21,924,2.5
21,937,0.0
21,946,2.5
21,949,3.5
21,950,1.5
21,958,3.5
21,966,3.5
21,967,1.5
21,968,4.5
21,972,3.5
21,977,3.5
21,983,2.0
21,987,4.5
21,998,3.5
21,1003,0.0
21,1005,3.0
21,1006,4.5
21,1008,3.5
21,1019,2.5
21,1025,5.0
21,1039,3.5
21,1041,2.0
21,1062,4.0
21,1087,0.5
21,1091,5.0
21,1105,2.0
21,1110,3.0
21,1111,4.0
21,1114,4.0
21,1122,3.0
21,1132,1.0
21,1137,1.5
21,1145,5.0
21,1162,5.0
21,1166,4.5
21,1194,3.5
21,1197,2.0
21,1198,2.5
21,1208,0.0
21,1210,4.5
21,1215,2.0
21,1218,0.0
21,1226,4.5
21,1228,1.0
21,1250,1.0
21,1258,1.5
21,1278,5.0
21,1279,4.0
21,1286,5.0
21,1292,5.0
21,1313,1.5
21,1315,0.5
21,1316,2.0
21,1321,3.0
21,1329,3.5
21,1342,0.0
21,1351,4.5
21,1355,1.5
21,1365,0.5
21,1376,4.5
21,1395,0.5
21,1401,2.5
21,1408,1.0
21,1411,2.0
21,1412,2.5
21,1421,2.0
21,1431,1.5
21,1446,0.0
21,1467,4.0
21,1480,3.0
21,1483,4.0
21,1484,4.0
21,1491,5.0
21,1501,3.0
21,1516,0.5
21,1520,2.5
21,1523,3.0
21,1529,1.0
21,1532,1.5
21,1539,2.0
21,1540,0.5
21,1544,1.5
21,1562,4.5
21,1574,1.5
21,1577,2.5
21,1601,1.0
21,1602,2.0
21,1608,1.5
21,1609,2.5
21,1623,0.0
21,1635,0.5
21,1639,3.0
21,1653,4.5
21,1659,3.5
21,1663,3.0
21,1664,3.5
21,1666,3.5
21,1680,1.5
21,1682,0.5
21,1693,0.5
21,1694,4.5
21,1696,0.5
21,1701,0.0
21,1703,1.5
21,1717,1.5
21,1722,0.0
21,1735,1.0
21,1740,1.5
21,1745,1.0
21,1750,5.0
21,1751,2.5
21,1754,1.0
21,1763,2.0
21,1766,4.5
21,1776,3.0
21,1779,4.5
21,1781,3.5
21,1794,2.0
21,1800,0.0
21,1813,2.0
21,1815,3.0
21,1816,2.5
21,1817,4.0
21,1820,4.5
21,1832,2.5
21,1847,3.0
21,1849,2.5
21,1850,0.5
21,1865,1.0
21,1874,3.0
21,1878,0.5
21,1894,5.0
21,1900,0.0
21,1909,2.0
21,1913,2.0
21,1920,5.0
21,1936,3.0
21,1940,2.0
21,1949,1.5
21,1954,5.0
21,1960,0.5
21,1968,3.0
21,1969,2.5
21,1971,4.5
21,1991,2.0
21,1996,1.5
21,1997,0.0
21,2011,0.0
21,2018,0.0
21,2020,1.0
21,2023,4.5
21,2025,0.5
21,2036,3.5
21,2043,2.0
21,2056,2.0
21,2059,4.0
21,2078,4.5
21,2080,5.0
21,2081,0.5
21,2087,1.0
21,2095,4.0
21,2102,1.0
21,2105,4.0
21,2106,2.0
21,2118,3.5
21,2143,3.5
21,2146,1.5
21,2164,0.0
21,2166,5.0
21,2174,2.0
21,2181,1.0
21,2195,4.5
21,2202,0.0
21,2216,0.0
21,2220,1.5
21,2232,0.0
21,2240,0.5
21,2246,0.5
21,2251,0.5
21,2257,0.0
21,2266,4.5
21,2271,4.0
21,2273,2.0
21,2276,1.0
21,2285,0.5
21,2289,2.0
21,2292,2.5
21,2298,2.5
21,2304,0.5
21,2308,5.0
21,2310,2.5
21,2314,1.5
21,2317,1.5
21,2320,3.0
21,2329,0.5
21,2337,4.0
21,2339,4.0
21,2341,2.5
21,2343,3.5
21,2346,2.5
21,2348,4.5
21,2351,5.0
21,2358,3.5
21,2363,3.5
21,2367,2.5
21,2382,0.5
21,2387,2.0
21,2394,0.0
21,2403,3.0
21,2409,1.0
21,2410,3.0
21,2416,4.0
21,2425,1.0
21,2426,0.0
21,2436,4.0
21,2438,1.5
21,2444,4.0
21,2446,0.0
21,2452,0.5
21,2456,1.0
21,2472,5.0
21,2478,3.0
21,2482,0.5
21,2512,2.0
21,2541,1.5
21,2543,4.0
21,2566,4.0
21,2574,3.0
21,2577,2.5
21,2588,0.0
21,2589,2.5
21,2601,3.0
21,2612,3.0
21,2614,0.5
21,2619,1.0
21,2624,4.5
21,2625,5.0
21,2650,3.5
21,2653,0.0
21,2667,2.0
21,2679,4.5
21,2681,0.0
21,2686,3.5
21,2688,3.0
21,2694,4.0
21,2697,1.5
21,2698,1.0
21,2699,2.5
21,2718,3.0
21,2725,5.0
21,2730,0.5
21,2735,4.0
21,2741,2.0
21,2747,3.0
21,2748,1.0
21,2757,4.0
21,2761,0.5
21,2767,1.0
21,2779,4.5
21,2781,0.0
21,2785,1.0
21,2796,0.5
21,2803,0.5
21,2804,4.0
21,2809,1.0
21,2828,2.5
21,2829,0.0
21,2849,2.5
21,2851,3.5
21,2852,0.5
21,2858,5.0
21,2860,3.0
21,2867,2.5
21,2873,4.0
21,2876,0.0
21,2877,2.5
21,2885,0.0
21,2890,4.0
21,2893,5.0
21,2910,5.0
21,2932,3.5
21,2933,1.0
21,2951,3.0
21,2953,3.0
21,2954,1.0
21,2955,3.0
21,2958,0.0
21,2960,5.0
21,2975,3.5
21,2977,4.5
21,2981,3.0
21,2989,1.0
21,2992,2.0
21,3002,5.0
21,3008,2.0
21,3016,1.0
21,3026,4.5
21,3033,4.5
21,3039,2.0
21,3041,3.0
21,3043,0.0
21,3046,4.5
21,3051,2.0
21,3052,0.5
21,3072,1.5
21,3074,5.0
21,3078,2.5
21,3093,0.0
21,3101,2.0
21,3104,2.5
21,3109,5.0
21,3117,0.0
21,3122,4.5
21,3134,2.5
21,3138,2.0
21,3142,5.0
21,3147,2.0
21,3150,2.0
21,3162,5.0
21,3168,2.0
21,3169,2.5
21,3184,3.5
21,3191,2.5
21,3194,2.5
21,3208,3.5
21,3210,5.0
21,3215,3.0
21,3222,4.5
21,3223,2.0
21,3231,2.0
21,3232,3.0
21,3237,3.5
21,3252,0.5
21,3255,5.0
21,3256,3.0
21,3258,0.0
21,3267,0.0
21,3272,3.0
21,3280,1.5
21,3282,2.0
21,3289,0.0
21,3297,3.0
21,3298,3.5
21,3305,1.0
21,3307,0.0
21,3310,5.0
21,3311,0.0
21,3313,5.0
21,3321,1.5
21,3322,3.5
21,3323,1.5
21,3327,5.0
21,3328,4.5
21,3342,2.0
21,3347,1.0
21,3348,4.5
21,3355,1.0
21,3356,1.5
21,3359,3.0
21,3361,5.0
21,3365,2.0
21,3367,0.5
21,3386,4.0
21,3392,2.5
21,3401,2.0
21,3406,3.0
21,3410,3.5
21,3423,4.0
21,3447,0.5
21,3453,2.5
21,3465,4.5
21,3470,0.0
21,3482,3.0
21,3494,5.0
21,3495,1.5
21,3500,0.5
21,3504,2.5
21,3507,0.0
21,3509,1.0
21,3521,1.5
21,3530,4.5
21,3533,2.5
21,3536,2.0
21,3540,3.5
21,3542,1.0
21,3548,5.0
21,3554,2.0
21,3555,5.0
21,3558,3.5
21,3572,4.5
21,3578,2.5
21,3581,2.0
21,3599,1.5
21,3605,2.5
21,3608,1.5
21,3622,4.5
21,3629,0.0
21,3639,3.0
21,3643,2.0
21,3648,0.0
21,3657,0.5
21,3661,3.0
21,3695,4.5
21,3697,1.5
21,3701,3.5
21,3703,2.0
21,3730,4.0
21,3739,4.0
21,3742,5.0
21,3747,1.5
21,3750,4.5
21,3753,4.5
21,3761,0.0
21,3766,3.0
21,3780,2.5
21,3781,1.0
21,3792,5.0
21,3812,1.5
21,3822,4.0
21,3826,0.5
21,3836,0.0
21,3841,0.5
21,3843,3.5
21,3850,2.5
21,3856,3.0
21,3859,2.5
21,3860,0.0
21,3861,0.5
21,3865,0.5
21,3867,3.0
21,3874,1.5
21,3881,2.5
21,3884,0.0
21,3886,3.0
21,3889,3.0
21,3893,2.5
21,3894,2.5
21,3903,2.0
21,3906,3.5
21,3907,5.0
21,3911,5.0
21,3918,5.0
21,3951,3.0
21,3957,0.0
21,3960,3.0
21,3965,1.0
21,3981,1.5
21,3982,3.5
21,3986,5.0
22,4,2.0
22,11,3.0
22,19,3.5
22,20,0.0
22,23,5.0
22,29,1.0
22,32,2.5
22,36,5.0
22,42,4.0
22,63,0.0
22,76,3.0
22,86,5.0
22,90,1.5
22,108,0.0
22,112,2.0
22,116,2.0
22,118,4.0
22,145,5.0
22,161,2.5
22,165,4.5
22,167,0.0
22,171,4.5
22,185,3.5
22,190,0.5
22,203,2.5
22,235,2.0
22,244,4.0
22,252,3.5
22,256,2.0
22,265,0.5
22,269,0.0
22,270,2.5
22,275,1.0
22,277,2.5
22,288,4.5
22,295,5.0
22,298,1.5
22,303,3.0
22,314,4.0
22,319,0.5
22,336,1.5
22,347,0.0
22,349,1.0
22,362,5.0
22,371,1.5
22,373,5.0
22,377,4.5
22,383,5.0
22,385,1.5
22,401,3.0
22,404,3.0
22,409,4.0
22,411,3.0
22,413,2.0
22,414,2.5
22,425,4.5
22,428,2.0
22,457,3.5
22,459,4.5
22,465,0.0
22,476,1.0
22,478,3.0
22,482,3.5
22,489,2.5
22,491,3.5
22,504,2.0
22,512,1.0
22,515,3.0
22,521,3.5
22,534,3.0
22,540,3.0
22,544,2.5
22,551,3.0
22,563,2.5
22,576,4.5
22,600,1.0
22,612,1.0
22,616,2.5
22,633,2.0
22,636,0.5
22,643,2.5
22,646,2.5
22,647,2.0
22,658,0.0
22,668,1.0
22,677,4.0
22,680,2.0
22,681,3.0
22,682,2.0
22,685,2.5
22,702,0.0
22,705,3.5
22,708,2.5
22,716,1.0
22,732,1.0
22,733,5.0
22,748,0.5
22,754,4.0
22,755,1.5
22,764,2.5
22,768,1.5
22,778,3.5
22,780,0.5
22,784,1.5
22,788,2.5
22,800,3.5
22,802,2.0
22,818,0.5
22,819,3.0
22,824,1.0
22,830,2.0
22,831,1.0
22,848,3.5
22,850,0.0
22,851,2.0
22,858,5.0
22,880,2.5
22,894,0.0
22,916,2.0
22,924,1.5
22,927,4.0
22,937,5.0
22,950,4.0
22,955,1.0
22,969,2.5
22,976,2.5
22,998,3.5
22,1005,0.0
22,1006,3.0
22,1019,0.0
22,1025,4.0
22,1028,1.0
22,1035,1.5
22,1039,5.0
22,1047,3.5
22,1049,0.0
22,1068,2.0
22,1071,2.0
22,1082,2.5
22,1091,2.0
22,1109,3.0
22,1110,2.0
22,1111,1.5
22,1132,5.0
22,1137,3.5
22,1150,0.0
22,1161,2.0
22,1162,4.0
22,1166,2.0
22,1198,0.5
22,1199,0.5
22,1206,5.0
22,1210,3.5
22,1218,5.0
22,1219,3.0
22,1223,2.5
22,1226,4.0
22,1235,4.0
22,1250,3.0
22,1251,1.0
22,1258,3.0
22,1261,3.0
22,1278,5.0
22,1279,0.0
22,1282,3.0
22,1284,3.5
22,1286,0.5
22,1292,3.0
22,1293,1.0
22,1302,2.0
22,1309,1.0
22,1313,1.5
22,1320,1.5
22,1329,3.0
22,1352,4.5
22,1376,2.5
22,1379,4.0
22,1386,3.0
22,1389,1.5
22,1405,4.0
22,1408,4.0
22,1421,1.5
22,1427,0.5
22,1433,0.5
22,1444,3.5
22,1463,1.5
22,1467,4.0
22,1475,4.5
22,1491,3.0
22,1501,3.0
22,1506,2.5
22,1515,3.5
22,1520,3.5
22,1523,1.0
22,1532,2.5
22,1538,1.0
22,1539,3.5
22,1542,3.0
22,1544,2.5
22,1561,5.0
22,1562,0.0
22,1583,4.0
22,1585,1.0
22,1589,3.0
22,1601,5.0
22,1610,5.0
22,1622,2.5
22,1623,1.5
22,1624,2.5
22,1627,5.0
22,1635,0.0
22,1638,0.0
22,1653,3.5
22,1663,3.5
22,1664,1.0
22,1676,0.5
22,1677,1.5
22,1681,0.0
22,1682,3.5
22,1688,4.5
22,1694,3.5
22,1698,3.5
22,1701,3.0
22,1703,5.0
22,1710,3.5
22,1717,0.5
22,1734,0.5
22,1735,1.0
22,1738,0.5
22,1745,3.5
22,1750,0.0
22,1754,1.5
22,1763,1.5
22,1764,0.0
22,1771,2.0
22,1779,1.0
22,1783,3.5
22,1816,1.5
22,1820,4.0
22,1823,4.5
22,1833,3.5
22,1841,0.0
22,1847,3.5
22,1866,1.5
22,1874,1.5
22,1878,2.0
22,1900,1.5
22,1912,1.5
22,1918,1.5
22,1920,4.5
22,1921,1.0
22,1928,0.0
22,1936,4.5
22,1939,4.0
22,1949,2.5
22,1951,5.0
22,1959,0.0
22,1968,3.0
22,1969,0.0
22,1970,3.5
22,1995,0.0
22,1996,3.0
22,1999,5.0
22,2011,1.5
22,2025,3.5
22,2043,3.0
22,2056,1.5
22,2062,3.5
22,2067,3.0
22,2071,1.0
22,2081,1.5
22,2083,1.0
22,2084,2.0
22,2095,5.0
22,2099,3.0
22,2105,5.0
22,2106,2.5
22,2109,4.0
22,2119,3.5
22,2142,0.0
22,2143,1.0
22,2144,3.0
22,2164,2.0
22,2166,0.0
22,2174,0.0
22,2181,5.0
22,2190,0.5
22,2195,3.0
22,2201,0.5
22,2209,4.0
22,2216,3.0
22,2218,4.0
22,2222,5.0
22,2224,4.5
22,2228,3.5
22,2232,0.5
22,2240,4.0
22,2242,1.5
22,2257,1.5
22,2261,3.5
22,2266,1.0
22,2271,3.5
22,2273,2.0
22,2275,5.0
22,2277,1.5
22,2280,0.0
22,2288,4.5
22,2289,5.0
22,2295,0.0
22,2304,5.0
22,2308,1.0
22,2319,3.5
22,2329,1.5
22,2334,4.5
22,2341,2.0
22,2343,0.5
22,2346,1.0
22,2351,5.0
22,2359,4.5
22,2387,3.5
22,2411,1.0
22,2416,0.5
22,2425,0.0
22,2431,4.5
22,2446,4.0
22,2456,0.0
22,2493,5.0
22,2496,5.0
22,2512,0.5
22,2541,0.5
22,2544,0.0
22,2559,3.5
22,2563,2.0
22,2574,4.0
22,2592,5.0
22,2595,0.5
22,2596,2.5
22,2601,1.0
22,2612,4.5
22,2614,0.5
22,2616,3.5
22,2619,2.5
22,2624,2.0
22,2633,5.0
22,2638,0.5
22,2659,0.0
22,2667,1.0
22,2686,2.0
22,2697,1.5
22,2712,0.0
22,2718,3.0
22,2725,2.5
22,2730,3.5
22,2743,0.0
22,2744,0.5
22,2748,3.5
22,2752,1.5
22,2763,0.5
22,2767,5.0
22,2771,5.0
22,2781,2.5
22,2785,1.5
22,2802,1.5
22,2804,2.5
22,2812,1.5
22,2813,2.5
22,2825,1.5
22,2829,2.5
22,2842,0.5
22,2851,3.5
22,2864,3.5
22,2867,3.5
22,2874,3.0
22,2876,4.0
22,2877,4.0
22,2893,2.0
22,2902,3.5
22,2910,3.5
22,2914,1.0
22,2916,3.5
22,2932,4.5
22,2933,0.0
22,2934,4.5
22,2936,4.5
22,2941,2.5
22,2951,4.5
22,2953,3.0
22,2962,2.5
22,2975,3.0
22,2989,4.0
22,3002,3.0
22,3017,1.0
22,3026,3.0
22,3029,0.0
22,3036,4.5
22,3041,3.0
22,3043,2.0
22,3044,2.5
22,3047,0.5
22,3051,0.0
22,3053,0.5
22,3054,4.0
22,3072,4.0
22,3074,0.5
22,3078,0.0
22,3101,2.0
22,3102,0.0
22,3106,2.0
22,3109,3.0
22,3114,0.0
22,3117,1.0
22,3119,4.5
22,3121,5.0
22,3125,1.5
22,3126,1.0
22,3133,0.0
22,3138,4.0
22,3142,4.0
22,3146,4.0
22,3147,4.0
22,3150,5.0
22,3155,1.5
22,3158,2.0
22,3167,2.5
22,3184,4.0
22,3206,4.0
22,3208,1.5
22,3210,4.0
22,3215,4.0
22,3223,4.5
22,3224,4.0
22,3232,4.0
22,3239,2.0
22,3242,2.0
22,3247,3.5
22,3251,3.5
22,3252,3.5
22,3255,5.0
22,3259,3.5
22,3267,0.0
22,3275,2.5
22,3278,4.5
22,3280,2.5
22,3284,2.0
22,3298,3.0
22,3305,0.5
22,3307,4.5
22,3319,2.5
22,3322,0.0
22,3325,3.5
22,3328,4.0
22,3349,4.5
22,3355,2.5
22,3356,2.5
22,3367,4.0
22,3376,5.0
22,3383,5.0
22,3392,2.5
22,3406,4.5
22,3423,0.0
22,3428,0.0
22,3446,0.5
22,3448,1.5
22,3455,3.0
22,3465,1.5
22,3470,1.5
22,3482,1.5
22,3509,1.0
22,3510,0.0
22,3536,4.0
22,3539,1.5
22,3540,2.0
22,3548,3.5
22,3554,2.0
22,3566,3.0
22,3568,2.0
22,3572,4.5
22,3578,2.0
22,3580,3.0
22,3581,4.5
22,3587,3.5
22,3605,4.5
22,3624,2.5
22,3627,3.5
22,3639,3.0
22,3640,1.0
22,3644,3.0
22,3646,2.5
22,3651,1.5
22,3657,1.5
22,3659,2.0
22,3675,0.5
22,3683,0.0
22,3693,1.5
22,3697,2.5
22,3701,0.5
22,3705,2.5
22,3712,5.0
22,3732,2.0
22,3739,1.0
22,3747,3.0
22,3750,1.0
22,3753,0.5
22,3773,4.5
22,3781,4.5
22,3791,4.0
22,3792,2.0
22,3822,4.0
22,3823,0.0
22,3873,0.5
22,3874,3.0
22,3886,3.5
22,3903,2.0
22,3981,1.5
22,3987,3.5
22,3994,4.5
23,9,1.5
23,19,1.0
23,20,4.5
23,23,2.0
23,26,3.0
23,36,2.0
23,42,2.0
23,49,3.5
23,62,2.0
23,86,1.0
23,87,3.0
23,90,0.5
23,95,4.0
23,108,4.0
23,112,3.5
23,115,4.5
23,116,1.5
23,148,3.5
23,149,2.0
23,161,2.5
23,165,1.5
23,184,5.0
23,185,0.0
23,190,1.5
23,195,4.0
23,199,2.0
23,207,5.0
23,209,0.0
23,229,3.0
23,233,3.5
23,241,1.0
23,250,4.0
23,264,2.0
23,265,4.0
23,266,0.0
23,269,2.0
23,274,0.5
23,298,3.5
23,314,0.0
23,324,2.5
23,327,1.5
23,349,5.0
23,353,2.0
23,362,0.0
23,371,3.0
23,377,1.5
23,385,2.0
23,389,1.5
23,409,4.0
23,411,1.0
23,413,5.0
23,414,1.5
23,420,2.0
23,421,4.0
23,425,3.0
23,428,4.0
23,444,4.0
23,451,3.0
23,455,2.0
23,457,1.5
23,465,4.0
23,480,4.0
23,484,3.0
23,491,1.5
23,495,2.0
23,503,2.0
23,504,1.0
23,509,2.0
23,514,3.5
23,515,3.0
23,517,1.5
23,528,0.0
23,534,4.5
23,538,1.5
23,541,2.5
23,544,3.5
23,551,3.5
23,563,3.0
23,566,1.0
23,569,4.0
23,573,2.0
23,576,3.5
23,582,1.0
23,606,4.0
23,612,3.5
23,619,0.5
23,632,5.0
23,643,2.5
23,647,2.5
23,658,3.0
23,669,0.5
23,673,1.0
23,680,0.5
23,681,2.0
23,682,3.5
23,685,0.0
23,702,0.0
23,705,2.0
23,716,3.5
23,731,0.0
23,732,1.0
23,733,0.0
23,736,2.5
23,738,3.5
23,739,5.0
23,744,2.5
23,749,5.0
23,755,4.5
23,761,2.0
23,764,1.5
23,768,3.5
23,780,2.5
23,786,3.0
23,788,1.0
23,800,2.0
23,802,2.0
23,815,2.0
23,816,3.0
23,830,2.5
23,837,5.0
23,838,4.5
23,846,2.0
23,858,0.5
23,859,0.5
23,872,2.5
23,876,1.0
23,879,2.5
23,884,0.5
23,885,2.5
23,887,4.5
23,896,1.0
23,911,0.0
23,916,0.5
23,919,4.5
23,930,2.5
23,937,5.0
23,939,1.5
23,949,3.0
23,950,0.0
23,958,0.0
23,967,3.5
23,968,0.5
23,969,4.5
23,976,3.5
23,977,0.0
23,983,2.0
23,1006,5.0
23,1013,5.0
23,1018,4.0
23,1021,3.0
23,1025,5.0
23,1039,2.0
23,1041,1.5
23,1049,4.0
23,1057,0.5
23,1063,3.0
23,1071,1.5
23,1076,3.0
23,1082,1.5
23,1087,3.0
23,1091,3.5
23,1100,1.5
23,1105,4.0
23,1109,2.0
23,1122,1.5
23,1128,3.5
23,1129,3.0
23,1146,3.0
23,1150,5.0
23,1161,4.0
23,1162,4.5
23,1166,2.5
23,1171,3.0
23,1183,3.0
23,1194,1.0
23,1203,2.0
23,1206,2.5
23,1208,4.5
23,1210,4.5
23,1215,1.5
23,1219,4.0
23,1235,1.5
23,1240,4.5
23,1245,5.0
23,1253,4.5
23,1261,1.5
23,1269,4.5
23,1274,4.0
23,1278,1.5
23,1282,1.0
23,1284,4.5
23,1291,3.5
23,1293,2.0
23,1308,3.5
23,1315,3.0
23,1320,0.0
23,1329,4.0
23,1334,4.5
23,1342,1.0
23,1346,3.0
23,1351,1.5
23,1365,5.0
23,1366,4.0
23,1376,4.0
23,1383,0.5
23,1386,4.5
23,1395,3.0
23,1401,0.5
23,1402,3.5
23,1405,2.5
23,1408,0.0
23,1410,1.5
23,1411,0.5
23,1416,4.0
23,1431,2.0
23,1437,5.0
23,1444,0.0
23,1455,3.5
23,1463,1.0
23,1467,3.5
23,1480,1.0
23,1484,2.5
23,1501,4.0
23,1514,0.0
23,1515,1.0
23,1532,4.0
23,1539,3.0
23,1540,5.0
23,1542,0.0
23,1562,4.5
23,1585,1.0
23,1588,2.0
23,1602,4.5
23,1608,3.5
23,1609,0.5
23,1610,0.5
23,1615,3.0
23,1616,1.0
23,1623,4.5
23,1630,3.0
23,1635,4.0
23,1643,1.0
23,1647,5.0
23,1649,1.0
23,1653,0.5
23,1654,2.0
23,1659,5.0
23,1664,4.0
23,1681,0.5
23,1690,5.0
23,1710,5.0
23,1716,5.0
23,1722,4.5
23,1737,4.5
23,1750,1.0
23,1751,3.0
23,1763,1.5
23,1770,4.5
23,1771,0.0
23,1776,0.0
23,1779,3.5
23,1781,3.5
23,1794,2.5
23,1802,4.5
23,1813,4.5
23,1815,1.0
23,1816,3.5
23,1817,0.0
23,1818,2.0
23,1823,3.5
23,1846,4.0
23,1850,4.5
23,1865,4.5
23,1866,2.5
23,1872,0.0
23,1880,0.0
23,1887,2.5
23,1894,3.5
23,1909,4.0
23,1913,3.0
23,1936,3.5
23,1940,2.5
23,1949,4.0
23,1954,0.0
23,1959,0.0
23,1960,0.5
23,1969,2.0
23,1971,4.5
23,1988,2.0
23,1991,4.5
23,1996,0.0
23,2023,1.0
23,2025,2.0
23,2032,1.0
23,2043,3.0
23,2044,2.5
23,2055,3.0
23,2060,3.5
23,2067,5.0
23,2069,4.0
23,2081,1.0
23,2105,2.0
23,2114,4.0
23,2134,4.0
23,2143,2.0
23,2144,5.0
23,2179,1.5
23,2190,1.0
23,2202,1.0
23,2209,4.5
23,2218,0.5
23,2219,1.5
23,2231,0.0
23,2242,1.0
23,2251,2.5
23,2257,5.0
23,2264,1.5
23,2266,3.5
23,2267,0.5
23,2273,0.5
23,2276,4.0
23,2277,0.0
23,2280,3.5
23,2285,5.0
23,2289,3.0
23,2294,2.0
23,2298,2.5
23,2310,3.0
23,2320,5.0
23,2329,2.0
23,2334,0.0
23,2348,1.5
23,2351,1.0
23,2359,4.5
23,2363,3.5
23,2382,2.0
23,2387,1.0
23,2394,2.5
23,2410,2.0
23,2417,0.0
23,2425,2.0
23,2426,0.0
23,2432,2.5
23,2436,5.0
23,2444,3.0
23,2452,0.5
23,2469,3.0
23,2471,5.0
23,2472,1.5
23,2482,5.0
23,2491,1.0
23,2495,1.0
23,2497,2.5
23,2508,2.0
23,2512,4.0
23,2525,1.5
23,2543,3.5
23,2556,0.5
23,2563,1.5
23,2589,1.0
23,2601,4.5
23,2612,2.5
23,2616,3.0
23,2619,2.0
23,2623,5.0
23,2625,4.5
23,2659,2.0
23,2676,2.0
23,2681,2.5
23,2682,0.5
23,2688,4.0
23,2697,0.5
23,2699,1.0
23,2700,2.0
23,2705,2.0
23,2712,2.5
23,2718,3.5
23,2735,3.5
23,2744,1.0
23,2758,0.0
23,2763,5.0
23,2803,2.0
23,2804,1.5
23,2809,0.5
23,2812,1.0
23,2818,3.5
23,2829,5.0
23,2834,0.0
23,2852,2.5
23,2866,2.0
23,2876,0.0
23,2893,0.5
23,2919,2.5
23,2926,2.0
23,2932,5.0
23,2934,1.5
23,2936,0.0
23,2941,3.5
23,2951,0.0
23,2954,0.0
23,2958,3.0
23,2960,1.0
23,2970,3.5
23,2977,2.5
23,2981,3.5
23,2993,1.0
23,2995,1.5
23,3002,3.5
23,3008,2.5
23,3014,2.5
23,3017,3.5
23,3033,4.5
23,3036,2.0
23,3039,1.0
23,3042,0.0
23,3051,3.5
23,3053,3.0
23,3054,2.5
23,3072,3.0
23,3076,3.0
23,3078,4.0
23,3101,2.5
23,3102,5.0
23,3108,4.5
23,3110,5.0
23,3117,5.0
23,3121,5.0
23,3133,0.5
23,3134,4.5
23,3142,3.0
23,3146,5.0
23,3147,1.5
23,3150,2.5
23,3154,5.0
23,3158,5.0
23,3166,2.0
23,3179,1.0
23,3184,1.5
23,3191,0.5
23,3194,3.5
23,3198,0.5
23,3206,3.5
23,3208,0.5
23,3209,3.0
23,3212,5.0
23,3222,1.0
23,3223,1.0
23,3231,5.0
23,3242,5.0
23,3255,1.5
23,3258,0.0
23,3259,3.0
23,3262,1.0
23,3267,3.5
23,3282,4.5
23,3298,4.5
23,3307,1.0
23,3310,3.0
23,3311,3.5
23,3313,5.0
23,3321,3.0
23,3322,3.5
23,3323,3.5
23,3327,3.5
23,3335,4.0
23,3342,3.5
23,3345,4.5
23,3359,1.5
23,3367,5.0
23,3370,1.5
23,3376,3.0
23,3383,2.0
23,3389,2.5
23,3392,4.5
23,3402,3.0
23,3406,4.0
23,3414,2.0
23,3423,5.0
23,3447,0.5
23,3453,5.0
23,3455,1.5
23,3465,3.0
23,3470,0.0
23,3482,0.0
23,3487,2.0
23,3495,3.5
23,3500,0.0
23,3504,1.5
23,3507,2.0
23,3509,0.5
23,3515,2.5
23,3521,5.0
23,3527,5.0
23,3536,3.0
23,3539,2.5
23,3540,3.0
23,3548,3.5
23,3554,1.5
23,3555,3.5
23,3572,5.0
23,3578,2.0
23,3580,2.5
23,3605,1.0
23,3610,1.5
23,3622,0.5
23,3624,1.5
23,3627,1.0
23,3634,3.5
23,3644,4.0
23,3647,0.5
23,3651,4.5
23,3658,3.0
23,3659,3.0
23,3675,0.5
23,3683,1.5
23,3697,4.5
23,3701,1.5
23,3717,0.5
23,3739,1.5
23,3742,1.0
23,3747,3.0
23,3753,2.5
23,3756,3.5
23,3761,2.0
23,3770,1.5
23,3781,0.5
23,3792,3.0
23,3793,4.5
23,3797,5.0
23,3812,3.5
23,3836,0.5
23,3850,1.5
23,3859,4.0
23,3867,3.0
23,3871,3.5
23,3889,1.0
23,3891,2.0
23,3893,0.0
23,3895,4.5
23,3903,0.0
23,3906,1.0
23,3907,0.5
23,3911,3.5
23,3918,1.5
23,3938,5.0
23,3951,3.5
23,3957,4.5
23,3982,1.0
23,3986,4.5
23,3997,2.5
24,4,2.5
24,6,1.5
24,9,3.5
24,19,4.5
24,23,2.0
24,29,1.0
24,44,3.0
24,45,1.5
24,62,1.5
24,64,2.0
24,76,0.0
24,87,5.0
24,90,5.0
24,107,0.0
24,110,4.5
24,118,0.0
24,133,0.0
24,143,0.0
24,145,2.5
24,148,1.0
24,149,2.5
24,161,0.5
24,165,0.5
24,171,3.5
24,184,2.5
24,185,1.0
24,190,3.0
24,199,4.5
24,209,2.0
24,233,2.5
24,241,3.0
24,242,1.0
24,244,3.0
24,250,1.5
24,252,2.5
24,265,3.5
24,266,4.0
24,269,1.0
24,273,2.5
24,274,4.5
24,275,2.5
24,277,1.5
24,280,4.5
24,288,5.0
24,298,2.0
24,303,1.5
24,322,1.5
24,324,5.0
24,336,5.0
24,347,0.5
24,353,1.0
24,358,2.5
24,362,3.0
24,371,5.0
24,373,1.5
24,390,1.0
24,413,5.0
24,428,2.0
24,443,1.5
24,444,4.5
24,455,3.0
24,459,0.0
24,477,5.0
24,492,2.0
24,509,5.0
24,521,0.0
24,525,1.5
24,528,1.5
24,540,4.5
24,541,0.0
24,547,4.0
24,562,0.5
24,573,0.5
24,582,4.5
24,606,4.0
24,619,1.5
24,632,3.0
24,633,5.0
24,636,2.5
24,646,0.5
24,647,4.0
24,651,1.0
24,669,4.0
24,673,4.5
24,677,1.5
24,681,1.5
24,697,2.0
24,699,3.5
24,716,2.5
24,727,5.0
24,732,0.5
24,733,5.0
24,736,4.0
24,739,5.0
24,744,3.5
24,749,3.0
24,751,3.0
24,755,1.0
24,761,1.0
24,768,2.0
24,775,0.0
24,780,5.0
24,784,3.0
24,802,3.5
24,806,1.5
24,816,5.0
24,818,4.5
24,824,1.0
24,831,0.0
24,834,2.0
24,837,3.5
24,846,3.0
24,851,5.0
24,858,1.5
24,859,2.5
24,872,4.5
24,873,4.5
24,880,0.5
24,884,2.0
24,885,5.0
24,886,5.0
24,894,2.5
24,896,3.5
24,904,4.5
24,911,4.5
24,919,0.5
24,930,0.5
24,937,4.0
24,941,4.0
24,946,0.0
24,950,3.5
24,966,3.0
24,967,1.0
24,969,3.0
24,972,2.5
24,976,3.5
24,977,4.5
24,1002,3.5
24,1003,4.5
24,1004,0.5
24,1005,2.5
24,1021,1.5
24,1025,0.5
24,1039,1.0
24,1041,3.0
24,1047,1.5
24,1057,3.5
24,1062,0.0
24,1063,0.5
24,1068,1.5
24,1071,0.0
24,1086,4.5
24,1100,2.0
24,1111,2.5
24,1112,3.0
24,1114,2.0
24,1128,2.5
24,1137,5.0
24,1145,4.0
24,1146,0.0
24,1161,2.0
24,1191,2.5
24,1194,4.0
24,1206,4.5
24,1208,3.5
24,1210,4.5
24,1213,2.5
24,1223,0.0
24,1226,3.5
24,1228,4.0
24,1249,3.5
24,1251,0.5
24,1261,4.5
24,1264,1.0
24,1279,3.5
24,1282,0.5
24,1286,0.5
24,1293,1.5
24,1308,3.0
24,1309,3.5
24,1315,2.0
24,1316,4.5
24,1321,2.5
24,1329,0.0
24,1342,2.5
24,1352,5.0
24,1365,3.0
24,1371,1.5
24,1379,3.0
24,1386,2.5
24,1387,4.0
24,1395,3.5
24,1401,3.0
24,1402,0.0
24,1405,2.5
24,1408,4.5
24,1411,4.5
24,1412,3.0
24,1426,2.0
24,1427,4.5
24,1429,0.5
24,1431,1.5
24,1433,3.0
24,1442,5.0
24,1444,5.0
24,1446,0.0
24,1463,3.5
24,1475,1.5
24,1491,1.0
24,1500,4.0
24,1501,3.5
24,1506,4.5
24,1512,2.5
24,1514,5.0
24,1518,3.0
24,1520,2.0
24,1523,2.0
24,1531,0.0
24,1538,3.5
24,1574,3.0
24,1577,4.5
24,1588,4.0
24,1589,4.5
24,1602,0.0
24,1609,0.0
24,1627,2.5
24,1638,2.0
24,1639,4.5
24,1647,2.0
24,1649,0.5
24,1654,1.0
24,1663,5.0
24,1666,4.0
24,1672,1.0
24,1676,3.0
24,1677,2.0
24,1680,2.0
24,1682,0.0
24,1688,5.0
24,1693,1.0
24,1694,4.0
24,1699,0.5
24,1703,3.0
24,1710,5.0
24,1716,0.0
24,1722,3.0
24,1724,2.5
24,1734,3.5
24,1738,1.5
24,1741,1.5
24,1745,2.5
24,1750,5.0
24,1751,3.5
24,1760,5.0
24,1764,0.5
24,1770,5.0
24,1771,3.0
24,1776,5.0
24,1782,0.5
24,1794,1.0
24,1800,4.5
24,1802,0.0
24,1813,1.5
24,1816,1.0
24,1817,3.0
24,1818,3.5
24,1838,0.5
24,1842,2.5
24,1846,1.5
24,1849,1.0
24,1855,4.0
24,1865,1.0
24,1870,0.0
24,1912,0.5
24,1928,5.0
24,1936,1.0
24,1939,1.0
24,1963,1.0
24,1967,1.5
24,1970,0.5
24,1971,2.5
24,1988,1.5
24,1991,0.0
24,1996,2.5
24,1997,1.5
24,1999,2.0
24,2011,0.5
24,2018,2.0
24,2020,1.5
24,2023,0.5
24,2025,0.5
24,2044,4.0
24,2055,3.0
24,2056,0.0
24,2060,2.5
24,2062,1.5
24,2069,5.0
24,2078,0.5
24,2084,1.5
24,2087,0.5
24,2096,2.0
24,2099,2.0
24,2102,2.0
24,2104,3.0
24,2105,3.5
24,2114,0.5
24,2119,0.0
24,2135,5.0
24,2146,1.0
24,2164,4.5
24,2165,3.0
24,2187,0.5
24,2189,4.0
24,2190,0.5
24,2195,1.5
24,2220,1.5
24,2222,2.0
24,2224,2.5
24,2232,0.0
24,2240,1.0
24,2251,3.0
24,2266,2.0
24,2267,2.0
24,2271,1.0
24,2273,3.0
24,2280,2.0
24,2285,4.5
24,2289,3.5
24,2294,3.5
24,2295,0.5
24,2297,4.5
24,2304,4.5
24,2306,1.5
24,2314,4.5
24,2329,1.5
24,2346,5.0
24,2348,3.5
24,2358,3.5
24,2367,3.0
24,2425,0.5
24,2432,5.0
24,2438,5.0
24,2446,0.0
24,2469,0.5
24,2471,1.0
24,2472,3.5
24,2496,0.0
24,2497,4.0
24,2499,0.5
24,2514,4.0
24,2525,0.0
24,2544,4.5
24,2553,1.0
24,2566,0.5
24,2574,3.0
24,2589,3.5
24,2595,1.5
24,2616,1.5
24,2623,0.0
24,2633,3.0
24,2650,3.5
24,2676,5.0
24,2679,0.0
24,2694,3.0
24,2705,2.0
24,2712,4.0
24,2725,5.0
24,2741,0.0
24,2748,3.5
24,2755,1.5
24,2757,1.5
24,2763,3.5
24,2771,0.0
24,2781,0.5
24,2799,2.0
24,2802,0.5
24,2804,3.0
24,2812,4.0
24,2825,2.0
24,2829,4.5
24,2842,0.0
24,2852,0.0
24,2860,4.5
24,2867,4.0
24,2893,5.0
24,2910,2.0
24,2912,3.5
24,2914,3.0
24,2924,2.5
24,2933,4.5
24,2934,1.0
24,2941,0.5
24,2951,0.5
24,2958,1.5
24,2970,0.0
24,2975,0.0
24,2977,1.0
24,2981,1.0
24,2989,2.0
24,2992,4.5
24,3002,0.5
24,3008,3.5
24,3016,0.5
24,3026,4.0
24,3033,0.0
24,3041,4.0
24,3044,2.0
24,3051,1.5
24,3052,0.0
24,3054,5.0
24,3055,0.5
24,3058,5.0
24,3072,0.0
24,3074,1.0
24,3076,0.0
24,3078,1.5
24,3101,0.0
24,3108,0.5
24,3109,0.0
24,3116,0.0
24,3119,3.5
24,3121,3.0
24,3122,2.0
24,3131,3.0
24,3155,2.5
24,3162,1.0
24,3169,5.0
24,3179,1.5
24,3184,1.0
24,3191,4.0
24,3198,0.5
24,3201,5.0
24,3208,1.0
24,3210,4.0
24,3215,2.5
24,3223,3.5
24,3224,0.0
24,3226,0.0
24,3231,4.5
24,3232,3.5
24,3237,3.5
24,3239,2.5
24,3242,0.0
24,3247,3.5
24,3251,2.5
24,3259,4.0
24,3278,2.0
24,3284,5.0
24,3289,5.0
24,3292,0.5
24,3297,5.0
24,3300,3.5
24,3307,2.5
24,3322,1.5
24,3323,5.0
24,3325,5.0
24,3328,0.5
24,3335,0.5
24,3345,1.0
24,3348,2.0
24,3350,2.5
24,3355,4.5
24,3356,4.0
24,3359,4.5
24,3361,4.0
24,3370,0.0
24,3384,1.0
24,3389,0.5
24,3392,3.5
24,3396,5.0
24,3400,4.0
24,3414,0.0
24,3418,2.0
24,3445,3.5
24,3446,3.0
24,3447,4.0
24,3448,1.0
24,3455,5.0
24,3458,4.0
24,3482,0.5
24,3487,0.0
24,3500,3.5
24,3510,1.0
24,3515,5.0
24,3539,1.5
24,3542,3.5
24,3554,2.5
24,3555,4.0
24,3558,3.5
24,3568,3.5
24,3580,0.5
24,3587,1.0
24,3599,2.0
24,3608,0.5
24,3610,1.5
24,3619,0.5
24,3622,3.0
24,3624,1.0
24,3629,2.5
24,3634,4.0
24,3639,2.0
24,3640,4.5
24,3646,3.5
24,3648,4.0
24,3658,3.5
24,3659,5.0
24,3667,1.5
24,3669,0.0
24,3676,1.0
24,3693,2.5
24,3697,4.5
24,3701,2.0
24,3703,5.0
24,3717,4.0
24,3732,3.0
24,3741,0.5
24,3750,0.0
24,3753,3.0
24,3759,2.5
24,3761,1.5
24,3766,0.0
24,3773,3.5
24,3812,1.5
24,3821,5.0
24,3826,1.0
24,3836,4.5
24,3841,2.5
24,3843,3.5
24,3852,3.0
24,3865,1.0
24,3875,0.5
24,3882,2.5
24,3884,4.0
24,3889,3.5
24,3907,3.5
24,3918,4.5
24,3960,1.0
24,3965,4.5
24,3983,3.5
24,3986,0.5
24,3987,0.5
24,3997,0.5
25,6,1.0
25,11,1.0
25,29,4.0
25,36,3.5
25,49,0.5
25,55,3.0
25,70,2.5
25,87,2.5
25,95,3.0
25,107,4.5
25,108,1.5
25,116,1.0
25,118,0.5
25,143,3.0
25,149,0.5
25,152,5.0
25,161,0.5
25,185,1.5
25,203,4.5
25,226,1.0
25,229,4.5
25,241,2.0
25,242,1.5
25,244,0.5
25,250,0.0
25,256,4.0
25,270,1.0
25,273,1.0
25,274,5.0
25,280,1.0
25,298,0.0
25,303,1.5
25,314,4.5
25,324,1.0
25,336,3.5
25,349,0.5
25,353,4.0
25,358,2.0
25,362,3.0
25,366,5.0
25,375,4.0
25,377,1.5
25,385,4.0
25,400,2.5
25,401,3.0
25,404,3.0
25,420,3.5
25,421,0.0
25,425,0.0
25,437,0.5
25,457,4.5
25,458,3.0
25,470,0.5
25,478,3.5
25,479,0.0
25,480,4.0
25,491,1.0
25,495,4.0
25,504,5.0
25,512,3.5
25,514,0.5
25,515,4.5
25,517,0.5
25,521,3.0
25,525,2.5
25,534,3.5
25,538,5.0
25,541,2.5
25,547,0.0
25,551,3.0
25,562,4.0
25,563,0.0
25,596,4.0
25,612,3.5
25,616,1.0
25,618,1.0
25,619,2.5
25,626,2.0
25,636,4.0
25,646,0.0
25,651,4.0
25,658,0.0
25,669,5.0
25,680,1.5
25,682,3.0
25,685,3.0
25,696,3.0
25,699,0.5
25,708,2.0
25,727,3.5
25,731,5.0
25,733,1.5
25,739,0.0
25,748,0.5
25,751,2.5
25,754,4.5
25,761,3.0
25,780,0.5
25,784,3.5
25,788,1.0
25,800,4.5
25,816,3.0
25,818,1.5
25,819,2.0
25,830,4.0
25,834,1.5
25,851,2.5
25,858,3.0
25,859,2.0
25,876,1.5
25,885,2.0
25,886,4.5
25,889,0.0
25,896,3.0
25,901,4.5
25,904,3.0
25,911,3.0
25,924,2.5
25,927,2.0
25,950,5.0
25,983,1.5
25,1013,1.0
25,1021,3.5
25,1028,1.5
25,1035,1.0
25,1039,1.0
25,1049,4.5
25,1063,1.5
25,1068,0.5
25,1082,4.0
25,1087,0.0
25,1101,1.0
25,1110,4.0
25,1114,1.5
25,1128,0.5
25,1145,4.0
25,1146,0.5
25,1150,2.5
25,1161,1.5
25,1166,1.5
25,1180,1.0
25,1183,0.5
25,1191,2.0
25,1204,2.0
25,1206,3.0
25,1210,1.5
25,1215,1.0
25,1218,2.5
25,1219,2.5
25,1226,0.5
25,1240,4.0
25,1250,0.0
25,1251,2.0
25,1258,4.5
25,1269,2.5
25,1274,4.5
25,1278,3.5
25,1279,3.5
25,1284,3.5
25,1302,4.5
25,1313,3.0
25,1316,2.0
25,1321,5.0
25,1334,3.5
25,1342,1.0
25,1352,4.0
25,1358,0.0
25,1366,4.0
25,1373,3.5
25,1376,2.0
25,1383,2.0
25,1402,2.5
25,1416,1.0
25,1423,1.0
25,1426,1.5
25,1433,0.5
25,1442,3.5
25,1444,2.0
25,1447,3.5
25,1463,4.5
25,1480,2.0
25,1483,1.0
25,1484,3.5
25,1496,3.5
25,1501,0.0
25,1506,3.0
25,1514,5.0
25,1531,1.5
25,1538,4.0
25,1547,2.5
25,1562,3.0
25,1574,4.0
25,1577,4.0
25,1588,3.0
25,1609,4.0
25,1615,3.5
25,1623,1.5
25,1628,0.0
25,1654,4.0
25,1664,1.0
25,1666,1.5
25,1672,5.0
25,1676,3.5
25,1688,1.0
25,1690,0.5
25,1693,2.0
25,1694,3.0
25,1703,3.5
25,1717,4.0
25,1722,2.5
25,1734,3.0
25,1740,3.0
25,1741,2.5
25,1751,0.5
25,1754,2.0
25,1758,0.5
25,1760,0.5
25,1763,3.5
25,1779,0.5
25,1781,0.5
25,1782,3.5
25,1791,1.0
25,1800,4.5
25,1802,0.5
25,1813,2.0
25,1817,2.0
25,1818,2.0
25,1819,1.5
25,1820,1.5
25,1832,1.0
25,1849,5.0
25,1850,3.0
25,1855,2.0
25,1859,1.5
25,1874,4.0
25,1894,0.0
25,1909,0.5
25,1912,3.0
25,1928,3.5
25,1954,2.5
25,1959,0.5
25,1960,1.5
25,1967,0.5
25,1971,3.5
25,1988,2.5
25,1991,1.5
25,1996,4.0
25,1999,3.0
25,2011,0.5
25,2020,4.5
25,2025,2.5
25,2028,1.5
25,2032,5.0
25,2040,0.0
25,2044,2.0
25,2055,4.0
25,2056,0.0
25,2069,0.5
25,2078,1.0
25,2081,3.0
25,2083,5.0
25,2084,2.5
25,2095,3.0
25,2099,4.0
25,2102,4.5
25,2105,0.0
25,2106,3.0
25,2114,0.0
25,2117,2.0
25,2119,4.0
25,2134,3.0
25,2146,3.0
25,2166,2.5
25,2173,3.0
25,2174,4.0
25,2179,3.0
25,2187,0.5
25,2189,3.0
25,2190,5.0
25,2199,4.5
25,2219,3.5
25,2222,1.5
25,2224,4.5
25,2242,5.0
25,2246,1.5
25,2254,3.0
25,2261,1.0
25,2264,4.5
25,2277,1.5
25,2278,0.0
25,2289,0.5
25,2294,2.0
25,2297,1.0
25,2304,1.0
25,2306,3.0
25,2308,1.0
25,2310,2.5
25,2317,1.5
25,2334,1.5
25,2341,4.0
25,2353,0.5
25,2368,0.0
25,2385,2.5
25,2387,0.0
25,2403,0.5
25,2410,1.0
25,2416,4.0
25,2426,4.0
25,2444,0.0
25,2446,1.5
25,2452,1.5
25,2469,1.0
25,2471,4.0
25,2476,4.0
25,2478,3.5
25,2492,3.5
25,2493,3.0
25,2495,4.0
25,2497,4.5
25,2499,2.0
25,2503,5.0
25,2514,0.5
25,2525,3.0
25,2556,0.5
25,2566,2.5
25,2589,2.5
25,2595,3.5
25,2596,0.5
25,2604,3.0
25,2619,1.0
25,2623,5.0
25,2633,2.0
25,2636,1.0
25,2637,3.0
25,2650,2.5
25,2659,1.5
25,2679,2.0
25,2682,3.5
25,2686,1.5
25,2688,1.0
25,2694,1.0
25,2697,3.0
25,2698,0.0
25,2699,0.5
25,2718,2.5
25,2730,0.5
25,2741,1.0
25,2743,4.5
25,2748,3.5
25,2758,3.0
25,2761,4.0
25,2763,1.0
25,2767,3.0
25,2780,0.5
25,2785,3.5
25,2794,2.5
25,2799,0.0
25,2802,5.0
25,2809,2.5
25,2825,2.5
25,2834,3.5
25,2837,1.5
25,2842,4.5
25,2851,3.0
25,2858,1.5
25,2873,1.5
25,2876,4.5
25,2877,3.5
25,2885,3.0
25,2890,2.0
25,2893,0.5
25,2919,4.0
25,2924,3.5
25,2926,3.5
25,2933,0.0
25,2936,3.5
25,2951,0.0
25,2954,0.0
25,2958,5.0
25,2960,1.5
25,2970,1.0
25,2976,1.0
25,3026,3.0
25,3033,1.5
25,3043,4.5
25,3047,2.0
25,3054,3.5
25,3074,5.0
25,3093,5.0
25,3102,4.5
25,3104,3.5
25,3106,3.5
25,3109,0.0
25,3110,2.0
25,3116,0.0
25,3122,5.0
25,3125,3.5
25,3128,0.0
25,3133,3.0
25,3142,4.0
25,3158,3.0
25,3162,1.0
25,3169,1.0
25,3184,1.0
25,3201,3.0
25,3206,4.5
25,3208,4.0
25,3215,2.0
25,3222,0.0
25,3224,4.0
25,3226,1.0
25,3232,0.0
25,3239,4.5
25,3242,1.5
25,3247,0.5
25,3262,0.0
25,3265,4.5
25,3272,1.5
25,3284,4.0
25,3300,2.5
25,3307,1.0
25,3313,4.5
25,3316,5.0
25,3322,2.0
25,3327,4.0
25,3342,4.5
25,3350,2.0
25,3361,0.5
25,3384,4.5
25,3386,0.0
25,3406,2.0
25,3414,5.0
25,3418,4.0
25,3428,0.0
25,3447,2.5
25,3455,3.0
25,3458,4.5
25,3465,2.5
25,3470,1.5
25,3500,2.5
25,3503,2.0
25,3515,3.0
25,3521,4.5
25,3533,5.0
25,3558,1.0
25,3568,3.5
25,3578,0.0
25,3581,0.0
25,3587,0.5
25,3592,5.0
25,3605,4.0
25,3610,4.0
25,3622,2.5
25,3624,0.0
25,3627,0.0
25,3629,3.5
25,3634,1.5
25,3639,3.5
25,3640,3.0
25,3644,4.0
25,3648,4.5
25,3651,0.0
25,3657,1.5
25,3658,4.5
25,3659,1.0
25,3676,0.0
25,3683,1.0
25,3693,3.5
25,3695,4.5
25,3697,3.5
25,3701,2.0
25,3703,0.5
25,3705,0.0
25,3741,5.0
25,3750,4.5
25,3753,2.5
25,3756,0.0
25,3762,0.5
25,3767,4.5
25,3770,1.5
25,3791,0.5
25,3793,3.0
25,3812,2.5
25,3821,1.0
25,3823,4.5
25,3841,4.5
25,3856,1.5
25,3860,2.5
25,3873,3.5
25,3874,4.5
25,3884,5.0
25,3886,0.5
25,3889,1.5
25,3906,5.0
25,3911,2.0
25,3938,1.0
25,3983,1.0
25,3994,1.0
26,6,2.5
26,23,0.0
26,26,3.0
26,29,0.5
26,34,0.0
26,44,5.0
26,55,1.5
26,62,3.5
26,64,1.0
26,70,3.5
26,81,0.5
26,86,1.0
26,87,2.0
26,90,5.0
26,107,4.0
26,115,1.0
26,118,1.0
26,140,2.5
26,143,2.0
26,148,0.5
26,149,0.5
26,161,5.0
26,171,2.0
26,184,2.0
26,185,1.0
26,190,5.0
26,207,2.0
26,209,0.5
26,226,3.0
26,229,3.5
26,233,2.5
26,235,2.5
26,242,0.0
26,244,3.0
26,256,3.5
26,266,5.0
26,269,1.0
26,274,2.0
26,275,0.5
26,277,2.5
26,280,5.0
26,303,3.5
26,314,1.5
26,336,2.5
26,346,2.5
26,347,5.0
26,358,4.0
26,362,2.0
26,383,4.0
26,385,3.0
26,389,2.5
26,411,4.5
26,420,2.0
26,437,5.0
26,444,1.0
26,454,3.0
26,457,1.0
26,465,0.5
26,466,3.0
26,470,3.5
26,478,1.0
26,489,4.0
26,491,2.5
26,495,1.5
26,512,4.5
26,514,0.0
26,515,5.0
26,534,1.5
26,540,4.5
26,541,0.0
26,544,2.0
26,563,1.5
26,566,2.5
26,576,4.0
26,596,0.5
26,602,0.0
26,622,0.5
26,624,4.5
26,631,4.0
26,632,0.5
26,633,5.0
26,637,2.5
26,642,4.0
26,647,1.0
26,658,0.5
26,680,2.5
26,682,2.0
26,699,2.5
26,702,1.0
26,729,1.0
26,731,3.0
26,732,0.5
26,733,4.5
26,744,4.0
26,762,2.5
26,764,4.0
26,816,1.5
26,818,4.0
26,830,2.5
26,837,2.0
26,848,0.0
26,858,0.0
26,872,3.5
26,876,4.5
26,879,1.0
26,883,0.5
26,884,1.0
26,886,1.0
26,916,0.0
26,920,0.0
26,930,4.5
26,937,2.5
26,939,4.0
26,950,2.5
26,983,0.0
26,987,2.5
26,1004,3.5
26,1018,5.0
26,1019,2.0
26,1021,0.5
26,1025,2.0
26,1028,1.0
26,1041,1.0
26,1062,3.0
26,1063,1.0
26,1068,4.5
26,1082,1.0
26,1087,3.5
26,1100,2.5
26,1114,1.5
26,1129,0.0
26,1150,1.0
26,1171,3.0
26,1183,0.5
26,1194,3.5
26,1198,2.5
26,1204,4.0
26,1206,0.0
26,1215,3.5
26,1218,1.0
26,1235,4.0
26,1245,3.5
26,1251,2.5
26,1258,3.0
26,1264,3.0
26,1274,0.5
26,1280,5.0
26,1282,1.0
26,1284,3.5
26,1293,0.0
26,1309,1.5
26,1313,1.0
26,1316,4.5
26,1329,1.0
26,1358,4.0
26,1365,4.5
26,1373,0.5
26,1376,1.5
26,1389,3.0
26,1395,2.5
26,1405,5.0
26,1408,4.5
26,1410,4.0
26,1412,2.0
26,1421,3.0
26,1423,3.0
26,1426,5.0
26,1427,0.0
26,1442,0.5
26,1467,2.0
26,1496,2.5
26,1500,1.0
26,1506,3.5
26,1514,3.0
26,1516,3.5
26,1518,4.5
26,1529,5.0
26,1531,1.0
26,1532,1.0
26,1538,0.5
26,1540,3.5
26,1547,1.5
26,1561,0.0
26,1574,5.0
26,1583,5.0
26,1588,4.0
26,1589,0.0
26,1601,3.5
26,1602,2.5
26,1609,4.0
26,1610,2.0
26,1623,1.5
26,1624,3.5
26,1635,1.0
26,1639,1.0
26,1643,2.5
26,1649,4.5
26,1653,5.0
26,1664,4.5
26,1666,4.0
26,1676,5.0
26,1688,4.0
26,1696,4.0
26,1698,2.5
26,1710,1.0
26,1716,1.5
26,1722,3.0
26,1724,3.5
26,1737,3.5
26,1741,5.0
26,1745,3.0
26,1751,1.5
26,1754,1.5
26,1760,0.5
26,1770,0.5
26,1779,3.5
26,1782,4.5
26,1783,1.0
26,1791,5.0
26,1813,3.0
26,1816,0.0
26,1823,3.0
26,1833,1.0
26,1838,5.0
26,1841,0.5
26,1842,4.5
26,1846,4.5
26,1847,1.0
26,1849,2.5
26,1850,3.5
26,1855,1.5
26,1865,5.0
26,1872,1.0
26,1880,2.5
26,1900,2.0
26,1918,3.0
26,1920,0.5
26,1940,1.0
26,1949,2.5
26,1960,4.0
26,1971,2.0
26,1980,3.0
26,1988,4.5
26,1991,5.0
26,1995,1.5
26,1996,5.0
26,1997,2.0
26,1999,4.0
26,2018,5.0
26,2023,2.5
26,2036,0.5
26,2056,0.5
26,2067,0.0
26,2071,4.0
26,2081,2.0
26,2084,2.0
26,2102,4.0
26,2114,0.0
26,2117,2.5
26,2118,5.0
26,2119,1.0
26,2135,0.5
26,2146,1.0
26,2163,4.5
26,2166,2.0
26,2174,5.0
26,2179,2.5
26,2195,3.0
26,2216,0.0
26,2219,2.5
26,2220,3.5
26,2231,2.0
26,2242,4.5
26,2251,5.0
26,2257,1.5
26,2264,2.5
26,2272,3.5
26,2275,0.0
26,2277,4.5
26,2280,1.5
26,2285,1.5
26,2288,3.0
26,2294,2.5
26,2297,4.5
26,2298,1.5
26,2304,3.5
26,2308,4.0
26,2314,3.0
26,2317,4.0
26,2319,2.5
26,2334,1.5
26,2363,1.0
26,2382,0.5
26,2410,0.0
26,2411,2.5
26,2414,5.0
26,2425,3.0
26,2431,4.5
26,2432,2.0
26,2444,3.5
26,2446,2.0
26,2470,1.5
26,2471,1.5
26,2478,0.5
26,2482,0.5
26,2492,4.5
26,2499,4.5
26,2541,1.5
26,2543,2.5
26,2553,5.0
26,2559,1.0
26,2563,2.0
26,2566,4.0
26,2596,0.0
26,2601,1.5
26,2612,4.5
26,2619,3.0
26,2625,5.0
26,2626,5.0
26,2633,2.5
26,2637,0.5
26,2638,1.5
26,2650,4.0
26,2659,4.0
26,2667,2.5
26,2686,1.5
26,2688,0.5
26,2694,4.0
26,2697,1.0
26,2705,2.0
26,2718,4.5
26,2730,3.5
26,2735,2.0
26,2748,4.0
26,2752,4.5
26,2757,5.0
26,2758,4.0
26,2763,5.0
26,2767,1.0
26,2779,5.0
26,2780,0.5
26,2785,2.0
26,2796,3.5
26,2802,0.0
26,2803,2.5
26,2809,1.5
26,2812,4.0
26,2813,0.5
26,2818,5.0
26,2825,5.0
26,2829,2.0
26,2849,1.0
26,2851,1.5
26,2852,3.5
26,2866,3.5
26,2873,2.0
26,2876,1.0
26,2893,3.0
26,2902,4.5
26,2912,0.5
26,2934,2.5
26,2941,3.5
26,2951,4.5
26,2955,3.0
26,2958,0.0
26,2960,4.5
26,2962,0.0
26,2976,2.5
26,2977,5.0
26,2992,4.5
26,2993,3.0
26,3002,0.5
26,3026,2.0
26,3033,4.5
26,3039,0.5
26,3041,0.0
26,3044,0.5
26,3050,3.0
26,3055,4.0
26,3074,0.5
26,3080,0.5
26,3104,1.5
26,3110,3.0
26,3114,4.0
26,3116,0.0
26,3121,1.0
26,3122,2.0
26,3126,5.0
26,3131,1.5
26,3134,4.0
26,3138,5.0
26,3155,0.0
26,3162,2.5
26,3167,3.0
26,3184,3.5
26,3194,2.0
26,3201,4.5
26,3203,0.5
26,3206,2.0
26,3208,1.0
26,3209,3.0
26,3210,3.0
26,3215,0.5
26,3222,2.0
26,3223,3.5
26,3226,2.5
26,3231,4.5
26,3242,1.0
26,3256,3.5
26,3263,1.5
26,3265,4.5
26,3267,1.0
26,3272,4.0
26,3275,4.5
26,3278,1.5
26,3280,2.0
26,3282,1.5
26,3289,0.0
26,3305,1.5
26,3307,4.5
26,3310,2.5
26,3311,5.0
26,3316,4.5
26,3321,3.0
26,3323,2.0
26,3324,5.0
26,3328,4.0
26,3345,0.0
26,3347,0.5
26,3359,4.5
26,3361,3.0
26,3370,3.0
26,3384,0.5
26,3389,1.5
26,3396,0.0
26,3402,0.0
26,3406,4.0
26,3423,2.5
26,3448,0.5
26,3500,0.0
26,3504,3.0
26,3509,1.0
26,3515,3.0
26,3521,3.5
26,3532,0.0
26,3533,4.0
26,3536,2.5
26,3539,3.0
26,3542,2.5
26,3554,0.0
26,3587,1.0
26,3599,2.0
26,3619,4.0
26,3627,2.5
26,3639,1.0
26,3643,1.5
26,3648,4.5
26,3658,4.0
26,3659,2.0
26,3661,4.5
26,3675,3.5
26,3683,3.0
26,3693,2.0
26,3697,0.5
26,3701,4.0
26,3703,5.0
26,3705,4.5
26,3717,3.5
26,3735,5.0
26,3739,5.0
26,3741,2.5
26,3742,0.0
26,3750,0.0
26,3756,1.5
26,3759,0.0
26,3781,0.0
26,3791,4.0
26,3792,1.0
26,3793,2.5
26,3812,1.5
26,3821,3.5
26,3823,1.5
26,3843,1.0
26,3856,3.5
26,3873,4.5
26,3881,3.5
26,3882,1.0
26,3884,2.5
26,3889,0.5
26,3891,5.0
26,3906,3.5
26,3907,4.0
26,3911,2.0
26,3938,0.5
26,3951,4.0
26,3957,4.5
26,3960,1.0
26,3965,2.0
26,3970,3.0
26,3982,4.0
26,3983,2.5
27,4,3.0
27,11,4.0
27,19,3.0
27,28,0.5
27,32,4.5
27,34,0.0
27,36,5.0
27,44,3.5
27,62,3.0
27,64,1.5
27,68,1.5
27,70,3.5
27,76,5.0
27,87,1.0
27,95,2.0
27,110,0.5
27,112,0.0
27,118,1.0
27,124,5.0
27,133,5.0
27,142,2.0
27,143,4.0
27,152,3.0
27,161,2.0
27,184,1.5
27,190,3.5
27,235,0.5
27,244,4.0
27,248,1.5
27,250,5.0
27,252,4.0
27,256,3.5
27,264,1.0
27,265,4.5
27,266,3.0
27,269,0.0
27,270,2.0
27,273,3.5
27,277,3.5
27,303,0.0
27,314,2.0
27,322,5.0
27,324,0.0
27,347,1.5
27,349,1.0
27,358,2.0
27,373,3.0
27,377,4.5
27,383,5.0
27,385,3.0
27,389,1.0
27,390,1.0
27,400,2.5
27,413,3.0
27,420,0.0
27,428,1.5
27,437,3.5
27,444,0.0
27,454,4.0
27,457,2.0
27,458,5.0
27,465,4.5
27,470,4.0
27,477,1.5
27,478,0.5
27,479,5.0
27,482,0.0
27,484,2.5
27,489,4.5
27,491,0.5
27,495,0.5
27,503,2.0
27,509,1.0
27,512,1.0
27,517,5.0
27,534,1.0
27,540,4.0
27,544,2.5
27,566,3.0
27,569,0.5
27,573,4.0
27,582,1.0
27,602,0.5
27,612,5.0
27,618,4.0
27,619,2.0
27,625,1.0
27,632,1.0
27,633,3.0
27,637,1.5
27,643,2.5
27,658,2.0
27,668,0.5
27,677,1.0
27,680,3.0
27,681,3.5
27,685,4.5
27,697,4.5
27,699,5.0
27,716,1.0
27,729,0.0
27,736,0.5
27,738,1.5
27,739,0.5
27,754,2.5
27,755,1.5
27,761,4.5
27,762,1.0
27,764,1.5
27,768,0.5
27,775,0.5
27,778,1.5
27,784,0.0
27,788,2.5
27,795,3.0
27,800,2.5
27,806,1.5
27,814,1.5
27,815,2.5
27,818,5.0
27,819,1.0
27,824,3.5
27,830,2.5
27,837,2.5
27,838,1.0
27,850,0.5
27,851,2.0
27,859,0.0
27,872,2.0
27,876,0.5
27,879,3.5
27,883,4.5
27,884,5.0
27,888,3.5
27,904,2.0
27,916,0.0
27,924,3.0
27,927,4.5
27,946,4.0
27,949,3.5
27,967,1.0
27,968,5.0
27,976,2.0
27,977,0.5
27,1002,1.0
27,1005,0.5
27,1006,3.0
27,1021,3.0
27,1039,2.5
27,1047,4.0
27,1057,5.0
27,1058,3.5
27,1062,3.5
27,1071,3.5
27,1076,1.5
27,1082,2.5
27,1105,4.0
27,1110,3.5
27,1114,5.0
27,1128,0.5
27,1129,2.0
27,1137,3.0
27,1159,1.0
27,1161,0.5
27,1171,0.5
27,1180,5.0
27,1194,0.0
27,1204,5.0
27,1208,0.0
27,1218,5.0
27,1223,4.5
27,1228,3.5
27,1240,3.0
27,1250,3.0
27,1258,0.0
27,1279,3.0
27,1280,3.5
27,1284,3.0
27,1286,2.5
27,1291,3.0
27,1302,2.5
27,1309,5.0
27,1320,5.0
27,1328,5.0
27,1333,2.5
27,1334,1.5
27,1346,3.5
27,1352,2.5
27,1358,1.5
27,1366,1.5
27,1376,1.0
27,1379,1.0
27,1383,2.5
27,1386,3.5
27,1387,0.5
27,1405,0.5
27,1408,4.5
27,1416,5.0
27,1427,2.0
27,1437,4.0
27,1446,3.5
27,1463,4.0
27,1467,3.5
27,1484,5.0
27,1496,5.0
27,1501,1.5
27,1506,0.5
27,1512,3.5
27,1514,5.0
27,1515,2.0
27,1516,3.5
27,1518,1.5
27,1523,4.0
27,1531,3.5
27,1532,0.0
27,1538,5.0
27,1544,1.5
27,1547,3.5
27,1561,1.5
27,1562,0.5
27,1577,0.5
27,1602,2.5
27,1608,2.0
27,1610,4.0
27,1628,1.5
27,1630,5.0
27,1635,4.5
27,1639,1.5
27,1643,5.0
27,1647,5.0
27,1649,2.0
27,1654,0.5
27,1672,5.0
27,1681,3.5
27,1688,4.5
27,1693,2.5
27,1694,3.0
27,1698,5.0
27,1699,2.0
27,1711,3.0
27,1717,0.5
27,1724,4.0
27,1727,4.5
27,1735,3.0
27,1738,2.5
27,1741,2.5
27,1745,4.0
27,1750,2.0
27,1758,2.0
27,1764,0.5
27,1770,1.5
27,1771,2.5
27,1776,2.5
27,1782,2.0
27,1791,3.5
27,1802,2.5
27,1817,4.5
27,1819,2.5
27,1820,5.0
27,1823,4.5
27,1833,0.5
27,1838,5.0
27,1842,3.5
27,1846,4.5
27,1847,0.0
27,1855,2.0
27,1859,2.5
27,1870,2.5
27,1872,1.5
27,1874,2.5
27,1887,1.0
27,1909,1.0
27,1928,4.5
27,1936,1.0
27,1939,4.0
27,1951,4.5
27,1967,5.0
27,1968,2.0
27,1969,4.5
27,1980,2.0
27,1991,4.5
27,2011,4.5
27,2018,3.5
27,2028,0.5
27,2055,4.0
27,2059,5.0
27,2067,4.0
27,2071,1.0
27,2080,1.0
27,2081,0.5
27,2084,3.0
27,2095,4.0
27,2096,1.0
27,2099,1.0
27,2104,0.5
27,2105,2.5
27,2109,3.0
27,2114,2.0
27,2119,5.0
27,2134,3.0
27,2135,5.0
27,2142,0.0
27,2163,1.0
27,2164,1.0
27,2166,0.5
27,2187,3.5
27,2190,3.0
27,2195,4.0
27,2202,5.0
27,2218,0.5
27,2219,3.0
27,2220,0.5
27,2222,2.5
27,2231,1.5
27,2232,5.0
27,2254,2.5
27,2264,4.5
27,2266,0.5
27,2272,0.5
27,2273,5.0
27,2276,4.5
27,2277,0.0
27,2280,4.5
27,2288,4.5
27,2289,4.5
27,2292,3.5
27,2294,3.0
27,2304,3.0
27,2308,4.5
27,2310,2.5
27,2314,4.0
27,2317,2.5
27,2319,3.0
27,2320,2.5
27,2337,4.0
27,2339,5.0
27,2343,4.5
27,2346,2.5
27,2348,0.0
27,2353,4.5
27,2359,4.0
27,2368,1.5
27,2382,2.5
27,2385,2.0
27,2394,2.0
27,2410,1.0
27,2414,2.0
27,2417,0.0
27,2425,1.5
27,2426,0.0
27,2432,1.5
27,2438,1.0
27,2446,3.0
27,2452,4.5
27,2482,3.0
27,2491,2.5
27,2495,2.0
27,2497,1.5
27,2503,4.0
27,2508,3.5
27,2514,5.0
27,2525,0.5
27,2543,3.5
27,2544,3.0
27,2559,0.5
27,2563,3.5
27,2577,1.5
27,2595,0.5
27,2597,0.5
27,2604,3.0
27,2614,4.5
27,2619,3.5
27,2623,0.0
27,2625,0.5
27,2637,4.5
27,2638,3.0
27,2659,3.5
27,2682,1.5
27,2688,0.5
27,2694,2.0
27,2697,2.5
27,2699,4.0
27,2700,1.0
27,2705,0.5
27,2718,3.0
27,2725,3.5
27,2735,1.5
27,2741,0.0
27,2744,3.5
27,2752,1.0
27,2761,0.5
27,2763,4.5
27,2796,3.5
27,2799,0.0
27,2803,0.0
27,2809,4.0
27,2812,2.0
27,2813,1.0
27,2825,1.5
27,2828,3.0
27,2829,4.5
27,2834,3.5
27,2851,5.0
27,2852,5.0
27,2890,4.0
27,2914,3.0
27,2926,2.0
27,2932,1.5
27,2954,5.0
27,2955,5.0
27,2958,1.0
27,2992,1.0
27,2995,1.5
27,3002,2.5
27,3014,2.5
27,3016,3.5
27,3026,4.5
27,3029,3.5
27,3039,4.0
27,3041,4.5
27,3050,0.0
27,3053,4.5
27,3054,1.5
27,3072,1.0
27,3076,5.0
27,3078,3.0
27,3102,2.5
27,3108,4.5
27,3109,4.5
27,3114,0.0
27,3117,3.0
27,3119,4.0
27,3121,3.0
27,3122,4.5
27,3125,1.5
27,3126,1.0
27,3128,0.0
27,3133,3.5
27,3150,1.5
27,3154,2.5
27,3162,0.5
27,3166,2.5
27,3179,4.0
27,3201,2.0
27,3206,1.5
27,3209,4.0
27,3212,3.5
27,3222,0.0
27,3223,3.5
27,3226,2.5
27,3231,1.5
27,3242,0.5
27,3247,3.0
27,3252,1.0
27,3265,3.5
27,3272,2.5
27,3275,4.5
27,3289,3.0
27,3292,4.0
27,3297,0.5
27,3311,0.0
27,3319,3.0
27,3321,1.5
27,3323,2.0
27,3324,4.5
27,3325,0.5
27,3327,0.0
27,3328,0.0
27,3347,3.0
27,3349,4.0
27,3356,0.5
27,3359,0.5
27,3365,1.0
27,3367,0.0
27,3370,1.0
27,3375,3.5
27,3383,4.5
27,3384,3.0
27,3386,0.5
27,3396,2.0
27,3402,3.0
27,3413,5.0
27,3416,0.5
27,3418,1.0
27,3428,5.0
27,3445,0.5
27,3446,3.5
27,3448,4.5
27,3453,3.0
27,3455,5.0
27,3458,0.5
27,3465,2.0
27,3495,4.0
27,3500,4.5
27,3503,1.5
27,3504,4.0
27,3509,5.0
27,3510,0.0
27,3523,0.5
27,3527,1.0
27,3533,1.5
27,3548,3.5
27,3558,5.0
27,3563,0.0
27,3566,1.0
27,3568,3.5
27,3572,4.5
27,3599,2.0
27,3605,3.5
27,3610,3.0
27,3624,1.5
27,3627,1.0
27,3643,2.5
27,3647,3.5
27,3651,4.5
27,3667,5.0
27,3693,1.0
27,3695,3.5
27,3701,3.5
27,3712,0.5
27,3735,1.5
27,3739,5.0
27,3742,5.0
27,3744,3.5
27,3750,3.5
27,3753,4.5
27,3762,0.0
27,3773,0.0
27,3781,0.5
27,3791,2.5
27,3792,3.5
27,3793,2.5
27,3797,2.5
27,3821,0.5
27,3826,0.5
27,3843,1.0
27,3850,0.0
27,3852,1.0
27,3859,3.0
27,3860,4.5
27,3865,0.0
27,3871,2.5
27,3873,4.0
27,3881,3.0
27,3884,4.5
27,3891,2.0
27,3893,5.0
27,3906,5.0
27,3918,1.5
27,3938,1.0
27,3951,2.0
27,3970,0.5
27,3983,3.5
28,4,0.5
28,9,0.0
28,11,2.0
28,19,3.5
28,23,0.5
28,26,3.0
28,29,5.0
28,42,3.0
28,44,5.0
28,49,1.5
28,55,0.5
28,62,4.5
28,63,0.5
28,64,0.5
28,76,3.5
28,90,4.5
28,105,4.5
28,108,4.0
28,110,2.0
28,112,3.0
28,116,5.0
28,124,0.0
28,133,4.0
28,140,4.0
28,142,0.5
28,143,2.5
28,152,4.5
28,165,0.5
28,171,4.0
28,184,4.5
28,185,2.0
28,195,2.0
28,199,4.5
28,207,0.5
28,226,1.5
28,229,4.0
28,235,0.0
28,241,3.5
28,242,3.0
28,243,1.0
28,244,4.5
28,248,1.5
28,252,4.5
28,273,4.5
28,275,4.0
28,280,4.5
28,288,1.5
28,297,1.0
28,303,2.0
28,314,4.5
28,319,3.0
28,324,2.5
28,346,3.0
28,347,3.5
28,349,2.0
28,353,4.5
28,358,5.0
28,362,3.5
28,366,4.0
28,373,2.5
28,375,5.0
28,377,1.0
28,383,3.5
28,400,1.5
28,401,1.0
28,409,0.5
28,414,1.5
28,421,4.0
28,425,3.5
28,428,1.0
28,437,4.0
28,443,1.5
28,444,0.5
28,451,4.5
28,454,3.0
28,455,1.0
28,465,3.5
28,466,5.0
28,470,4.5
28,476,2.0
28,479,3.0
28,482,3.0
28,484,2.0
28,492,4.5
28,495,5.0
28,504,4.5
28,512,4.5
28,514,3.5
28,517,1.0
28,521,1.5
28,538,3.0
28,540,4.5
28,544,0.5
28,547,5.0
28,551,5.0
28,562,0.5
28,566,0.0
28,569,0.5
28,576,1.0
28,596,4.0
28,598,2.0
28,600,5.0
28,602,3.5
28,606,3.0
28,612,0.5
28,619,1.0
28,633,4.0
28,642,0.5
28,643,4.5
28,647,4.5
28,669,3.0
28,673,0.0
28,680,3.5
28,682,5.0
28,696,3.5
28,697,4.0
28,705,1.5
28,708,1.0
28,729,4.5
28,731,3.5
28,733,1.5
28,738,3.0
28,739,3.0
28,748,3.5
28,755,4.0
28,764,4.0
28,768,3.0
28,778,1.0
28,780,1.5
28,786,0.5
28,795,2.0
28,815,3.5
28,830,3.0
28,831,4.5
28,838,2.0
28,846,3.0
28,850,2.0
28,858,0.5
28,859,3.0
28,879,0.0
28,880,5.0
28,883,2.0
28,887,2.5
28,888,3.0
28,889,2.0
28,901,0.5
28,916,0.0
28,919,4.0
28,920,0.5
28,927,2.5
28,930,0.5
28,939,1.5
28,949,4.5
28,955,4.0
28,958,0.5
28,969,3.5
28,977,4.0
28,998,1.5
28,1002,5.0
28,1003,3.0
28,1004,1.5
28,1005,4.5
28,1006,0.0
28,1013,2.0
28,1018,2.0
28,1019,2.0
28,1035,5.0
28,1039,2.5
28,1057,0.5
28,1062,5.0
28,1063,5.0
28,1068,1.0
28,1071,4.5
28,1086,2.5
28,1087,2.0
28,1091,1.0
28,1105,1.0
28,1109,1.0
28,1110,2.5
28,1112,2.5
28,1128,3.0
28,1146,5.0
28,1161,1.5
28,1162,3.0
28,1166,2.5
28,1180,1.5
28,1183,4.0
28,1197,3.0
28,1198,1.5
28,1199,0.5
28,1203,3.5
28,1204,2.0
28,1206,0.0
28,1208,4.0
28,1219,5.0
28,1223,2.5
28,1228,2.0
28,1235,3.0
28,1240,2.0
28,1250,4.5
28,1251,2.5
28,1253,1.0
28,1258,0.5
28,1269,2.5
28,1280,3.0
28,1282,4.0
28,1284,1.5
28,1292,2.5
28,1308,0.5
28,1313,3.5
28,1316,4.0
28,1321,3.0
28,1329,0.0
28,1334,3.0
28,1346,2.5
28,1351,4.5
28,1352,1.0
28,1355,1.5
28,1366,1.0
28,1379,4.5
28,1386,1.0
28,1387,3.0
28,1389,3.5
28,1395,1.5
28,1401,0.0
28,1405,1.0
28,1408,3.5
28,1421,1.0
28,1427,3.0
28,1431,2.0
28,1442,1.5
28,1444,0.5
28,1447,5.0
28,1455,1.0
28,1467,2.5
28,1475,1.5
28,1480,0.5
28,1483,1.0
28,1501,4.5
28,1506,3.5
28,1514,4.5
28,1516,3.0
28,1539,4.0
28,1540,3.0
28,1544,5.0
28,1561,4.0
28,1577,4.0
28,1583,0.0
28,1585,4.0
28,1589,1.5
28,1602,3.5
28,1610,4.5
28,1615,0.0
28,1622,4.5
28,1627,4.5
28,1628,1.5
28,1630,2.0
28,1632,2.5
28,1647,3.5
28,1649,3.5
28,1664,3.0
28,1666,3.5
28,1672,2.5
28,1677,4.0
28,1680,4.0
28,1681,1.0
28,1682,1.0
28,1693,1.0
28,1701,3.5
28,1703,0.0
28,1710,2.0
28,1711,4.5
28,1734,1.0
28,1737,3.0
28,1740,0.5
28,1750,3.5
28,1751,3.0
28,1760,3.0
28,1763,4.0
28,1770,4.5
28,1781,0.0
28,1782,2.5
28,1783,4.0
28,1791,2.5
28,1800,1.0
28,1808,3.5
28,1816,1.0
28,1819,3.5
28,1823,1.5
28,1832,4.5
28,1833,1.0
28,1841,2.0
28,1842,3.5
28,1850,2.0
28,1866,2.5
28,1870,2.5
28,1874,3.0
28,1878,1.5
28,1887,1.0
28,1894,2.0
28,1900,5.0
28,1912,4.0
28,1918,0.0
28,1920,1.0
28,1921,1.5
28,1936,0.5
28,1954,1.5
28,1960,3.5
28,1963,2.0
28,1967,2.5
28,1968,4.5
28,1969,3.0
28,1970,4.5
28,1971,0.5
28,1980,4.5
28,1988,0.5
28,1995,2.0
28,1996,0.0
28,2020,1.0
28,2025,0.0
28,2028,1.5
28,2030,3.0
28,2032,4.5
28,2044,5.0
28,2062,0.0
28,2069,3.0
28,2078,3.0
28,2080,0.0
28,2083,3.5
28,2099,2.5
28,2102,4.5
28,2105,3.0
28,2106,2.5
28,2117,2.5
28,2135,5.0
28,2143,2.0
28,2144,1.0
28,2163,0.0
28,2165,1.0
28,2166,1.5
28,2173,3.5
28,2179,4.0
28,2187,4.5
28,2195,3.0
28,2201,2.5
28,2216,1.0
28,2228,0.5
28,2231,0.5
28,2232,0.5
28,2242,3.5
28,2246,3.0
28,2251,5.0
28,2254,4.0
28,2261,2.0
28,2264,4.0
28,2266,4.5
28,2267,5.0
28,2277,3.0
28,2278,1.5
28,2317,2.5
28,2319,2.5
28,2320,5.0
28,2334,4.0
28,2343,0.5
28,2348,2.5
28,2351,3.0
28,2353,5.0
28,2368,3.5
28,2382,2.5
28,2385,1.0
28,2411,3.5
28,2425,3.5
28,2431,3.5
28,2432,0.5
28,2436,0.5
28,2446,0.5
28,2452,5.0
28,2456,4.0
28,2469,2.5
28,2470,1.0
28,2471,4.5
28,2478,5.0
28,2491,1.0
28,2497,3.5
28,2508,3.5
28,2512,0.5
28,2514,0.0
28,2541,2.5
28,2543,0.5
28,2544,3.5
28,2556,1.5
28,2563,3.5
28,2588,2.5
28,2596,2.0
28,2619,0.5
28,2623,4.5
28,2624,0.0
28,2625,4.0
28,2633,5.0
28,2637,3.5
28,2653,0.0
28,2676,3.5
28,2679,4.0
28,2682,0.5
28,2688,0.5
28,2697,5.0
28,2698,5.0
28,2705,3.0
28,2712,1.5
28,2730,1.5
28,2741,5.0
28,2744,0.0
28,2758,3.0
28,2761,4.0
28,2763,2.5
28,2767,4.0
28,2771,0.0
28,2779,2.0
28,2785,1.5
28,2796,2.0
28,2799,0.0
28,2802,0.5
28,2803,0.0
28,2809,0.5
28,2812,1.0
28,2818,4.5
28,2829,4.5
28,2834,1.0
28,2851,4.5
28,2858,1.0
28,2860,2.5
28,2866,3.0
28,2867,3.0
28,2873,1.0
28,2893,3.0
28,2902,3.5
28,2910,4.0
28,2912,3.5
28,2916,4.0
28,2919,2.0
28,2932,5.0
28,2934,4.0
28,2953,2.0
28,2955,2.5
28,2958,5.0
28,2962,1.5
28,2977,3.5
28,2981,2.0
28,2989,0.0
28,2992,1.0
28,2995,1.0
28,3002,4.0
28,3008,2.0
28,3029,1.5
28,3033,0.0
28,3041,3.5
28,3043,4.0
28,3047,0.0
28,3052,4.0
28,3074,0.5
28,3076,1.0
28,3101,1.0
28,3102,1.0
28,3106,4.5
28,3109,4.5
28,3110,4.0
28,3114,4.0
28,3119,1.5
28,3125,3.5
28,3133,4.0
28,3134,4.0
28,3138,5.0
28,3150,0.0
28,3169,2.0
28,3191,2.5
28,3198,5.0
28,3201,1.5
28,3203,0.0
28,3206,4.5
28,3212,5.0
28,3222,3.5
28,3224,0.5
28,3226,4.5
28,3251,5.0
28,3258,5.0
28,3267,3.0
28,3282,5.0
28,3292,3.0
28,3297,1.5
28,3298,1.0
28,3311,0.5
28,3313,1.5
28,3316,3.5
28,3319,5.0
28,3322,2.5
28,3324,2.0
28,3327,2.5
28,3342,2.5
28,3345,0.5
28,3349,1.5
28,3355,2.0
28,3356,5.0
28,3361,0.5
28,3365,1.0
28,3375,1.0
28,3376,1.0
28,3386,2.5
28,3392,1.0
28,3393,2.0
28,3406,3.0
28,3413,1.0
28,3418,1.0
28,3428,3.0
28,3446,0.0
28,3447,3.5
28,3448,2.5
28,3453,3.5
28,3465,4.0
28,3487,4.5
28,3494,3.0
28,3507,0.5
28,3509,3.0
28,3510,3.5
28,3523,2.5
28,3530,4.0
28,3533,3.0
28,3536,0.5
28,3539,4.0
28,3540,5.0
28,3566,0.5
28,3568,1.0
28,3578,4.5
28,3599,1.0
28,3605,5.0
28,3608,4.0
28,3622,0.0
28,3624,2.5
28,3634,1.0
28,3640,2.0
28,3646,1.5
28,3647,4.0
28,3648,0.0
28,3651,4.0
28,3658,0.5
28,3669,4.0
28,3675,0.5
28,3683,5.0
28,3693,3.0
28,3695,0.0
28,3697,3.0
28,3712,3.5
28,3732,2.5
28,3740,3.5
28,3742,2.0
28,3744,1.5
28,3750,2.0
28,3756,1.0
28,3759,3.0
28,3761,2.5
28,3773,4.5
28,3821,0.0
28,3836,4.0
28,3841,1.0
28,3843,5.0
28,3850,5.0
28,3860,3.5
28,3865,2.5
28,3867,1.5
28,3871,2.5
28,3873,3.5
28,3875,3.0
28,3884,4.0
28,3886,4.5
28,3891,0.0
28,3893,0.5
28,3894,0.5
28,3895,4.5
28,3906,2.0
28,3938,1.5
28,3957,1.5
28,3960,4.0
28,3965,2.5
28,3970,0.0
28,3981,3.5
28,3994,4.5
29,11,4.0
29,19,4.5
29,20,5.0
29,34,1.5
29,45,2.0
29,49,0.0
29,55,5.0
29,63,3.5
29,70,0.0
29,87,4.0
29,90,0.5
29,107,2.0
29,108,0.5
29,110,3.0
29,112,0.5
29,115,2.5
29,118,5.0
29,124,2.5
29,133,1.5
29,142,3.0
29,145,1.0
29,149,4.5
29,161,2.0
29,167,2.5
29,190,1.5
29,195,2.5
29,203,3.5
29,229,4.0
29,241,3.5
29,242,0.5
29,250,1.5
29,252,5.0
29,264,0.0
29,265,4.5
29,269,3.0
29,273,0.0
29,275,0.5
29,277,4.5
29,280,5.0
29,288,1.5
29,327,0.5
29,346,2.0
29,347,2.5
29,362,2.5
29,373,1.5
29,385,2.0
29,390,0.0
29,401,3.0
29,404,5.0
29,409,5.0
29,411,4.0
29,413,3.0
29,432,1.5
29,437,2.5
29,443,4.5
29,444,5.0
29,454,4.5
29,455,0.0
29,457,0.5
29,458,4.5
29,470,3.0
29,478,3.0
29,479,2.5
29,482,0.5
29,492,2.0
29,503,3.5
29,504,4.0
29,515,3.5
29,517,0.0
29,540,0.0
29,547,1.0
29,551,1.5
29,596,5.0
29,602,1.0
29,618,1.0
29,625,3.5
29,637,2.0
29,642,3.0
29,651,4.5
29,668,1.0
29,673,0.0
29,677,5.0
29,680,4.5
29,685,0.5
29,697,2.5
29,716,0.0
29,729,4.5
29,737,3.0
29,744,4.0
29,748,2.5
29,749,5.0
29,751,0.5
29,762,4.5
29,768,3.5
29,778,4.5
29,784,4.5
29,789,5.0
29,806,0.5
29,814,3.0
29,815,3.5
29,816,3.5
29,830,1.5
29,831,1.0
29,838,4.5
29,848,0.0
29,859,4.5
29,873,1.5
29,879,4.5
29,880,1.5
29,884,4.0
29,885,1.5
29,886,4.5
29,887,3.0
29,889,1.5
29,894,4.5
29,916,3.0
29,919,3.5
29,924,3.0
29,930,1.5
29,937,1.5
29,939,1.0
29,946,3.0
29,968,3.0
29,977,4.0
29,1002,1.0
29,1008,3.5
29,1019,3.5
29,1028,5.0
29,1047,3.0
29,1049,4.5
29,1062,3.0
29,1068,4.5
29,1071,3.0
29,1076,4.0
29,1101,5.0
29,1105,2.0
29,1110,1.0
29,1111,0.0
29,1132,0.0
29,1159,3.5
29,1161,2.5
29,1183,4.5
29,1198,3.0
29,1199,3.0
29,1203,5.0
29,1204,2.5
29,1206,5.0
29,1218,2.5
29,1219,0.5
29,1235,4.5
29,1240,3.5
29,1251,0.5
29,1261,4.5
29,1279,2.5
29,1280,2.0
29,1284,3.5
29,1286,2.0
29,1291,5.0
29,1302,2.5
29,1309,3.5
29,1320,3.5
29,1328,4.5
29,1329,2.0
29,1334,3.5
29,1342,2.0
29,1351,0.5
29,1352,1.0
29,1358,4.5
29,1365,3.5
29,1371,2.0
29,1376,0.0
29,1383,0.5
29,1401,2.5
29,1402,2.5
29,1410,0.5
29,1412,0.0
29,1421,4.5
29,1423,3.0
29,1426,2.5
29,1427,1.0
29,1433,2.0
29,1442,0.5
29,1444,1.5
29,1447,3.5
29,1475,0.5
29,1484,5.0
29,1500,3.0
29,1501,3.5
29,1514,1.0
29,1516,5.0
29,1523,2.5
29,1540,0.5
29,1542,4.0
29,1544,5.0
29,1561,1.0
29,1574,2.5
29,1585,2.5
29,1588,1.5
29,1608,0.0
29,1609,2.5
29,1622,1.5
29,1627,1.5
29,1632,2.5
29,1635,3.0
29,1638,1.0
29,1647,2.0
29,1654,2.5
29,1659,1.0
29,1663,2.0
29,1664,3.5
29,1677,2.5
29,1682,3.0
29,1688,3.5
29,1693,0.0
29,1696,4.5
29,1698,4.5
29,1701,5.0
29,1703,4.0
29,1711,0.0
29,1716,3.0
29,1724,0.5
29,1734,2.0
29,1735,0.5
29,1737,3.0
29,1740,2.0
29,1745,1.5
29,1763,2.5
29,1764,1.0
29,1766,2.5
29,1770,0.5
29,1779,4.5
29,1782,2.0
29,1800,1.0
29,1802,3.5
29,1813,4.0
29,1819,5.0
29,1820,2.5
29,1823,0.0
29,1832,0.5
29,1842,0.5
29,1847,4.5
29,1849,1.0
29,1874,3.5
29,1880,4.5
29,1887,4.5
29,1894,2.5
29,1920,2.5
29,1928,1.0
29,1940,1.5
29,1949,5.0
29,1954,3.0
29,1960,4.5
29,1963,3.0
29,1968,1.5
29,1971,3.5
29,1980,3.0
29,1988,3.0
29,1996,4.5
29,1997,0.0
29,1999,4.5
29,2018,4.0
29,2020,1.5
29,2023,2.0
29,2028,2.0
29,2030,1.5
29,2032,1.0
29,2040,5.0
29,2055,3.5
29,2056,3.0
29,2060,5.0
29,2062,1.0
29,2081,2.5
29,2087,1.5
29,2099,0.0
29,2106,3.0
29,2114,1.5
29,2134,2.5
29,2174,4.0
29,2181,2.0
29,2187,3.0
29,2189,0.5
29,2190,0.5
29,2195,1.5
29,2201,2.5
29,2202,3.0
29,2216,1.5
29,2219,1.5
29,2228,4.5
29,2231,3.5
29,2232,5.0
29,2240,5.0
29,2254,2.0
29,2264,1.5
29,2267,4.5
29,2271,4.5
29,2273,1.5
29,2275,0.0
29,2278,4.0
29,2285,2.5
29,2288,4.0
29,2289,3.5
29,2294,3.0
29,2295,2.5
29,2314,5.0
29,2320,5.0
29,2329,1.0
29,2337,5.0
29,2339,2.5
29,2343,2.0
29,2351,1.5
29,2353,1.5
29,2359,1.5
29,2368,2.0
29,2382,4.0
29,2385,1.5
29,2414,1.0
29,2432,0.5
29,2446,0.0
29,2469,5.0
29,2470,4.5
29,2472,2.5
29,2478,3.0
29,2482,4.0
29,2491,1.0
29,2495,1.5
29,2497,3.0
29,2525,3.5
29,2544,0.5
29,2553,3.5
29,2556,5.0
29,2566,2.0
29,2574,3.0
29,2589,4.5
29,2595,0.0
29,2597,0.0
29,2612,4.5
29,2614,4.0
29,2616,1.0
29,2623,2.5
29,2625,1.0
29,2626,3.5
29,2633,4.5
29,2649,3.5
29,2650,0.0
29,2653,4.0
29,2659,0.0
29,2676,3.5
29,2679,2.0
29,2681,0.0
29,2682,4.0
29,2686,1.5
29,2697,2.5
29,2700,2.5
29,2712,4.0
29,2718,5.0
29,2741,1.0
29,2743,3.0
29,2744,1.5
29,2747,1.5
29,2748,3.0
29,2752,0.5
29,2761,2.5
29,2771,4.0
29,2779,1.0
29,2785,4.0
29,2794,3.5
29,2796,0.5
29,2802,4.5
29,2803,5.0
29,2809,4.0
29,2813,4.0
29,2825,2.5
29,2837,2.5
29,2849,5.0
29,2851,5.0
29,2858,1.0
29,2866,0.0
29,2873,0.5
29,2874,1.5
29,2890,4.0
29,2893,1.0
29,2902,4.0
29,2910,5.0
29,2912,2.5
29,2914,2.5
29,2916,0.5
29,2926,0.5
29,2954,1.0
29,2955,5.0
29,2975,1.0
29,2976,4.0
29,2977,5.0
29,2989,1.5
29,2992,1.5
29,2993,0.0
29,3002,1.5
29,3008,5.0
29,3016,3.5
29,3039,4.0
29,3041,3.0
29,3047,2.0
29,3050,3.5
29,3052,0.0
29,3054,5.0
29,3072,3.0
29,3078,4.5
29,3080,4.5
29,3093,1.0
29,3101,4.0
29,3106,0.5
29,3110,2.0
29,3113,2.5
29,3117,5.0
29,3121,3.0
29,3125,4.0
29,3133,5.0
29,3138,4.5
29,3142,1.0
29,3150,0.0
29,3158,4.0
29,3167,4.5
29,3169,3.5
29,3194,2.5
29,3198,5.0
29,3201,3.0
29,3212,2.0
29,3223,2.5
29,3224,3.0
29,3226,1.0
29,3232,1.5
29,3239,3.5
29,3256,3.0
29,3258,1.0
29,3263,1.5
29,3265,5.0
29,3267,0.5
29,3275,0.5
29,3278,4.5
29,3282,1.0
29,3284,5.0
29,3297,2.5
29,3298,4.0
29,3300,4.5
29,3307,0.0
29,3316,2.5
29,3322,5.0
29,3325,4.5
29,3327,4.5
29,3345,0.5
29,3347,4.5
29,3348,0.5
29,3356,0.5
29,3359,1.0
29,3361,2.0
29,3375,1.0
29,3384,1.0
29,3386,4.0
29,3392,3.0
29,3402,0.0
29,3406,4.0
29,3413,4.5
29,3414,4.5
29,3418,1.0
29,3423,2.5
29,3446,2.5
29,3453,0.5
29,3458,4.5
29,3465,4.0
29,3470,2.5
29,3482,3.0
29,3500,0.0
29,3504,2.0
29,3507,5.0
29,3509,0.5
29,3510,5.0
29,3521,5.0
29,3523,2.5
29,3527,1.0
29,3532,2.0
29,3536,5.0
29,3539,2.0
29,3555,1.5
29,3566,0.5
29,3568,5.0
29,3572,5.0
29,3581,1.5
29,3627,1.5
29,3629,5.0
29,3634,2.5
29,3639,4.5
29,3647,2.5
29,3648,3.5
29,3651,0.5
29,3659,2.5
29,3661,3.0
29,3676,2.0
29,3701,4.5
29,3703,0.0
29,3739,5.0
29,3741,5.0
29,3747,2.5
29,3750,2.5
29,3756,2.0
29,3759,0.5
29,3762,5.0
29,3780,2.0
29,3793,2.5
29,3812,1.5
29,3823,2.0
29,3826,3.5
29,3836,4.5
29,3841,5.0
29,3850,4.0
29,3860,3.0
29,3861,2.5
29,3865,2.5
29,3867,1.0
29,3871,3.0
29,3873,0.5
29,3889,2.0
29,3895,4.0
29,3906,2.0
29,3907,4.0
29,3918,4.0
29,3938,3.5
29,3951,5.0
29,3957,0.0
29,3965,0.5
29,3982,3.0
29,3986,4.5
30,4,1.5
30,19,5.0
30,23,2.0
30,26,0.0
30,34,4.5
30,36,4.0
30,44,5.0
30,45,2.0
30,63,5.0
30,70,4.5
30,81,4.5
30,86,2.0
30,87,0.5
30,90,0.0
30,105,1.0
30,110,1.0
30,115,1.5
30,116,1.5
30,124,0.5
30,142,3.0
30,143,2.0
30,149,1.0
30,152,4.0
30,167,2.0
30,184,2.5
30,203,0.5
30,207,4.5
30,241,5.0
30,244,0.0
30,250,2.5
30,256,1.0
30,270,1.0
30,273,3.0
30,274,0.5
30,280,0.0
30,288,0.5
30,298,3.0
30,322,4.0
30,353,1.0
30,358,2.0
30,362,2.0
30,371,1.5
30,377,2.0
30,389,2.5
30,400,0.5
30,401,3.5
30,404,3.5
30,414,2.5
30,421,5.0
30,425,1.5
30,443,0.0
30,444,2.0
30,454,0.5
30,455,4.0
30,470,3.5
30,477,4.5
30,482,4.5
30,484,1.0
30,492,4.5
30,509,4.5
30,515,2.0
30,521,3.5
30,525,2.0
30,538,2.5
30,540,3.0
30,541,0.5
30,544,5.0
30,562,3.0
30,563,5.0
30,569,2.0
30,582,3.5
30,596,4.5
30,602,4.5
30,612,3.5
30,618,4.5
30,619,0.5
30,625,0.5
30,632,0.0
30,636,3.5
30,646,3.0
30,651,1.5
30,668,2.5
30,673,2.0
30,677,4.0
30,679,3.0
30,680,5.0
30,685,3.5
30,702,3.5
30,732,4.5
30,733,0.0
30,736,2.5
30,737,1.5
30,738,5.0
30,739,4.0
30,744,5.0
30,751,0.5
30,764,1.0
30,768,0.5
30,778,3.5
30,780,4.5
30,784,3.0
30,789,4.5
30,800,1.0
30,802,2.5
30,815,3.0
30,816,2.5
30,818,1.5
30,830,1.0
30,834,1.5
30,837,3.5
30,838,3.0
30,846,1.5
30,850,5.0
30,851,4.0
30,858,0.0
30,859,0.5
30,884,0.0
30,885,4.5
30,888,2.5
30,911,0.0
30,919,1.5
30,924,2.5
30,941,1.0
30,955,3.0
30,958,4.0
30,966,1.5
30,969,1.0
30,976,1.0
30,1003,4.5
30,1005,0.5
30,1008,1.0
30,1018,2.5
30,1019,5.0
30,1021,2.0
30,1025,5.0
30,1028,0.0
30,1035,0.0
30,1039,2.5
30,1047,5.0
30,1057,3.5
30,1058,0.0
30,1071,2.0
30,1076,1.0
30,1091,4.5
30,1109,0.0
30,1111,0.0
30,1122,3.5
30,1128,4.0
30,1129,3.5
30,1137,0.5
30,1145,5.0
30,1150,4.0
30,1180,2.5
30,1183,4.0
30,1194,4.0
30,1198,3.5
30,1203,4.5
30,1204,2.0
30,1206,0.5
30,1218,4.5
30,1219,0.5
30,1223,2.0
30,1249,1.5
30,1250,1.5
30,1253,2.0
30,1261,1.0
30,1264,1.5
30,1279,2.0
30,1282,4.0
30,1308,1.0
30,1316,5.0
30,1320,0.5
30,1321,1.0
30,1334,3.5
30,1342,4.0
30,1346,0.5
30,1365,4.5
30,1371,1.5
30,1373,1.0
30,1386,4.5
30,1411,2.0
30,1416,2.5
30,1426,4.0
30,1431,3.0
30,1433,3.5
30,1442,2.5
30,1467,5.0
30,1483,3.0
30,1496,0.5
30,1515,3.0
30,1516,3.0
30,1518,0.5
30,1538,2.0
30,1539,2.5
30,1542,4.0
30,1562,0.5
30,1588,1.0
30,1601,3.5
30,1602,0.0
30,1616,3.0
30,1622,4.5
30,1623,4.5
30,1628,2.0
30,1632,2.0
30,1639,3.5
30,1643,3.0
30,1659,3.5
30,1672,0.0
30,1688,2.0
30,1690,5.0
30,1693,0.0
30,1694,0.5
30,1698,3.5
30,1701,2.5
30,1703,3.0
30,1710,0.5
30,1717,3.0
30,1727,4.5
30,1741,0.5
30,1745,0.5
30,1751,3.0
30,1754,0.0
30,1758,0.5
30,1760,0.5
30,1763,5.0
30,1764,3.0
30,1766,2.0
30,1771,0.0
30,1782,1.0
30,1791,2.0
30,1800,5.0
30,1802,1.5
30,1808,0.5
30,1813,5.0
30,1818,4.5
30,1819,2.0
30,1842,1.5
30,1846,1.5
30,1847,3.0
30,1850,4.0
30,1870,1.0
30,1874,2.0
30,1878,0.0
30,1880,2.0
30,1887,4.0
30,1912,1.5
30,1913,4.0
30,1920,3.5
30,1921,3.5
30,1949,0.5
30,1954,2.5
30,1959,4.5
30,1967,2.0
30,1968,0.5
30,1971,2.0
30,1995,4.5
30,1996,2.0
30,2011,5.0
30,2018,2.5
30,2020,5.0
30,2028,2.5
30,2055,4.5
30,2056,0.0
30,2067,0.5
30,2069,1.5
30,2071,4.0
30,2084,0.0
30,2087,4.0
30,2096,4.0
30,2102,1.5
30,2105,2.0
30,2106,4.0
30,2109,4.5
30,2118,3.5
30,2134,1.5
30,2135,0.0
30,2142,0.5
30,2166,5.0
30,2179,4.5
30,2181,2.0
30,2189,0.0
30,2190,2.5
30,2201,2.0
30,2202,4.5
30,2219,3.5
30,2220,2.0
30,2224,2.0
30,2231,0.0
30,2232,2.5
30,2240,3.5
30,2264,3.0
30,2273,2.5
30,2275,0.5
30,2276,4.0
30,2277,5.0
30,2278,0.0
30,2288,2.0
30,2292,5.0
30,2294,5.0
30,2295,1.0
30,2297,2.0
30,2298,0.0
30,2306,1.5
30,2308,3.5
30,2310,0.5
30,2314,4.0
30,2319,3.0
30,2329,4.5
30,2334,1.5
30,2337,5.0
30,2339,2.0
30,2341,0.0
30,2351,0.5
30,2358,2.5
30,2359,2.0
30,2367,4.5
30,2387,1.0
30,2416,4.5
30,2431,5.0
30,2438,3.5
30,2444,4.5
30,2452,3.5
30,2491,4.0
30,2493,5.0
30,2495,1.5
30,2497,4.5
30,2499,4.0
30,2508,5.0
30,2543,2.0
30,2544,2.5
30,2559,2.0
30,2566,3.0
30,2588,1.5
30,2589,4.5
30,2596,2.5
30,2604,4.5
30,2616,1.0
30,2624,1.0
30,2626,3.5
30,2636,2.5
30,2653,1.0
30,2659,4.5
30,2675,0.0
30,2676,3.0
30,2679,3.0
30,2682,4.5
30,2694,0.0
30,2700,0.5
30,2712,1.0
30,2725,3.0
30,2730,1.0
30,2757,2.0
30,2761,5.0
30,2763,2.5
30,2779,5.0
30,2781,4.0
30,2796,0.0
30,2804,4.5
30,2813,4.0
30,2825,4.5
30,2829,2.5
30,2849,3.0
30,2851,2.0
30,2858,0.5
30,2864,0.0
30,2867,5.0
30,2873,4.0
30,2876,1.5
30,2885,4.5
30,2910,2.5
30,2914,4.5
30,2916,1.0
30,2919,2.0
30,2924,1.0
30,2926,1.0
30,2933,4.5
30,2936,3.5
30,2941,0.0
30,2951,0.0
30,2955,0.0
30,2958,2.5
30,2960,1.5
30,2975,4.0
30,2976,3.5
30,2977,5.0
30,2981,0.0
30,2992,4.0
30,2993,1.5
30,3002,2.5
30,3014,2.0
30,3029,3.5
30,3033,2.0
30,3041,4.0
30,3043,3.0
30,3046,4.0
30,3052,1.0
30,3054,3.0
30,3055,5.0
30,3074,1.0
30,3080,3.0
30,3104,5.0
30,3114,0.0
30,3119,1.0
30,3122,4.0
30,3125,3.0
30,3133,4.5
30,3147,3.0
30,3150,0.5
30,3154,3.0
30,3166,5.0
30,3167,3.0
30,3169,4.0
30,3179,3.5
30,3191,4.0
30,3209,5.0
30,3212,2.5
30,3215,2.0
30,3224,1.0
30,3226,1.0
30,3231,3.5
30,3232,1.5
30,3239,5.0
30,3247,0.5
30,3251,5.0
30,3258,4.5
30,3259,5.0
30,3267,1.0
30,3272,3.0
30,3275,2.5
30,3284,3.5
30,3298,5.0
30,3307,0.5
30,3319,1.0
30,3321,0.0
30,3323,3.5
30,3325,1.5
30,3328,0.0
30,3335,0.5
30,3342,2.5
30,3356,4.0
30,3361,3.5
30,3375,0.0
30,3383,3.5
30,3389,5.0
30,3393,4.5
30,3400,4.0
30,3402,0.0
30,3413,3.0
30,3414,3.0
30,3458,5.0
30,3465,2.0
30,3494,2.0
30,3503,3.0
30,3504,2.5
30,3509,5.0
30,3523,1.5
30,3532,0.5
30,3536,1.0
30,3542,4.5
30,3548,3.5
30,3554,4.0
30,3555,0.5
30,3558,2.0
30,3568,0.5
30,3572,4.5
30,3580,0.5
30,3599,0.0
30,3624,4.5
30,3627,3.5
30,3629,0.5
30,3646,3.5
30,3658,4.5
30,3667,1.0
30,3676,0.0
30,3695,1.5
30,3703,3.0
30,3712,4.0
30,3740,0.5
30,3741,3.5
30,3747,2.5
30,3756,3.0
30,3759,3.5
30,3761,3.5
30,3766,5.0
30,3767,2.0
30,3770,2.0
30,3773,4.0
30,3780,1.5
30,3793,5.0
30,3797,0.0
30,3821,5.0
30,3823,2.0
30,3836,2.5
30,3843,0.5
30,3850,1.0
30,3852,2.0
30,3859,0.5
30,3861,1.5
30,3871,2.5
30,3875,4.5
30,3881,2.0
30,3882,2.0
30,3886,2.0
30,3893,1.5
30,3903,3.0
30,3906,5.0
30,3907,1.0
30,3911,2.0
30,3918,3.5
30,3938,5.0
31,6,3.0
31,9,4.0
31,28,0.0
31,29,1.5
31,34,0.5
31,36,2.0
31,42,3.5
31,44,4.5
31,45,1.0
31,55,1.5
31,62,0.5
31,63,4.5
31,64,3.0
31,70,2.0
31,81,1.5
31,86,3.0
31,90,0.0
31,95,2.0
31,105,1.0
31,110,4.5
31,112,3.0
31,115,2.5
31,116,2.5
31,133,4.5
31,142,3.5
31,145,2.0
31,149,2.0
31,161,3.5
31,165,0.0
31,184,2.5
31,195,4.5
31,207,2.0
31,233,4.5
31,242,4.5
31,244,1.0
31,250,5.0
31,252,2.0
31,264,2.5
31,266,3.0
31,269,0.0
31,288,3.5
31,295,3.0
31,314,2.5
31,319,4.0
31,346,2.5
31,347,5.0
31,362,0.5
31,366,2.5
31,377,3.5
31,383,4.0
31,385,0.0
31,390,4.5
31,400,0.5
31,401,1.0
31,411,0.0
31,414,5.0
31,420,0.0
31,421,4.5
31,451,5.0
31,455,2.0
31,465,3.0
31,477,1.0
31,479,4.5
31,480,0.0
31,482,3.0
31,489,2.5
31,503,0.0
31,521,0.0
31,538,2.0
31,540,1.0
31,547,5.0
31,563,0.5
31,566,0.0
31,569,4.0
31,576,3.5
31,582,1.5
31,602,3.5
31,616,5.0
31,619,4.5
31,622,3.5
31,626,0.5
31,631,3.5
31,637,4.5
31,647,2.5
31,658,2.0
31,668,1.5
31,669,0.5
31,677,2.0
31,680,3.5
31,682,0.5
31,699,4.0
31,702,0.0
31,708,5.0
31,727,2.0
31,739,3.0
31,755,3.0
31,768,3.5
31,775,5.0
31,778,2.0
31,780,3.5
31,789,2.0
31,819,4.0
31,824,2.5
31,846,1.5
31,876,0.5
31,880,5.0
31,883,0.0
31,885,3.0
31,887,3.0
31,888,2.0
31,924,1.5
31,937,2.5
31,949,1.0
31,966,0.5
31,987,0.0
31,1002,5.0
31,1006,4.0
31,1008,4.5
31,1021,3.0
31,1028,1.0
31,1035,3.5
31,1039,4.5
31,1057,0.0
31,1062,4.0
31,1063,0.5
31,1068,4.0
31,1086,4.5
31,1091,2.5
31,1101,1.0
31,1110,2.0
31,1112,1.5
31,1128,2.5
31,1129,4.5
31,1137,0.5
31,1145,4.5
31,1146,1.5
31,1180,3.0
31,1194,2.5
31,1198,3.0
31,1203,2.5
31,1208,0.0
31,1210,5.0
31,1213,2.5
31,1215,2.5
31,1218,4.0
31,1219,4.5
31,1223,3.0
31,1228,2.5
31,1240,0.5
31,1251,4.0
31,1264,2.5
31,1291,5.0
31,1293,1.0
31,1308,4.0
31,1309,3.5
31,1316,2.0
31,1320,4.0
31,1321,3.5
31,1329,2.5
31,1352,1.0
31,1365,2.5
31,1371,0.5
31,1373,3.0
31,1386,3.5
31,1387,1.5
31,1389,3.0
31,1395,1.0
31,1401,5.0
31,1402,4.0
31,1410,5.0
31,1411,3.0
31,1416,0.5
31,1421,4.0
31,1447,5.0
31,1455,0.5
31,1467,3.5
31,1480,0.5
31,1483,5.0
31,1496,1.0
31,1500,0.0
31,1506,3.5
31,1514,2.0
31,1516,5.0
31,1529,4.0
31,1531,3.0
31,1542,3.5
31,1574,2.5
31,1577,0.5
31,1585,3.5
31,1589,0.5
31,1624,2.5
31,1627,0.0
31,1647,5.0
31,1654,4.5
31,1664,2.5
31,1677,4.0
31,1681,1.5
31,1682,4.0
31,1688,1.0
31,1690,2.5
31,1693,0.5
31,1694,0.5
31,1696,1.5
31,1711,2.0
31,1716,1.5
31,1724,2.0
31,1727,4.0
31,1734,4.0
31,1735,2.5
31,1738,3.5
31,1745,1.0
31,1751,3.0
31,1763,2.5
31,1771,3.0
31,1783,1.5
31,1817,1.0
31,1818,2.0
31,1838,4.5
31,1842,4.5
31,1847,0.5
31,1866,0.5
31,1872,4.0
31,1874,4.5
31,1880,2.5
31,1887,0.5
31,1909,1.0
31,1918,3.5
31,1940,3.5
31,1949,5.0
31,1954,1.0
31,1968,0.0
31,1970,1.5
31,1991,0.0
31,1996,2.5
31,1997,1.0
31,2023,0.5
31,2025,0.0
31,2036,3.0
31,2040,0.5
31,2043,4.0
31,2044,5.0
31,2062,2.0
31,2078,2.5
31,2081,3.0
31,2083,1.5
31,2095,5.0
31,2099,5.0
31,2102,1.5
31,2106,5.0
31,2119,3.0
31,2144,4.0
31,2146,0.0
31,2163,4.5
31,2174,4.5
31,2181,2.5
31,2189,4.0
31,2190,3.0
31,2195,3.0
31,2216,5.0
31,2218,0.0
31,2224,4.0
31,2228,3.5
31,2246,2.5
31,2251,2.5
31,2261,5.0
31,2264,2.5
31,2267,0.5
31,2271,4.5
31,2275,1.0
31,2276,3.0
31,2280,4.0
31,2294,1.0
31,2297,2.0
31,2308,0.0
31,2314,5.0
31,2339,1.5
31,2341,0.0
31,2348,0.0
31,2358,2.0
31,2359,3.5
31,2363,4.5
31,2367,2.0
31,2385,0.5
31,2387,4.5
31,2403,1.5
31,2409,2.5
31,2410,2.5
31,2414,4.0
31,2426,2.0
31,2431,4.5
31,2432,0.0
31,2444,1.5
31,2446,1.0
31,2469,2.5
31,2470,2.0
31,2472,4.0
31,2491,2.5
31,2492,3.0
31,2495,4.0
31,2497,2.0
31,2499,2.5
31,2503,1.0
31,2508,3.0
31,2514,1.0
31,2525,2.0
31,2577,1.5
31,2588,1.0
31,2592,1.5
31,2595,4.5
31,2596,3.0
31,2597,0.0
31,2601,1.5
31,2604,2.0
31,2623,1.0
31,2624,3.5
31,2633,2.0
31,2637,2.0
31,2638,1.5
31,2653,0.5
31,2667,2.5
31,2675,5.0
31,2676,4.5
31,2681,1.0
31,2688,5.0
31,2694,3.5
31,2697,3.5
31,2700,4.0
31,2712,5.0
31,2725,3.0
31,2735,1.0
31,2741,4.5
31,2747,5.0
31,2761,2.5
31,2767,0.0
31,2771,4.0
31,2794,1.5
31,2796,0.0
31,2799,0.0
31,2802,1.5
31,2803,2.0
31,2804,1.5
31,2812,0.0
31,2837,3.5
31,2852,1.5
31,2858,2.5
31,2860,2.5
31,2864,2.0
31,2877,1.5
31,2885,0.5
31,2890,2.5
31,2914,1.0
31,2933,2.0
31,2936,0.0
31,2951,1.0
31,2955,4.5
31,2958,0.0
31,2970,4.0
31,2989,4.5
31,3029,0.0
31,3033,4.0
31,3042,2.0
31,3046,0.5
31,3050,5.0
31,3051,2.5
31,3052,0.0
31,3053,3.5
31,3055,3.5
31,3072,0.0
31,3076,3.5
31,3078,3.0
31,3080,4.0
31,3108,3.5
31,3116,3.5
31,3119,1.0
31,3121,1.0
31,3122,3.5
31,3125,4.0
31,3131,4.5
31,3133,0.0
31,3134,3.5
31,3142,1.0
31,3167,3.5
31,3184,2.5
31,3191,4.0
31,3206,5.0
31,3208,0.5
31,3210,1.5
31,3224,1.5
31,3232,0.0
31,3237,4.5
31,3239,4.0
31,3242,0.5
31,3262,3.0
31,3263,1.0
31,3267,0.0
31,3278,3.5
31,3282,2.5
31,3292,0.5
31,3297,0.5
31,3305,0.0
31,3313,3.0
31,3321,3.0
31,3322,3.5
31,3323,2.0
31,3324,0.5
31,3335,3.5
31,3347,3.5
31,3348,4.5
31,3349,0.0
31,3355,4.5
31,3361,0.5
31,3365,0.5
31,3367,2.5
31,3370,2.0
31,3383,1.0
31,3384,3.5
31,3386,5.0
31,3389,3.0
31,3393,4.5
31,3396,0.5
31,3402,0.5
31,3406,4.5
31,3413,2.0
31,3423,0.0
31,3447,2.5
31,3448,4.0
31,3458,2.0
31,3465,0.5
31,3470,4.5
31,3500,1.5
31,3503,5.0
31,3504,0.0
31,3515,4.5
31,3523,3.0
31,3527,1.5
31,3539,3.5
31,3540,5.0
31,3548,5.0
31,3554,2.0
31,3568,5.0
31,3572,0.0
31,3580,2.5
31,3587,5.0
31,3592,0.5
31,3610,3.5
31,3627,4.5
31,3629,1.0
31,3639,1.0
31,3643,2.5
31,3644,4.0
31,3647,5.0
31,3651,1.5
31,3675,4.0
31,3697,2.5
31,3703,0.0
31,3705,2.5
31,3712,3.0
31,3717,3.0
31,3735,5.0
31,3739,1.5
31,3740,3.5
31,3750,0.0
31,3761,1.5
31,3767,4.0
31,3773,4.0
31,3791,1.5
31,3793,3.0
31,3812,3.5
31,3823,5.0
31,3826,1.0
31,3836,2.5
31,3841,1.5
31,3856,4.5
31,3859,1.5
31,3861,1.5
31,3865,3.0
31,3874,4.5
31,3881,2.5
31,3886,1.0
31,3894,1.5
31,3903,2.5
31,3906,1.5
31,3918,1.5
31,3965,5.0
31,3983,1.5
31,3987,0.0
31,3997,4.5
32,4,0.5
32,9,0.0
32,11,5.0
32,23,4.0
32,29,0.0
32,32,3.5
32,42,2.0
32,64,2.0
32,68,4.5
32,81,1.0
32,95,3.5
32,105,2.5
32,110,3.0
32,112,2.5
32,115,2.5
32,116,1.5
32,118,3.0
32,124,2.0
32,133,4.0
32,140,0.5
32,142,3.0
32,165,3.5
32,167,1.5
32,190,3.5
32,195,3.0
32,207,0.5
32,215,0.0
32,233,0.0
32,243,4.5
32,244,1.0
32,248,2.0
32,252,5.0
32,266,4.5
32,273,1.0
32,275,3.5
32,280,1.0
32,297,4.5
32,298,2.0
32,319,2.0
32,322,2.0
32,324,1.5
32,327,1.0
32,336,3.5
32,346,0.0
32,349,3.0
32,358,1.5
32,362,2.5
32,366,0.5
32,377,1.0
32,383,5.0
32,414,4.0
32,421,4.5
32,425,4.0
32,428,2.5
32,437,0.5
32,443,4.5
32,455,2.0
32,457,1.5
32,482,3.0
32,489,0.5
32,492,2.5
32,512,2.0
32,514,0.5
32,515,2.5
32,521,3.5
32,528,2.0
32,534,4.5
32,540,3.5
32,547,1.0
32,563,1.5
32,576,1.5
32,596,1.5
32,602,3.5
32,606,0.0
32,616,4.0
32,624,4.5
32,626,4.5
32,636,2.0
32,643,2.0
32,647,3.0
32,658,2.0
32,668,3.5
32,673,2.0
32,680,2.0
32,685,0.5
32,696,0.0
32,702,1.0
32,727,0.0
32,731,2.0
32,732,0.0
32,736,1.0
32,737,0.0
32,738,0.0
32,744,4.5
32,748,4.5
32,749,3.5
32,751,4.5
32,755,3.0
32,761,4.5
32,775,1.5
32,784,2.0
32,786,4.0
32,788,1.5
32,795,1.0
32,800,3.0
32,815,2.5
32,818,5.0
32,824,5.0
32,838,3.0
32,850,4.0
32,851,1.0
32,859,2.5
32,872,4.0
32,873,2.0
32,876,5.0
32,880,4.5
32,884,3.5
32,886,0.0
32,889,2.0
32,894,0.5
32,920,4.5
32,927,1.5
32,950,2.0
32,958,4.5
32,968,1.0
32,969,1.5
32,972,1.0
32,983,5.0
32,1004,0.5
32,1005,0.5
32,1008,5.0
32,1013,0.0
32,1035,1.5
32,1041,1.5
32,1047,3.0
32,1062,1.0
32,1076,4.5
32,1091,1.0
32,1101,2.5
32,1110,0.5
32,1122,1.5
32,1128,1.0
32,1132,3.5
32,1145,3.0
32,1171,3.5
32,1197,2.5
32,1208,3.0
32,1210,0.0
32,1213,3.0
32,1218,4.0
32,1226,3.5
32,1228,5.0
32,1251,0.5
32,1253,3.0
32,1258,2.5
32,1274,0.5
32,1280,0.5
32,1282,1.0
32,1284,2.5
32,1292,0.5
32,1293,4.0
32,1309,4.0
32,1313,2.5
32,1320,5.0
32,1333,1.0
32,1334,0.5
32,1342,1.5
32,1346,3.5
32,1351,2.0
32,1352,1.5
32,1355,1.5
32,1358,4.0
32,1365,4.0
32,1366,2.0
32,1371,5.0
32,1373,1.5
32,1376,0.5
32,1379,4.5
32,1383,0.5
32,1387,3.5
32,1408,5.0
32,1410,0.5
32,1412,3.0
32,1416,1.5
32,1426,1.5
32,1427,1.5
32,1431,4.5
32,1442,4.5
32,1446,0.0
32,1455,5.0
32,1463,4.5
32,1467,0.5
32,1475,3.5
32,1480,1.0
32,1500,2.5
32,1520,1.0
32,1542,5.0
32,1544,3.5
32,1547,1.5
32,1562,0.5
32,1588,1.0
32,1608,0.0
32,1615,5.0
32,1628,2.5
32,1632,2.0
32,1654,2.5
32,1666,4.5
32,1672,0.5
32,1682,2.0
32,1688,3.0
32,1690,2.0
32,1694,2.5
32,1710,1.5
32,1711,4.5
32,1717,3.0
32,1758,2.5
32,1766,2.5
32,1779,4.0
32,1783,0.0
32,1800,0.0
32,1802,3.0
32,1808,3.0
32,1817,5.0
32,1842,4.0
32,1846,0.5
32,1847,3.5
32,1849,3.0
32,1850,1.5
32,1865,2.0
32,1866,3.5
32,1878,3.0
32,1887,2.0
32,1900,2.5
32,1920,4.5
32,1921,1.5
32,1928,3.0
32,1936,2.5
32,1939,1.0
32,1949,1.5
32,1951,1.5
32,1959,3.5
32,1968,1.5
32,1970,3.5
32,1991,3.5
32,1996,0.5
32,2011,0.0
32,2018,4.0
32,2020,1.0
32,2025,3.0
32,2028,2.5
32,2036,2.5
32,2055,1.0
32,2056,3.5
32,2060,3.0
32,2069,0.0
32,2078,0.0
32,2081,3.5
32,2084,1.0
32,2096,3.5
32,2102,0.5
32,2104,2.0
32,2106,4.5
32,2118,0.0
32,2134,2.0
32,2146,0.0
32,2164,3.5
32,2165,0.5
32,2166,3.5
32,2173,4.0
32,2181,1.5
32,2199,0.0
32,2202,4.0
32,2209,4.0
32,2219,4.0
32,2231,4.5
32,2240,3.5
32,2246,1.5
32,2257,2.5
32,2267,2.5
32,2271,2.5
32,2272,1.5
32,2285,1.0
32,2306,1.0
32,2310,4.5
32,2319,2.0
32,2329,4.5
32,2337,1.0
32,2339,3.0
32,2348,4.0
32,2351,4.5
32,2353,2.5
32,2358,4.0
32,2359,4.0
32,2363,0.0
32,2385,2.0
32,2403,1.0
32,2411,3.5
32,2416,3.5
32,2436,5.0
32,2444,3.0
32,2446,1.0
32,2456,4.5
32,2470,1.0
32,2472,1.0
32,2476,2.5
32,2492,3.0
32,2493,4.5
32,2495,0.0
32,2496,3.5
32,2512,5.0
32,2543,1.5
32,2553,1.0
32,2556,2.5
32,2577,0.5
32,2589,0.0
32,2595,2.0
32,2597,4.5
32,2601,0.0
32,2616,1.0
32,2633,0.5
32,2636,2.0
32,2638,1.5
32,2649,5.0
32,2653,3.5
32,2676,2.5
32,2679,3.0
32,2681,2.0
32,2686,3.5
32,2697,3.0
32,2698,3.5
32,2699,2.0
32,2705,0.5
32,2725,0.5
32,2730,3.5
32,2735,3.0
32,2743,2.5
32,2747,0.5
32,2752,3.0
32,2755,0.5
32,2757,1.5
32,2761,0.0
32,2779,5.0
32,2803,2.0
32,2809,0.0
32,2828,2.0
32,2849,0.5
32,2852,2.0
32,2864,3.0
32,2866,4.5
32,2874,4.5
32,2877,2.0
32,2893,3.5
32,2910,0.5
32,2914,0.5
32,2919,1.5
32,2924,0.0
32,2926,3.0
32,2932,3.0
32,2933,4.5
32,2934,0.5
32,2953,1.5
32,2954,5.0
32,2970,1.5
32,2977,2.5
32,2989,4.0
32,2992,5.0
32,2993,4.5
32,3008,1.5
32,3017,0.0
32,3029,4.5
32,3036,2.0
32,3039,3.0
32,3041,4.0
32,3042,3.5
32,3044,4.0
32,3047,2.5
32,3054,3.0
32,3055,4.0
32,3058,4.5
32,3072,4.5
32,3080,4.5
32,3093,0.5
32,3106,2.0
32,3108,1.5
32,3116,4.0
32,3126,0.0
32,3131,1.0
32,3142,2.5
32,3146,4.5
32,3147,3.0
32,3155,3.0
32,3158,2.0
32,3162,5.0
32,3167,0.5
32,3169,2.0
32,3191,2.0
32,3201,3.5
32,3203,4.5
32,3208,3.0
32,3209,0.0
32,3210,2.5
32,3215,5.0
32,3222,2.5
32,3226,4.5
32,3232,2.5
32,3237,3.0
32,3242,1.0
32,3247,2.5
32,3258,4.5
32,3259,4.5
32,3272,0.5
32,3278,0.5
32,3282,0.0
32,3297,3.0
32,3307,3.0
32,3313,2.5
32,3319,0.0
32,3321,4.0
32,3322,4.0
32,3324,2.0
32,3327,2.5
32,3335,3.0
32,3342,1.5
32,3355,3.0
32,3356,1.5
32,3359,0.0
32,3361,5.0
32,3367,0.0
32,3375,2.5
32,3376,3.5
32,3383,5.0
32,3384,1.5
32,3386,2.5
32,3400,2.5
32,3402,3.5
32,3410,0.0
32,3413,1.5
32,3414,1.5
32,3428,2.5
32,3447,5.0
32,3448,2.0
32,3453,0.5
32,3456,0.0
32,3458,3.5
32,3470,0.5
32,3487,1.5
32,3494,4.5
32,3503,4.0
32,3504,1.5
32,3510,3.0
32,3530,4.5
32,3533,3.5
32,3536,2.0
32,3542,0.0
32,3548,2.5
32,3568,3.0
32,3572,1.5
32,3580,5.0
32,3581,4.0
32,3592,1.0
32,3599,0.5
32,3605,3.0
32,3608,2.0
32,3610,2.0
32,3619,3.5
32,3624,2.5
32,3627,1.5
32,3634,5.0
32,3640,0.5
32,3644,0.5
32,3657,3.0
32,3658,1.5
32,3659,5.0
32,3669,0.5
32,3676,3.0
32,3695,0.5
32,3717,3.5
32,3740,4.0
32,3742,2.0
32,3744,0.5
32,3747,1.5
32,3750,0.5
32,3753,1.0
32,3756,0.0
32,3761,1.5
32,3762,1.0
32,3767,3.5
32,3773,1.0
32,3780,2.5
32,3781,4.5
32,3791,1.5
32,3792,3.0
32,3812,3.0
32,3821,0.5
32,3826,4.5
32,3841,0.5
32,3850,2.0
32,3852,5.0
32,3856,3.5
32,3860,0.5
32,3861,1.5
32,3865,3.0
32,3873,4.5
32,3881,1.5
32,3884,2.0
32,3889,0.0
32,3891,1.5
32,3893,4.0
32,3894,5.0
32,3895,4.0
32,3907,3.5
32,3918,4.5
32,3938,4.0
32,3957,5.0
32,3965,3.0
32,3982,1.5
32,3987,1.5
33,4,0.5
33,6,4.0
33,20,4.0
33,23,4.0
33,26,0.5
33,29,1.0
33,34,5.0
33,45,2.0
33,62,4.0
33,64,3.5
33,68,5.0
33,76,1.0
33,81,5.0
33,95,5.0
33,118,5.0
33,124,5.0
33,133,1.0
33,140,5.0
33,148,5.0
33,161,2.5
33,165,0.0
33,167,3.0
33,185,1.5
33,195,1.0
33,215,0.0
33,229,5.0
33,233,2.0
33,243,4.5
33,252,0.0
33,270,5.0
33,273,3.0
33,275,3.0
33,288,3.5
33,298,2.0
33,303,4.0
33,319,0.0
33,324,3.0
33,346,0.0
33,349,0.0
33,362,2.0
33,366,1.0
33,371,2.0
33,373,2.5
33,375,2.0
33,383,2.5
33,385,3.5
33,389,4.5
33,401,3.0
33,404,3.5
33,409,3.0
33,413,1.5
33,425,3.0
33,428,2.5
33,443,3.0
33,444,1.0
33,454,3.0
33,455,1.5
33,509,3.5
33,512,5.0
33,534,5.0
33,538,0.0
33,540,3.0
33,544,1.0
33,547,3.5
33,562,3.5
33,563,5.0
33,566,5.0
33,598,1.0
33,616,4.0
33,619,2.5
33,622,0.0
33,626,2.0
33,636,2.0
33,637,2.0
33,646,0.0
33,658,2.5
33,668,4.5
33,673,2.0
33,680,1.0
33,685,3.5
33,697,3.0
33,699,2.0
33,708,3.5
33,732,0.5
33,736,1.0
33,737,4.5
33,739,3.5
33,744,4.0
33,755,1.0
33,761,3.0
33,775,3.0
33,780,2.0
33,788,0.0
33,800,4.0
33,802,1.0
33,814,0.5
33,819,4.0
33,824,1.5
33,837,5.0
33,838,3.0
33,848,0.0
33,887,2.0
33,888,0.5
33,894,5.0
33,911,1.5
33,916,0.0
33,920,2.5
33,939,1.5
33,946,0.0
33,950,4.5
33,958,2.5
33,966,1.0
33,967,4.5
33,969,5.0
33,977,1.5
33,1013,2.5
33,1019,1.0
33,1039,5.0
33,1047,1.5
33,1049,1.5
33,1057,5.0
33,1062,1.0
33,1063,5.0
33,1068,2.0
33,1071,5.0
33,1082,4.5
33,1086,3.5
33,1087,4.0
33,1101,3.5
33,1110,5.0
33,1111,4.5
33,1112,4.5
33,1146,5.0
33,1161,4.0
33,1171,1.5
33,1180,1.5
33,1191,5.0
33,1194,4.5
33,1198,3.0
33,1204,2.0
33,1206,3.0
33,1210,2.5
33,1213,3.5
33,1223,3.5
33,1228,2.5
33,1235,1.5
33,1240,4.5
33,1245,1.5
33,1249,4.0
33,1251,1.5
33,1253,0.5
33,1264,4.0
33,1269,4.0
33,1278,0.0
33,1291,1.5
33,1292,3.5
33,1321,1.5
33,1328,3.5
33,1351,2.5
33,1352,3.0
33,1355,0.5
33,1366,5.0
33,1376,0.0
33,1379,1.5
33,1383,3.0
33,1386,5.0
33,1387,1.5
33,1389,0.0
33,1402,2.5
33,1408,2.5
33,1411,1.0
33,1421,2.0
33,1426,3.0
33,1427,4.5
33,1433,4.0
33,1442,4.5
33,1447,2.5
33,1467,1.0
33,1480,1.0
33,1484,4.0
33,1496,0.5
33,1500,0.0
33,1518,2.5
33,1520,1.0
33,1531,3.5
33,1532,5.0
33,1538,2.5
33,1540,4.0
33,1542,0.0
33,1547,4.5
33,1561,4.5
33,1574,5.0
33,1577,4.0
33,1602,2.5
33,1608,0.5
33,1609,0.5
33,1616,4.5
33,1622,1.0
33,1628,1.5
33,1630,3.5
33,1638,0.5
33,1643,3.0
33,1664,2.5
33,1681,2.0
33,1693,3.0
33,1696,0.5
33,1699,4.5
33,1703,2.0
33,1711,4.0
33,1717,5.0
33,1735,1.0
33,1750,1.0
33,1751,4.5
33,1763,1.5
33,1766,0.5
33,1770,2.0
33,1771,3.0
33,1782,1.5
33,1783,5.0
33,1794,0.5
33,1800,1.5
33,1815,5.0
33,1817,2.0
33,1823,1.5
33,1838,4.0
33,1847,4.5
33,1855,1.5
33,1859,3.0
33,1865,1.0
33,1874,5.0
33,1878,3.0
33,1887,5.0
33,1900,2.5
33,1912,1.0
33,1920,0.0
33,1928,0.0
33,1969,4.0
33,1971,2.0
33,1980,5.0
33,1995,3.0
33,2018,1.0
33,2020,2.0
33,2023,5.0
33,2025,4.5
33,2030,4.0
33,2036,1.5
33,2040,5.0
33,2055,3.0
33,2059,0.5
33,2060,2.0
33,2067,5.0
33,2069,3.0
33,2080,3.5
33,2084,3.5
33,2087,3.0
33,2095,0.5
33,2102,3.5
33,2105,2.5
33,2118,1.5
33,2134,1.0
33,2144,4.0
33,2146,4.5
33,2166,2.5
33,2181,1.5
33,2190,0.5
33,2199,1.5
33,2222,1.5
33,2228,1.5
33,2240,4.5
33,2242,2.5
33,2254,2.0
33,2261,2.5
33,2264,3.5
33,2266,0.5
33,2267,3.5
33,2273,0.5
33,2275,4.5
33,2276,0.5
33,2280,2.0
33,2288,4.0
33,2289,4.5
33,2294,0.0
33,2304,1.0
33,2306,2.5
33,2308,4.5
33,2334,4.0
33,2339,1.5
33,2346,0.0
33,2348,2.5
33,2351,2.5
33,2353,4.0
33,2359,3.5
33,2363,5.0
33,2367,2.5
33,2368,5.0
33,2382,4.5
33,2387,2.0
33,2394,1.0
33,2410,4.5
33,2411,5.0
33,2414,0.0
33,2416,2.0
33,2431,2.5
33,2432,1.5
33,2436,4.5
33,2438,5.0
33,2444,0.5
33,2456,2.5
33,2476,4.0
33,2478,2.0
33,2482,4.0
33,2491,2.5
33,2492,0.5
33,2495,1.0
33,2499,0.5
33,2503,0.0
33,2508,1.0
33,2525,1.5
33,2541,4.0
33,2543,4.0
33,2553,2.5
33,2566,4.0
33,2577,1.0
33,2589,2.5
33,2596,1.5
33,2597,0.5
33,2601,3.0
33,2604,4.5
33,2614,0.5
33,2619,1.5
33,2633,0.5
33,2636,3.0
33,2637,0.5
33,2650,1.0
33,2659,1.5
33,2675,3.0
33,2681,4.0
33,2688,1.5
33,2694,5.0
33,2699,4.5
33,2700,3.0
33,2718,5.0
33,2725,4.5
33,2730,0.5
33,2735,3.0
33,2741,4.5
33,2743,1.0
33,2744,2.0
33,2747,3.0
33,2748,3.0
33,2752,0.5
33,2755,0.5
33,2758,2.0
33,2767,3.5
33,2771,2.5
33,2779,2.5
33,2785,2.5
33,2799,0.5
33,2803,0.5
33,2813,2.0
33,2818,5.0
33,2825,2.0
33,2828,1.0
33,2834,0.0
33,2842,4.0
33,2851,1.5
33,2852,3.0
33,2858,5.0
33,2866,1.0
33,2867,2.5
33,2876,0.0
33,2885,1.5
33,2890,1.0
33,2902,2.5
33,2916,3.0
33,2919,0.0
33,2924,0.5
33,2932,0.5
33,2933,0.5
33,2936,0.0
33,2941,4.5
33,2953,0.0
33,2954,5.0
33,2955,2.5
33,2970,5.0
33,2989,4.5
33,2992,4.5
33,3014,5.0
33,3016,4.5
33,3026,0.5
33,3029,2.0
33,3033,0.5
33,3036,4.0
33,3043,4.0
33,3044,2.0
33,3047,5.0
33,3052,2.0
33,3053,2.5
33,3055,0.5
33,3072,3.5
33,3074,1.0
33,3076,0.0
33,3080,2.0
33,3101,1.0
33,3102,2.0
33,3108,5.0
33,3109,0.0
33,3110,2.5
33,3116,1.5
33,3121,1.0
33,3122,1.5
33,3125,4.5
33,3128,0.0
33,3147,2.5
33,3155,0.5
33,3158,1.5
33,3167,4.5
33,3169,3.5
33,3184,4.5
33,3194,2.0
33,3198,1.5
33,3203,5.0
33,3206,0.5
33,3212,3.0
33,3223,2.0
33,3231,4.5
33,3232,0.5
33,3237,0.0
33,3255,3.5
33,3263,1.5
33,3275,0.5
33,3278,5.0
33,3280,4.0
33,3292,3.0
33,3298,0.0
33,3305,0.0
33,3316,1.5
33,3322,2.0
33,3323,3.5
33,3325,2.0
33,3327,2.0
33,3328,3.0
33,3345,1.0
33,3347,2.5
33,3349,0.0
33,3355,0.0
33,3365,0.5
33,3367,0.0
33,3370,4.5
33,3376,2.0
33,3383,1.0
33,3384,1.0
33,3389,4.5
33,3392,2.5
33,3402,0.0
33,3413,4.0
33,3414,2.5
33,3428,3.0
33,3446,1.5
33,3455,4.5
33,3456,2.5
33,3458,2.5
33,3470,1.0
33,3482,4.0
33,3487,3.5
33,3494,0.5
33,3495,0.5
33,3504,3.5
33,3507,1.0
33,3510,1.5
33,3515,5.0
33,3521,3.5
33,3527,1.5
33,3532,5.0
33,3533,0.5
33,3539,3.0
33,3548,4.0
33,3554,1.5
33,3568,1.5
33,3580,4.0
33,3581,4.0
33,3608,2.5
33,3610,0.5
33,3622,0.5
33,3627,0.0
33,3634,0.0
33,3640,0.5
33,3644,2.0
33,3646,2.0
33,3658,1.5
33,3659,0.5
33,3661,3.5
33,3667,1.0
33,3675,3.5
33,3693,3.0
33,3695,1.0
33,3697,4.0
33,3701,2.0
33,3705,4.5
33,3730,2.0
33,3739,4.0
33,3740,0.5
33,3741,1.5
33,3742,4.0
33,3744,0.5
33,3767,1.0
33,3770,3.5
33,3781,4.5
33,3797,2.5
33,3812,1.0
33,3823,2.0
33,3836,4.5
33,3841,5.0
33,3843,4.0
33,3850,1.0
33,3859,0.5
33,3860,2.0
33,3874,0.5
33,3875,1.5
33,3882,0.5
33,3884,5.0
33,3886,1.0
33,3889,3.0
33,3891,4.0
33,3893,1.0
33,3894,2.0
33,3903,3.5
33,3906,0.0
33,3907,0.0
33,3911,0.5
33,3938,1.5
33,3957,1.5
33,3960,3.5
33,3965,4.0
33,3981,4.0
33,3983,0.0
33,3987,4.5
34,4,2.5
34,19,2.0
34,26,0.5
34,28,2.0
34,29,0.0
34,32,0.5
34,36,2.5
34,44,3.5
34,45,5.0
34,49,1.5
34,55,0.5
34,62,3.0
34,63,1.0
34,64,5.0
34,68,3.5
34,70,3.0
34,81,0.5
34,86,1.5
34,108,2.0
34,110,2.0
34,118,0.0
34,124,0.0
34,142,0.5
34,143,3.5
34,149,4.5
34,161,3.5
34,167,2.0
34,184,3.0
34,185,0.5
34,190,4.0
34,195,1.0
34,215,5.0
34,233,1.5
34,235,5.0
34,241,2.5
34,265,3.0
34,269,2.0
34,275,1.5
34,277,1.0
34,280,2.0
34,295,3.0
34,297,3.0
34,303,0.0
34,319,2.5
34,322,0.0
34,324,2.5
34,327,5.0
34,349,1.0
34,353,1.5
34,373,0.0
34,377,5.0
34,401,2.5
34,404,4.5
34,409,1.0
34,413,4.5
34,420,4.0
34,421,2.5
34,425,3.5
34,444,4.0
34,455,2.5
34,465,1.0
34,477,0.5
34,479,4.5
34,482,4.5
34,484,1.5
34,489,5.0
34,491,3.5
34,495,2.5
34,504,2.0
34,509,0.5
34,514,4.0
34,515,0.0
34,521,0.0
34,534,1.5
34,551,1.0
34,562,4.5
34,573,3.0
34,576,4.5
34,596,3.5
34,600,1.5
34,606,0.0
34,612,0.5
34,616,3.5
34,618,0.5
34,632,1.5
34,636,1.5
34,637,2.0
34,643,5.0
34,668,1.0
34,673,4.5
34,677,0.5
34,680,1.5
34,682,3.0
34,685,2.0
34,696,4.0
34,697,5.0
34,699,4.5
34,702,2.0
34,708,2.5
34,716,1.0
34,733,1.0
34,738,3.5
34,739,0.0
34,744,5.0
34,748,4.0
34,761,4.5
34,762,2.5
34,764,5.0
34,775,3.0
34,784,0.5
34,788,2.5
34,789,4.5
34,800,0.0
34,802,1.5
34,806,2.0
34,816,1.0
34,824,1.5
34,837,3.0
34,838,0.0
34,846,0.0
34,850,5.0
34,851,2.0
34,858,3.5
34,872,3.0
34,876,3.0
34,884,1.5
34,886,2.5
34,904,3.0
34,911,5.0
34,916,1.5
34,924,2.5
34,927,5.0
34,939,5.0
34,946,3.5
34,949,2.0
34,955,1.0
34,968,2.0
34,969,3.0
34,976,0.5
34,977,4.5
34,983,1.5
34,987,3.5
34,1002,3.5
34,1013,3.0
34,1018,0.0
34,1021,1.0
34,1025,0.0
34,1035,3.0
34,1047,3.0
34,1049,5.0
34,1062,4.0
34,1086,2.0
34,1087,3.0
34,1100,2.0
34,1109,2.5
34,1110,4.0
34,1111,4.0
34,1112,0.5
34,1114,3.5
34,1128,4.0
34,1150,4.5
34,1161,1.5
34,1162,4.0
34,1180,0.0
34,1183,2.5
34,1191,1.5
34,1194,4.0
34,1198,1.0
34,1204,2.5
34,1206,3.5
34,1208,1.0
34,1210,2.5
34,1213,0.0
34,1218,2.5
34,1226,1.0
34,1249,4.0
34,1258,0.5
34,1280,0.5
34,1282,2.5
34,1284,1.0
34,1292,3.5
34,1309,0.5
34,1315,0.0
34,1333,2.0
34,1342,2.0
34,1351,3.5
34,1352,5.0
34,1371,5.0
34,1379,4.0
34,1386,0.5
34,1395,3.5
34,1401,0.0
34,1410,2.5
34,1411,4.5
34,1421,3.5
34,1423,1.0
34,1427,5.0
34,1431,3.0
34,1433,2.0
34,1437,4.0
34,1446,1.5
34,1447,2.5
34,1467,2.5
34,1475,1.5
34,1484,0.0
34,1491,4.5
34,1500,2.0
34,1506,5.0
34,1514,4.5
34,1516,2.0
34,1520,2.0
34,1523,1.0
34,1531,1.5
34,1547,3.0
34,1561,2.0
34,1601,4.0
34,1602,2.0
34,1608,3.0
34,1609,1.0
34,1622,0.5
34,1623,1.0
34,1624,0.5
34,1628,2.5
34,1632,2.5
34,1638,4.5
34,1639,0.5
34,1649,1.5
34,1653,3.0
34,1654,4.5
34,1663,1.0
34,1672,1.0
34,1677,0.5
34,1681,0.5
34,1688,0.0
34,1690,4.5
34,1699,4.0
34,1701,3.0
34,1710,4.5
34,1724,0.0
34,1727,0.5
34,1734,0.0
34,1735,3.5
34,1737,5.0
34,1751,2.0
34,1758,4.0
34,1766,5.0
34,1771,2.5
34,1776,2.0
34,1779,3.0
34,1781,1.0
34,1782,3.5
34,1800,5.0
34,1813,2.0
34,1815,1.5
34,1819,4.5
34,1823,2.0
34,1833,1.5
34,1846,5.0
34,1847,4.5
34,1849,3.0
34,1850,1.0
34,1855,4.5
34,1859,4.0
34,1865,4.0
34,1866,4.5
34,1870,3.5
34,1880,4.5
34,1894,2.5
34,1900,0.5
34,1912,3.0
34,1918,1.0
34,1921,3.5
34,1928,3.0
34,1939,3.5
34,1954,2.5
34,1959,2.0
34,1967,0.5
34,1970,4.5
34,1971,0.5
34,1988,1.0
34,1991,2.0
34,2018,3.0
34,2023,3.0
34,2025,1.5
34,2032,1.0
34,2036,3.5
34,2043,2.5
34,2055,4.0
34,2056,5.0
34,2062,3.5
34,2071,0.0
34,2078,5.0
34,2081,3.0
34,2087,1.0
34,2102,4.5
34,2105,1.5
34,2106,4.5
34,2109,4.5
34,2142,1.5
34,2146,1.5
34,2164,0.0
34,2166,3.5
34,2179,4.0
34,2195,5.0
34,2199,4.5
34,2202,3.5
34,2209,1.0
34,2218,4.0
34,2219,4.0
34,2224,3.0
34,2231,1.0
34,2240,3.0
34,2246,3.5
34,2251,1.0
34,2267,3.0
34,2271,4.0
34,2272,0.0
34,2275,3.0
34,2276,2.0
34,2277,1.5
34,2278,0.5
34,2280,2.0
34,2281,0.0
34,2288,0.5
34,2304,1.5
34,2314,4.0
34,2320,1.0
34,2329,3.0
34,2341,5.0
34,2348,2.0
34,2351,4.0
34,2359,1.5
34,2367,3.5
34,2368,4.5
34,2385,2.5
34,2410,0.0
34,2416,0.5
34,2426,1.0
34,2432,3.5
34,2438,3.5
34,2469,0.0
34,2470,0.0
34,2472,4.5
34,2478,1.0
34,2491,0.5
34,2493,4.5
34,2495,0.0
34,2497,1.5
34,2508,3.0
34,2514,4.5
34,2525,0.0
34,2541,5.0
34,2543,1.5
34,2559,3.5
34,2563,4.5
34,2574,3.0
34,2577,2.5
34,2595,4.0
34,2616,4.0
34,2633,4.0
34,2636,0.0
34,2638,4.5
34,2649,2.5
34,2659,3.5
34,2676,2.0
34,2679,3.0
34,2682,4.5
34,2694,1.0
34,2698,2.5
34,2699,3.5
34,2700,3.5
34,2735,0.5
34,2741,1.5
34,2744,2.0
34,2747,5.0
34,2752,3.0
34,2755,3.0
34,2757,3.0
34,2761,4.0
34,2767,0.0
34,2779,4.5
34,2781,0.5
34,2785,1.5
34,2799,1.5
34,2804,3.0
34,2828,1.5
34,2834,1.5
34,2837,5.0
34,2858,1.0
34,2860,4.5
34,2876,1.5
34,2885,4.5
34,2910,0.5
34,2912,1.0
34,2914,4.0
34,2916,1.5
34,2954,0.5
34,2958,4.5
34,2962,3.5
34,2977,3.0
34,2981,5.0
34,3002,4.0
34,3014,4.5
34,3017,1.5
34,3036,1.0
34,3041,1.0
34,3043,3.5
34,3047,3.5
34,3050,0.0
34,3051,4.5
34,3058,2.5
34,3072,0.5
34,3074,1.5
34,3078,3.0
34,3104,3.5
34,3106,2.5
34,3109,0.5
34,3110,4.0
34,3114,2.5
34,3119,2.0
34,3122,0.0
34,3125,1.5
34,3131,1.5
34,3133,2.0
34,3142,4.5
34,3146,2.0
34,3179,0.0
34,3184,2.5
34,3203,0.0
34,3209,1.0
34,3210,3.5
34,3215,1.5
34,3231,0.5
34,3239,5.0
34,3247,2.5
34,3251,0.5
34,3258,4.0
34,3275,0.5
34,3278,2.0
34,3284,3.5
34,3292,2.0
34,3300,1.5
34,3310,1.0
34,3313,3.0
34,3316,1.5
34,3321,0.0
34,3322,1.5
34,3328,1.5
34,3335,1.0
34,3342,2.0
34,3348,4.5
34,3349,2.0
34,3355,2.5
34,3356,0.5
34,3361,2.5
34,3365,5.0
34,3370,1.5
34,3376,1.0
34,3389,4.5
34,3400,0.5
34,3413,2.0
34,3416,1.5
34,3423,4.0
34,3428,0.5
34,3446,5.0
34,3447,3.0
34,3448,3.0
34,3453,3.5
34,3455,5.0
34,3456,2.5
34,3458,3.0
34,3470,1.5
34,3482,2.0
34,3487,0.0
34,3494,5.0
34,3500,4.0
34,3510,4.5
34,3515,0.5
34,3527,2.5
34,3532,1.0
34,3540,3.5
34,3542,2.0
34,3548,2.0
34,3558,2.0
34,3568,3.5
34,3572,2.5
34,3578,4.5
34,3581,0.5
34,3608,3.0
34,3610,3.0
34,3619,4.5
34,3624,1.0
34,3634,0.0
34,3639,3.0
34,3644,0.0
34,3648,4.0
34,3651,3.0
34,3658,1.5
34,3661,0.0
34,3667,0.0
34,3675,0.0
34,3683,4.0
34,3693,4.0
34,3695,3.0
34,3701,3.0
34,3703,2.0
34,3717,3.0
34,3730,1.5
34,3732,4.0
34,3744,1.5
34,3753,2.5
34,3766,1.0
34,3767,3.5
34,3770,0.0
34,3773,3.5
34,3781,2.5
34,3791,3.5
34,3793,2.5
34,3812,1.5
34,3836,2.0
34,3841,1.0
34,3856,4.0
34,3859,1.5
34,3861,4.0
34,3873,3.0
34,3874,0.0
34,3875,2.0
34,3881,4.5
34,3889,0.5
34,3894,5.0
34,3903,0.0
34,3906,4.5
34,3918,1.0
34,3951,1.0
34,3981,0.0
34,3986,0.5
35,6,3.5
35,20,3.0
35,23,2.0
35,28,1.5
35,29,0.0
35,42,0.5
35,49,3.5
35,64,2.5
35,76,5.0
35,81,2.5
35,90,2.5
35,95,2.5
35,108,5.0
35,110,5.0
35,112,3.5
35,115,0.0
35,116,0.0
35,118,4.0
35,124,3.5
35,142,4.5
35,143,0.5
35,145,0.5
35,148,1.0
35,149,2.5
35,165,0.5
35,167,1.0
35,171,3.0
35,184,4.0
35,190,1.0
35,195,4.5
35,199,2.0
35,203,3.5
35,209,0.5
35,229,5.0
35,233,2.5
35,241,0.0
35,243,4.5
35,248,3.5
35,256,3.0
35,265,0.5
35,266,3.5
35,269,2.5
35,273,3.0
35,280,5.0
35,324,0.5
35,327,1.5
35,358,4.5
35,362,1.0
35,366,3.5
35,383,0.5
35,385,4.0
35,389,4.0
35,400,0.0
35,409,3.0
35,421,5.0
35,428,1.5
35,432,3.0
35,437,4.0
35,444,2.5
35,451,0.0
35,457,0.0
35,458,2.0
35,466,4.5
35,476,1.5
35,484,1.0
35,489,3.5
35,491,4.5
35,495,0.0
35,504,2.0
35,509,2.5
35,517,1.5
35,525,0.5
35,538,0.0
35,551,2.5
35,576,4.5
35,596,0.0
35,598,0.0
35,600,1.5
35,602,0.5
35,616,3.5
35,622,2.0
35,636,4.0
35,642,1.5
35,679,2.5
35,680,0.5
35,696,4.0
35,699,2.5
35,702,2.5
35,716,4.0
35,729,0.5
35,731,3.0
35,732,4.0
35,749,2.5
35,751,1.0
35,754,4.5
35,761,5.0
35,778,1.5
35,786,2.0
35,802,1.5
35,816,1.0
35,819,3.0
35,824,0.5
35,831,5.0
35,834,1.5
35,837,1.0
35,859,0.5
35,876,1.0
35,879,0.5
35,880,1.5
35,883,3.0
35,884,1.5
35,885,1.0
35,886,4.0
35,887,0.0
35,889,0.5
35,916,4.0
35,927,3.0
35,941,1.0
35,949,1.0
35,950,4.0
35,958,3.5
35,966,0.5
35,969,2.0
35,1003,1.0
35,1005,1.0
35,1006,2.5
35,1008,0.0
35,1013,1.0
35,1025,5.0
35,1035,2.0
35,1039,4.5
35,1041,4.5
35,1063,3.5
35,1068,5.0
35,1086,1.5
35,1091,2.0
35,1101,1.0
35,1105,3.5
35,1110,1.0
35,1111,4.0
35,1128,0.5
35,1137,0.0
35,1145,2.0
35,1146,1.0
35,1159,2.0
35,1171,1.0
35,1183,4.5
35,1194,3.0
35,1198,1.0
35,1199,3.5
35,1203,0.0
35,1204,2.0
35,1206,4.5
35,1208,0.5
35,1215,2.0
35,1218,4.5
35,1219,5.0
35,1250,2.0
35,1251,3.0
35,1253,0.5
35,1261,1.5
35,1264,0.0
35,1269,3.5
35,1282,5.0
35,1292,2.5
35,1308,4.5
35,1315,2.0
35,1320,1.5
35,1328,1.0
35,1342,3.5
35,1346,4.0
35,1358,2.0
35,1366,0.0
35,1373,2.5
35,1379,2.0
35,1386,2.5
35,1389,0.0
35,1395,1.5
35,1401,3.0
35,1402,0.5
35,1411,5.0
35,1412,1.0
35,1416,3.0
35,1421,2.5
35,1426,4.5
35,1437,0.5
35,1446,1.0
35,1447,5.0
35,1455,2.5
35,1467,1.0
35,1483,4.5
35,1501,3.0
35,1506,1.5
35,1520,3.5
35,1529,5.0
35,1531,3.5
35,1540,3.0
35,1561,0.0
35,1562,5.0
35,1577,5.0
35,1588,2.0
35,1589,3.0
35,1609,3.0
35,1615,4.0
35,1622,1.5
35,1623,3.0
35,1627,1.0
35,1630,1.0
35,1632,0.0
35,1639,2.0
35,1643,1.0
35,1653,2.0
35,1654,2.5
35,1676,3.0
35,1677,4.0
35,1682,1.0
35,1701,1.5
35,1703,2.5
35,1717,1.0
35,1735,1.0
35,1740,4.5
35,1745,5.0
35,1751,5.0
35,1754,4.5
35,1764,2.0
35,1766,4.0
35,1770,5.0
35,1771,0.0
35,1776,1.0
35,1781,0.0
35,1819,4.0
35,1823,3.5
35,1832,2.5
35,1833,0.0
35,1838,0.0
35,1841,0.5
35,1842,1.5
35,1847,3.0
35,1849,0.0
35,1850,2.0
35,1855,3.0
35,1859,0.0
35,1866,0.5
35,1887,4.0
35,1894,3.0
35,1921,2.5
35,1928,4.0
35,1939,4.5
35,1940,1.5
35,1951,1.5
35,1954,4.5
35,1963,0.5
35,1968,0.0
35,1970,1.0
35,1980,0.5
35,1991,5.0
35,1995,4.5
35,1996,0.5
35,2020,3.5
35,2025,1.5
35,2028,5.0
35,2030,5.0
35,2040,4.5
35,2044,4.0
35,2055,3.0
35,2056,4.0
35,2067,2.0
35,2069,3.0
35,2071,0.0
35,2078,2.0
35,2080,1.0
35,2083,5.0
35,2095,5.0
35,2096,1.5
35,2099,0.5
35,2105,1.0
35,2114,0.0
35,2117,3.0
35,2118,0.5
35,2119,3.0
35,2135,5.0
35,2143,0.5
35,2146,4.0
35,2164,3.0
35,2174,4.0
35,2189,3.5
35,2190,0.0
35,2195,1.0
35,2201,0.0
35,2218,5.0
35,2228,3.0
35,2231,4.5
35,2232,0.0
35,2246,0.5
35,2271,1.5
35,2272,1.0
35,2277,5.0
35,2278,3.5
35,2288,2.5
35,2289,0.5
35,2295,1.5
35,2297,0.5
35,2298,4.0
35,2304,4.5
35,2306,3.0
35,2317,3.0
35,2337,2.0
35,2339,0.0
35,2341,5.0
35,2343,3.5
35,2358,2.0
35,2359,0.0
35,2394,4.0
35,2410,4.5
35,2411,1.0
35,2414,5.0
35,2416,5.0
35,2432,5.0
35,2446,2.0
35,2469,1.5
35,2471,3.5
35,2478,1.0
35,2493,2.0
35,2495,2.5
35,2503,5.0
35,2508,1.0
35,2512,2.5
35,2541,4.0
35,2553,0.5
35,2559,1.5
35,2563,5.0
35,2574,1.0
35,2577,4.5
35,2588,5.0
35,2592,2.0
35,2597,5.0
35,2601,0.0
35,2604,1.5
35,2614,2.0
35,2623,0.0
35,2624,0.0
35,2638,0.0
35,2649,4.5
35,2650,0.5
35,2676,2.5
35,2682,4.0
35,2688,0.5
35,2697,1.5
35,2698,1.0
35,2705,3.5
35,2712,4.5
35,2718,2.0
35,2725,2.0
35,2730,3.0
35,2747,1.5
35,2748,0.0
35,2752,3.5
35,2755,5.0
35,2761,4.5
35,2767,3.5
35,2771,4.0
35,2779,1.5
35,2785,3.0
35,2794,3.5
35,2796,0.0
35,2804,0.5
35,2809,3.0
35,2812,0.5
35,2825,3.0
35,2828,1.0
35,2834,1.0
35,2842,0.5
35,2849,2.5
35,2851,3.5
35,2852,0.0
35,2864,3.5
35,2876,0.0
35,2877,2.0
35,2893,1.0
35,2902,2.0
35,2910,3.5
35,2912,0.5
35,2914,4.5
35,2916,3.0
35,2924,4.5
35,2934,4.0
35,2936,0.0
35,2941,2.5
35,2958,4.0
35,2960,0.5
35,2977,5.0
35,3014,1.5
35,3016,0.5
35,3017,0.5
35,3043,2.0
35,3047,4.5
35,3051,3.5
35,3052,0.0
35,3053,4.5
35,3055,1.5
35,3058,1.0
35,3072,3.5
35,3074,0.5
35,3078,2.5
35,3113,0.5
35,3117,0.5
35,3121,2.5
35,3122,1.0
35,3128,3.5
35,3131,4.0
35,3133,5.0
35,3134,4.5
35,3146,4.5
35,3147,0.5
35,3154,3.5
35,3155,3.5
35,3162,3.5
35,3191,3.5
35,3198,1.5
35,3208,0.5
35,3212,4.0
35,3223,0.0
35,3231,0.0
35,3255,0.5
35,3256,4.0
35,3258,0.0
35,3259,2.0
35,3272,4.5
35,3275,0.5
35,3278,0.0
35,3280,4.0
35,3284,4.5
35,3305,1.5
35,3307,1.0
35,3311,3.5
35,3313,0.5
35,3327,5.0
35,3328,3.5
35,3342,5.0
35,3349,0.5
35,3350,0.5
35,3355,4.0
35,3359,4.0
35,3361,0.5
35,3367,3.0
35,3370,0.5
35,3376,3.5
35,3383,0.0
35,3389,0.5
35,3392,3.0
35,3393,1.0
35,3396,0.5
35,3402,3.5
35,3406,4.0
35,3410,2.5
35,3414,1.0
35,3416,4.0
35,3428,0.5
35,3445,3.5
35,3447,5.0
35,3448,3.5
35,3456,2.5
35,3494,1.5
35,3521,3.5
35,3523,4.0
35,3527,1.5
35,3539,4.5
35,3554,4.5
35,3566,4.0
35,3578,3.5
35,3581,4.0
35,3608,3.0
35,3610,1.5
35,3622,0.0
35,3627,5.0
35,3629,5.0
35,3634,0.0
35,3639,0.5
35,3646,5.0
35,3647,3.0
35,3648,2.5
35,3657,5.0
35,3659,1.0
35,3669,0.5
35,3675,2.5
35,3693,3.5
35,3701,1.5
35,3703,2.0
35,3735,4.0
35,3744,2.0
35,3756,5.0
35,3759,3.0
35,3761,1.5
35,3773,3.0
35,3781,3.0
35,3793,2.0
35,3823,1.0
35,3826,5.0
35,3836,0.0
35,3860,4.0
35,3873,1.5
35,3881,4.5
35,3882,0.0
35,3884,3.5
35,3895,0.0
35,3911,3.5
35,3960,0.5
35,3970,3.5
35,3981,5.0
35,3983,4.5
35,3987,5.0
35,3997,4.5
36,4,3.5
36,6,1.0
36,20,5.0
36,26,2.5
36,28,4.0
36,29,4.5
36,34,1.0
36,36,5.0
36,49,1.0
36,64,5.0
36,70,2.5
36,81,2.5
36,87,4.0
36,95,4.5
36,112,2.5
36,116,0.0
36,118,2.5
36,124,5.0
36,133,4.5
36,140,5.0
36,145,5.0
36,148,0.0
36,161,0.5
36,167,3.0
36,190,1.5
36,195,0.0
36,203,4.0
36,207,2.0
36,226,5.0
36,233,0.5
36,241,3.0
36,242,5.0
36,244,1.5
36,248,2.5
36,250,0.0
36,256,0.0
36,265,1.5
36,269,1.0
36,273,3.0
36,277,1.5
36,295,4.0
36,303,1.5
36,314,3.0
36,327,3.5
36,346,3.5
36,347,3.0
36,358,0.0
36,362,1.0
36,366,2.0
36,383,3.5
36,385,1.0
36,390,4.5
36,401,1.5
36,411,4.0
36,413,3.0
36,414,1.0
36,420,1.5
36,428,0.0
36,432,3.0
36,437,1.0
36,444,0.0
36,458,4.5
36,459,4.5
36,470,5.0
36,476,3.0
36,478,3.5
36,479,1.5
36,480,0.5
36,484,2.0
36,489,2.5
36,492,3.5
36,504,2.0
36,514,5.0
36,517,4.5
36,534,1.0
36,538,4.5
36,544,2.5
36,562,1.0
36,563,4.5
36,566,3.5
36,576,2.0
36,596,0.5
36,602,0.5
36,618,4.0
36,622,0.5
36,631,0.0
36,632,5.0
36,637,4.0
36,642,0.0
36,643,4.0
36,658,3.5
36,673,5.0
36,677,5.0
36,679,2.5
36,682,3.0
36,685,2.0
36,696,2.5
36,702,0.0
36,705,0.5
36,708,3.5
36,732,0.5
36,736,3.0
36,737,3.0
36,744,4.0
36,749,4.5
36,762,2.0
36,764,1.5
36,778,4.5
36,789,1.0
36,795,0.0
36,814,4.0
36,819,3.0
36,831,1.5
36,834,4.5
36,848,3.0
36,851,4.5
36,873,0.5
36,876,5.0
36,880,1.5
36,883,2.5
36,885,1.0
36,888,5.0
36,894,4.0
36,896,3.5
36,901,3.5
36,904,3.5
36,916,1.5
36,919,2.5
36,927,5.0
36,930,2.5
36,941,0.0
36,946,0.5
36,955,0.5
36,958,1.5
36,972,1.0
36,977,2.0
36,987,2.0
36,1003,1.0
36,1004,4.0
36,1008,2.5
36,1013,4.0
36,1025,3.5
36,1028,1.5
36,1039,4.0
36,1041,4.5
36,1063,4.0
36,1071,3.0
36,1086,2.0
36,1087,5.0
36,1091,3.0
36,1100,0.5
36,1105,3.0
36,1109,2.0
36,1110,1.0
36,1122,1.0
36,1132,3.0
36,1137,2.0
36,1145,5.0
36,1146,0.5
36,1159,4.0
36,1166,0.0
36,1194,2.0
36,1198,0.0
36,1203,3.5
36,1204,4.0
36,1208,0.5
36,1210,3.0
36,1213,0.5
36,1223,2.5
36,1226,2.0
36,1245,0.5
36,1249,0.0
36,1250,4.5
36,1251,1.5
36,1253,0.0
36,1258,1.0
36,1261,3.0
36,1269,3.0
36,1274,2.5
36,1278,0.0
36,1309,1.0
36,1316,1.0
36,1320,0.0
36,1321,2.0
36,1328,1.5
36,1333,4.0
36,1334,3.0
36,1342,2.5
36,1351,0.5
36,1352,4.5
36,1355,2.5
36,1366,1.5
36,1371,0.5
36,1379,1.0
36,1383,3.0
36,1387,5.0
36,1389,4.5
36,1401,2.0
36,1408,3.0
36,1412,1.5
36,1421,0.5
36,1426,0.0
36,1427,2.0
36,1431,4.5
36,1433,4.0
36,1444,3.0
36,1446,2.5
36,1447,2.0
36,1455,0.5
36,1475,5.0
36,1483,3.0
36,1484,2.5
36,1496,2.0
36,1501,2.5
36,1506,5.0
36,1515,1.5
36,1531,4.5
36,1540,0.0
36,1542,3.5
36,1547,3.0
36,1561,5.0
36,1574,2.5
36,1585,3.0
36,1602,1.5
36,1615,4.5
36,1616,0.5
36,1622,0.5
36,1623,0.5
36,1624,3.5
36,1627,1.0
36,1628,3.0
36,1630,4.0
36,1638,4.5
36,1643,5.0
36,1649,2.0
36,1653,3.0
36,1659,0.5
36,1663,3.0
36,1664,1.5
36,1666,5.0
36,1672,2.5
36,1680,4.0
36,1681,2.0
36,1690,5.0
36,1693,4.0
36,1694,0.0
36,1696,0.5
36,1701,3.0
36,1710,0.0
36,1711,2.0
36,1716,5.0
36,1724,0.5
36,1727,3.5
36,1734,4.5
36,1740,3.5
36,1751,4.0
36,1763,4.0
36,1764,3.0
36,1771,2.5
36,1776,4.5
36,1779,0.0
36,1782,1.0
36,1791,2.0
36,1800,0.5
36,1815,4.0
36,1818,0.5
36,1820,0.5
36,1832,1.0
36,1842,5.0
36,1846,0.5
36,1847,4.5
36,1850,3.5
36,1865,0.5
36,1870,4.0
36,1872,2.0
36,1880,4.0
36,1887,3.0
36,1894,1.5
36,1900,1.5
36,1909,4.5
36,1936,4.0
36,1939,2.5
36,1940,2.0
36,1959,2.0
36,1960,1.0
36,1963,4.0
36,1968,0.5
36,1980,0.5
36,1996,4.0
36,2011,2.5
36,2018,3.5
36,2023,0.0
36,2028,1.5
36,2040,2.5
36,2043,2.5
36,2069,1.5
36,2071,3.5
36,2080,4.5
36,2081,2.0
36,2083,0.5
36,2095,1.5
36,2099,4.5
36,2102,5.0
36,2105,3.5
36,2114,1.0
36,2134,0.0
36,2142,4.0
36,2143,1.5
36,2144,2.5
36,2146,1.5
36,2160,1.5
36,2165,1.5
36,2166,1.0
36,2181,0.0
36,2189,3.5
36,2190,3.0
36,2199,1.5
36,2219,0.5
36,2231,2.0
36,2242,4.0
36,2251,0.0
36,2257,0.0
36,2261,2.0
36,2267,0.5
36,2271,5.0
36,2272,4.0
36,2277,1.0
36,2278,3.0
36,2280,0.5
36,2281,4.5
36,2285,2.0
36,2288,3.0
36,2298,2.0
36,2308,5.0
36,2310,5.0
36,2314,1.5
36,2339,1.0
36,2351,3.5
36,2359,0.5
36,2382,3.5
36,2403,1.0
36,2409,5.0
36,2414,3.0
36,2416,3.0
36,2417,1.5
36,2425,1.0
36,2426,1.5
36,2431,0.5
36,2432,1.5
36,2436,3.0
36,2444,4.5
36,2452,1.0
36,2469,5.0
36,2470,4.5
36,2476,4.5
36,2478,5.0
36,2495,0.5
36,2496,1.5
36,2497,0.0
36,2514,2.0
36,2556,1.0
36,2559,3.5
36,2563,0.5
36,2595,2.5
36,2596,5.0
36,2597,4.0
36,2604,3.0
36,2614,3.0
36,2619,4.5
36,2623,0.0
36,2625,1.0
36,2626,1.5
36,2633,0.0
36,2637,0.5
36,2649,4.5
36,2650,3.5
36,2653,0.5
36,2659,3.0
36,2667,3.0
36,2675,4.0
36,2676,0.5
36,2679,4.0
36,2681,3.5
36,2694,4.5
36,2699,3.5
36,2705,3.5
36,2712,3.0
36,2718,1.5
36,2725,2.0
36,2730,5.0
36,2735,0.5
36,2741,2.5
36,2744,0.0
36,2747,4.5
36,2748,5.0
36,2752,2.5
36,2757,4.5
36,2767,2.0
36,2780,1.0
36,2785,0.0
36,2802,2.5
36,2803,1.5
36,2812,3.0
36,2813,1.5
36,2828,1.5
36,2849,2.0
36,2852,3.5
36,2858,5.0
36,2860,1.5
36,2864,1.5
36,2876,5.0
36,2885,4.5
36,2890,0.5
36,2902,2.5
36,2910,3.5
36,2912,2.5
36,2924,4.5
36,2932,4.0
36,2933,1.5
36,2936,2.5
36,2941,3.5
36,2951,0.5
36,2954,4.5
36,2960,2.5
36,2976,4.5
36,2977,5.0
36,2995,4.0
36,3014,4.5
36,3017,3.5
36,3026,4.0
36,3029,1.0
36,3036,3.5
36,3039,0.0
36,3044,1.0
36,3051,2.0
36,3052,1.5
36,3053,4.5
36,3054,4.0
36,3058,1.0
36,3078,1.5
36,3093,3.5
36,3102,4.0
36,3104,2.5
36,3108,4.5
36,3113,2.5
36,3116,5.0
36,3122,2.5
36,3131,4.5
36,3133,2.5
36,3134,1.0
36,3166,4.5
36,3179,3.0
36,3191,3.5
36,3194,3.0
36,3208,0.0
36,3209,2.0
36,3210,5.0
36,3215,2.0
36,3222,3.0
36,3226,0.5
36,3232,2.5
36,3239,3.0
36,3251,1.0
36,3258,0.5
36,3278,4.5
36,3284,5.0
36,3289,1.5
36,3297,0.0
36,3300,4.0
36,3305,0.5
36,3307,5.0
36,3319,0.0
36,3324,0.0
36,3327,2.5
36,3349,3.0
36,3356,0.0
36,3361,2.5
36,3367,4.0
36,3370,3.5
36,3383,2.0
36,3384,0.5
36,3389,3.5
36,3392,0.5
36,3396,3.5
36,3400,2.0
36,3402,3.0
36,3406,1.0
36,3413,4.5
36,3416,5.0
36,3418,5.0
36,3423,1.0
36,3445,0.5
36,3446,2.0
36,3447,4.5
36,3453,2.5
36,3470,3.0
36,3482,3.0
36,3487,5.0
36,3500,1.5
36,3507,2.5
36,3515,4.0
36,3521,4.0
36,3530,4.0
36,3542,3.0
36,3558,1.5
36,3580,0.0
36,3599,4.5
36,3605,0.5
36,3608,4.0
36,3627,4.5
36,3629,1.0
36,3634,1.0
36,3640,5.0
36,3646,0.5
36,3651,4.5
36,3658,5.0
36,3669,1.5
36,3675,1.5
36,3676,1.0
36,3693,1.5
36,3695,0.5
36,3701,4.0
36,3717,1.0
36,3730,3.5
36,3732,2.0
36,3741,4.5
36,3742,4.5
36,3753,2.0
36,3759,4.0
36,3761,0.0
36,3762,5.0
36,3766,3.0
36,3767,1.5
36,3770,1.0
36,3821,0.0
36,3823,1.0
36,3841,1.0
36,3843,5.0
36,3852,3.0
36,3856,1.5
36,3860,2.5
36,3861,1.5
36,3873,4.0
36,3884,3.0
36,3889,0.5
36,3895,1.5
36,3903,3.0
36,3907,4.5
36,3957,3.0
36,3960,1.5
36,3981,1.0
36,3987,4.5
36,3994,0.0
37,9,4.0
37,11,1.5
37,19,1.5
37,20,5.0
37,23,3.5
37,28,1.5
37,29,0.5
37,32,4.0
37,62,0.5
37,68,2.0
37,95,3.5
37,108,0.0
37,110,0.0
37,112,0.0
37,118,2.0
37,140,1.0
37,142,4.0
37,148,1.5
37,152,4.5
37,161,5.0
37,165,0.5
37,167,1.5
37,184,0.5
37,185,3.0
37,203,2.0
37,209,2.0
37,215,3.5
37,226,4.0
37,242,5.0
37,243,3.5
37,244,3.5
37,252,3.5
37,265,5.0
37,269,4.5
37,270,0.0
37,280,0.5
37,295,4.5
37,298,5.0
37,319,3.5
37,322,0.5
37,324,4.5
37,327,0.5
37,336,3.5
37,366,4.5
37,375,1.0
37,390,1.0
37,413,1.5
37,414,0.5
37,420,1.0
37,421,4.5
37,428,3.5
37,432,0.0
37,455,4.5
37,470,5.0
37,480,1.5
37,489,3.0
37,491,0.0
37,503,2.0
37,504,2.5
37,512,2.0
37,521,5.0
37,528,2.5
37,538,1.5
37,541,1.5
37,544,2.5
37,547,3.5
37,563,0.0
37,573,2.0
37,576,0.0
37,602,2.5
37,618,5.0
37,619,2.5
37,624,3.5
37,625,0.0
37,626,2.0
37,631,4.5
37,632,3.5
37,642,2.0
37,643,4.5
37,646,1.0
37,647,3.5
37,658,4.0
37,668,4.0
37,669,4.0
37,680,4.5
37,699,4.5
37,702,0.0
37,705,4.0
37,708,4.5
37,731,2.5
37,732,3.0
37,733,3.0
37,738,2.5
37,748,4.0
37,761,5.0
37,775,2.5
37,784,1.5
37,786,1.5
37,788,2.0
37,806,1.0
37,814,4.5
37,815,5.0
37,816,4.0
37,818,1.5
37,830,2.5
37,834,2.0
37,837,0.5
37,838,3.0
37,848,4.0
37,850,1.5
37,858,4.5
37,883,1.0
37,885,3.5
37,887,3.5
37,888,1.0
37,889,3.0
37,894,5.0
37,896,4.0
37,901,0.0
37,916,1.0
37,927,4.0
37,937,0.0
37,949,0.0
37,950,1.0
37,958,3.0
37,966,2.5
37,968,3.5
37,969,3.0
37,972,3.0
37,1002,0.0
37,1003,0.5
37,1004,4.0
37,1006,0.5
37,1019,2.0
37,1021,3.0
37,1028,2.0
37,1047,1.0
37,1062,0.0
37,1071,0.5
37,1100,4.5
37,1101,3.5
37,1105,5.0
37,1111,4.0
37,1132,3.5
37,1145,3.5
37,1146,1.0
37,1150,2.5
37,1159,1.5
37,1161,1.0
37,1166,4.5
37,1180,5.0
37,1191,2.0
37,1208,2.5
37,1213,2.5
37,1215,0.5
37,1219,4.5
37,1235,4.0
37,1245,3.5
37,1249,3.5
37,1274,3.5
37,1280,1.5
37,1282,2.5
37,1292,2.0
37,1313,3.0
37,1315,3.0
37,1320,4.0
37,1328,5.0
37,1333,2.5
37,1342,0.0
37,1346,2.0
37,1352,1.5
37,1371,0.5
37,1379,3.0
37,1389,5.0
37,1395,1.0
37,1401,1.0
37,1402,3.0
37,1405,4.0
37,1408,1.5
37,1416,0.0
37,1421,2.0
37,1423,4.0
37,1427,3.5
37,1442,4.5
37,1480,1.0
37,1483,4.5
37,1491,3.0
37,1506,3.0
37,1512,2.5
37,1516,3.0
37,1520,3.0
37,1529,0.5
37,1532,5.0
37,1538,4.5
37,1540,3.5
37,1583,3.0
37,1615,2.0
37,1624,3.0
37,1630,4.0
37,1635,0.5
37,1653,3.0
37,1659,3.5
37,1693,3.5
37,1696,2.5
37,1698,3.0
37,1699,0.5
37,1710,3.5
37,1716,5.0
37,1717,5.0
37,1722,1.5
37,1724,0.0
37,1737,4.5
37,1738,1.0
37,1741,0.0
37,1745,5.0
37,1751,0.0
37,1754,3.0
37,1763,1.5
37,1764,1.5
37,1766,0.0
37,1783,3.5
37,1791,3.5
37,1794,3.0
37,1800,1.0
37,1816,3.0
37,1819,0.5
37,1832,4.0
37,1842,2.0
37,1847,4.5
37,1850,0.0
37,1855,2.0
37,1859,4.0
37,1872,0.5
37,1874,3.5
37,1878,2.0
37,1880,5.0
37,1887,5.0
37,1913,0.0
37,1918,5.0
37,1920,5.0
37,1921,2.5
37,1928,3.5
37,1954,1.5
37,1960,5.0
37,1969,0.0
37,1970,3.0
37,1971,2.5
37,1980,3.5
37,1988,1.0
37,1991,4.0
37,2020,0.0
37,2062,0.5
37,2078,0.0
37,2083,5.0
37,2087,2.0
37,2095,1.0
37,2104,4.0
37,2109,5.0
37,2117,4.0
37,2118,3.5
37,2119,1.5
37,2134,5.0
37,2135,5.0
37,2163,2.0
37,2173,1.5
37,2179,3.5
37,2189,3.5
37,2190,4.0
37,2199,5.0
37,2222,1.5
37,2224,0.5
37,2251,2.0
37,2254,2.0
37,2261,3.0
37,2267,1.5
37,2272,2.0
37,2275,4.0
37,2281,3.5
37,2285,5.0
37,2289,2.0
37,2294,3.5
37,2298,0.0
37,2304,4.0
37,2310,4.5
37,2317,2.5
37,2329,1.0
37,2334,3.5
37,2337,4.0
37,2343,3.0
37,2359,4.0
37,2363,0.0
37,2368,5.0
37,2411,0.5
37,2417,0.5
37,2432,1.5
37,2436,4.5
37,2469,3.0
37,2476,4.5
37,2482,0.0
37,2496,2.5
37,2503,2.5
37,2541,2.0
37,2543,3.0
37,2553,1.0
37,2559,4.0
37,2589,4.0
37,2596,3.5
37,2601,0.5
37,2604,2.5
37,2614,4.5
37,2619,4.0
37,2623,2.0
37,2624,0.5
37,2625,4.5
37,2633,1.5
37,2636,1.0
37,2650,3.0
37,2653,3.5
37,2659,4.0
37,2675,1.0
37,2676,1.5
37,2681,0.0
37,2688,2.0
37,2694,5.0
37,2697,3.0
37,2698,5.0
37,2700,3.0
37,2705,0.0
37,2748,2.0
37,2757,0.5
37,2767,1.0
37,2779,1.5
37,2780,4.0
37,2781,2.5
37,2804,2.5
37,2812,3.0
37,2825,2.0
37,2858,2.5
37,2866,1.0
37,2877,0.0
37,2890,3.0
37,2916,4.0
37,2941,3.0
37,2951,2.0
37,2958,2.5
37,2960,2.0
37,2970,0.0
37,2975,1.5
37,2981,3.0
37,2995,0.5
37,3002,0.5
37,3008,4.5
37,3017,3.0
37,3041,3.0
37,3042,4.5
37,3043,2.5
37,3047,0.0
37,3050,1.0
37,3052,0.0
37,3053,4.0
37,3072,1.0
37,3078,2.5
37,3093,2.5
37,3101,3.5
37,3102,1.5
37,3106,3.5
37,3117,1.5
37,3126,4.5
37,3128,3.5
37,3133,4.5
37,3134,1.0
37,3142,2.0
37,3146,2.5
37,3147,1.0
37,3155,4.5
37,3158,3.5
37,3162,3.5
37,3166,2.5
37,3167,1.5
37,3168,1.5
37,3184,3.5
37,3194,4.0
37,3206,3.0
37,3232,1.0
37,3239,1.5
37,3247,2.5
37,3251,4.5
37,3252,4.5
37,3256,2.5
37,3259,3.0
37,3263,4.0
37,3267,2.0
37,3272,1.0
37,3275,4.0
37,3280,2.0
37,3282,4.0
37,3284,5.0
37,3289,4.0
37,3305,3.5
37,3307,2.5
37,3311,3.0
37,3322,4.5
37,3323,0.0
37,3327,0.5
37,3328,5.0
37,3335,4.0
37,3347,3.0
37,3350,0.5
37,3355,1.0
37,3356,3.0
37,3361,3.5
37,3375,3.0
37,3376,0.5
37,3384,1.0
37,3389,5.0
37,3392,5.0
37,3393,3.5
37,3396,4.5
37,3400,3.0
37,3401,1.5
37,3410,1.5
37,3413,2.0
37,3416,5.0
37,3418,2.5
37,3446,2.0
37,3447,3.5
37,3458,4.0
37,3470,1.0
37,3482,5.0
37,3487,0.0
37,3495,5.0
37,3500,1.5
37,3503,0.5
37,3507,0.0
37,3515,3.0
37,3523,2.5
37,3527,4.0
37,3532,5.0
37,3533,5.0
37,3539,4.5
37,3548,4.5
37,3554,3.5
37,3555,0.0
37,3566,4.0
37,3581,4.0
37,3605,2.5
37,3608,0.5
37,3610,2.0
37,3619,5.0
37,3622,1.0
37,3624,5.0
37,3627,2.5
37,3634,0.5
37,3639,0.5
37,3647,1.5
37,3651,5.0
37,3657,1.0
37,3658,0.5
37,3669,1.5
37,3675,1.5
37,3676,4.5
37,3683,4.0
37,3693,2.0
37,3695,4.5
37,3703,3.5
37,3730,0.5
37,3739,2.5
37,3740,4.0
37,3747,1.5
37,3766,5.0
37,3770,4.5
37,3773,3.5
37,3792,3.0
37,3812,5.0
37,3821,3.5
37,3823,1.0
37,3826,3.0
37,3836,5.0
37,3860,2.5
37,3881,1.0
37,3882,4.0
37,3889,4.0
37,3891,1.0
37,3895,1.0
37,3903,5.0
37,3918,2.5
37,3951,5.0
37,3957,4.5
37,3981,3.0
37,3982,0.0
37,3986,3.0
37,3994,2.0
38,11,2.0
38,20,0.0
38,28,3.5
38,34,2.5
38,63,0.0
38,68,2.0
38,70,1.0
38,76,4.5
38,81,0.5
38,86,0.0
38,87,5.0
38,105,4.0
38,107,0.0
38,110,4.5
38,115,0.0
38,133,2.0
38,140,0.5
38,142,4.0
38,143,3.0
38,149,4.0
38,152,4.5
38,161,0.0
38,165,4.5
38,171,1.5
38,195,2.0
38,199,3.5
38,207,2.0
38,226,1.5
38,235,2.0
38,241,0.0
38,248,4.5
38,252,1.5
38,265,0.5
38,266,2.0
38,270,0.0
38,273,3.0
38,274,3.5
38,277,3.0
38,297,0.0
38,324,2.0
38,347,3.0
38,353,4.5
38,362,4.5
38,366,5.0
38,371,1.5
38,373,4.5
38,377,1.0
38,385,1.0
38,389,2.5
38,400,0.0
38,401,5.0
38,413,5.0
38,414,4.0
38,425,0.5
38,432,4.0
38,437,3.5
38,444,4.0
38,454,1.0
38,457,2.0
38,458,3.0
38,465,2.0
38,466,0.0
38,470,1.0
38,476,0.5
38,478,4.5
38,480,1.0
38,491,0.0
38,504,1.0
38,528,4.5
38,534,0.5
38,541,1.0
38,547,3.5
38,563,2.0
38,566,3.0
38,569,2.5
38,576,0.0
38,582,0.0
38,598,2.0
38,618,2.0
38,633,2.0
38,636,0.5
38,642,1.0
38,643,0.5
38,647,2.5
38,658,0.5
38,668,5.0
38,669,1.0
38,679,2.5
38,680,5.0
38,681,5.0
38,682,0.5
38,697,5.0
38,702,3.0
38,705,2.0
38,727,1.5
38,729,2.5
38,731,1.5
38,732,2.0
38,733,4.0
38,736,3.0
38,739,2.0
38,748,0.0
38,749,5.0
38,751,1.0
38,755,3.5
38,761,1.0
38,764,5.0
38,768,0.5
38,780,2.5
38,788,4.0
38,789,5.0
38,795,5.0
38,806,4.5
38,818,0.0
38,831,1.0
38,834,3.0
38,837,4.5
38,838,3.5
38,848,1.5
38,850,0.5
38,851,3.5
38,859,3.5
38,872,2.5
38,873,1.0
38,876,0.0
38,883,0.0
38,884,3.5
38,885,2.0
38,886,5.0
38,887,1.0
38,896,4.5
38,904,2.5
38,911,2.5
38,916,5.0
38,920,5.0
38,924,0.5
38,930,5.0
38,939,1.0
38,941,4.5
38,946,0.5
38,949,3.0
38,966,2.0
38,967,4.0
38,968,2.0
38,972,3.0
38,983,0.0
38,1002,2.0
38,1003,3.5
38,1025,0.5
38,1028,2.0
38,1035,2.0
38,1057,0.5
38,1058,4.5
38,1062,3.0
38,1068,5.0
38,1071,1.0
38,1076,0.5
38,1086,5.0
38,1087,1.5
38,1091,4.0
38,1100,2.0
38,1101,1.5
38,1110,3.0
38,1111,2.5
38,1114,3.0
38,1132,5.0
38,1137,4.5
38,1145,5.0
38,1150,1.5
38,1180,5.0
38,1183,1.0
38,1203,0.0
38,1210,4.0
38,1219,1.0
38,1223,2.5
38,1226,1.5
38,1235,5.0
38,1249,0.0
38,1250,4.5
38,1264,3.5
38,1269,0.5
38,1274,4.5
38,1278,0.5
38,1282,1.5
38,1284,3.5
38,1286,1.5
38,1291,5.0
38,1293,3.5
38,1302,4.5
38,1309,2.5
38,1313,3.0
38,1328,4.0
38,1329,3.5
38,1333,1.5
38,1334,3.5
38,1346,2.5
38,1371,1.0
38,1379,1.5
38,1386,2.0
38,1387,1.0
38,1395,3.5
38,1402,4.5
38,1405,4.0
38,1410,0.5
38,1416,1.0
38,1421,1.0
38,1427,4.5
38,1433,3.0
38,1437,2.5
38,1444,3.0
38,1446,3.5
38,1447,3.0
38,1455,4.0
38,1463,1.5
38,1467,0.0
38,1475,0.5
38,1491,0.5
38,1500,3.5
38,1512,3.0
38,1514,2.5
38,1518,0.0
38,1520,4.0
38,1523,0.0
38,1529,5.0
38,1532,1.5
38,1539,4.0
38,1540,4.5
38,1547,5.0
38,1562,2.0
38,1583,2.5
38,1585,1.5
38,1609,2.0
38,1615,2.5
38,1616,2.5
38,1628,2.5
38,1630,2.5
38,1632,0.5
38,1639,1.5
38,1649,0.0
38,1654,5.0
38,1663,2.0
38,1676,2.0
38,1681,3.0
38,1688,3.5
38,1698,3.5
38,1699,2.0
38,1701,4.0
38,1722,1.0
38,1724,4.0
38,1727,2.5
38,1738,1.5
38,1740,4.0
38,1750,4.5
38,1751,1.0
38,1758,1.0
38,1760,5.0
38,1764,2.0
38,1771,5.0
38,1791,3.0
38,1794,2.0
38,1800,4.0
38,1815,2.0
38,1816,2.0
38,1818,0.0
38,1833,0.5
38,1838,5.0
38,1846,3.0
38,1847,2.5
38,1850,2.5
38,1855,2.0
38,1859,2.5
38,1866,2.0
38,1870,2.0
38,1872,1.0
38,1880,3.5
38,1894,2.5
38,1909,0.0
38,1913,5.0
38,1918,3.0
38,1921,3.0
38,1940,0.0
38,1949,1.0
38,1951,4.5
38,1954,3.5
38,1959,5.0
38,1963,1.5
38,1967,2.5
38,1969,2.0
38,1997,0.5
38,2011,3.5
38,2023,4.5
38,2028,0.0
38,2043,5.0
38,2059,2.0
38,2060,2.0
38,2069,2.5
38,2071,4.5
38,2081,1.5
38,2083,1.5
38,2087,4.0
38,2095,4.0
38,2096,1.5
38,2099,1.0
38,2102,5.0
38,2104,3.5
38,2105,2.5
38,2109,0.0
38,2117,4.5
38,2144,0.0
38,2146,0.5
38,2163,1.5
38,2173,0.5
38,2187,4.5
38,2189,3.0
38,2218,4.5
38,2222,1.5
38,2231,5.0
38,2240,4.0
38,2251,0.0
38,2254,4.0
38,2257,4.5
38,2264,5.0
38,2272,2.5
38,2276,0.0
38,2278,1.5
38,2281,2.5
38,2288,1.0
38,2297,3.0
38,2304,4.5
38,2306,5.0
38,2314,4.5
38,2319,0.5
38,2334,1.5
38,2337,0.5
38,2343,3.5
38,2346,0.0
38,2348,2.5
38,2353,5.0
38,2382,0.5
38,2387,3.0
38,2403,0.5
38,2409,3.5
38,2411,5.0
38,2416,1.5
38,2425,2.0
38,2431,4.0
38,2432,0.5
38,2436,4.0
38,2438,3.5
38,2452,3.5
38,2469,2.0
38,2470,5.0
38,2471,2.0
38,2476,1.0
38,2482,0.0
38,2492,3.5
38,2497,0.0
38,2499,3.5
38,2508,2.0
38,2525,0.0
38,2556,2.5
38,2563,3.5
38,2566,1.0
38,2574,3.5
38,2588,4.5
38,2592,0.5
38,2595,4.5
38,2601,3.5
38,2612,5.0
38,2623,0.0
38,2624,5.0
38,2626,0.5
38,2633,2.0
38,2637,3.5
38,2638,0.0
38,2659,2.5
38,2676,1.0
38,2688,4.5
38,2697,1.5
38,2699,4.5
38,2718,0.0
38,2725,0.0
38,2730,0.0
38,2735,5.0
38,2743,3.0
38,2748,0.0
38,2752,1.0
38,2757,4.5
38,2761,1.5
38,2780,5.0
38,2794,2.0
38,2802,4.5
38,2803,4.5
38,2809,0.0
38,2812,2.0
38,2825,2.5
38,2834,2.5
38,2852,1.0
38,2858,2.5
38,2864,4.0
38,2866,4.5
38,2877,4.0
38,2890,3.0
38,2902,3.0
38,2914,0.5
38,2916,3.5
38,2932,0.5
38,2933,3.0
38,2934,4.0
38,2936,0.0
38,2953,2.0
38,2954,1.0
38,2960,5.0
38,2975,1.5
38,2977,5.0
38,2981,0.0
38,2989,5.0
38,2992,3.0
38,3008,3.5
38,3016,3.5
38,3029,4.5
38,3036,5.0
38,3041,3.5
38,3044,4.5
38,3046,4.5
38,3052,2.0
38,3055,0.0
38,3058,4.5
38,3072,3.0
38,3074,2.5
38,3076,2.5
38,3078,3.5
38,3093,3.5
38,3101,3.5
38,3106,3.0
38,3108,0.0
38,3116,0.0
38,3121,0.5
38,3125,4.5
38,3128,0.0
38,3131,0.0
38,3133,2.5
38,3134,2.5
38,3138,3.0
38,3142,1.5
38,3146,0.5
38,3168,3.5
38,3169,1.5
38,3179,1.5
38,3184,5.0
38,3198,4.0
38,3203,0.0
38,3206,5.0
38,3208,0.5
38,3209,0.0
38,3215,3.5
38,3222,3.5
38,3226,3.5
38,3231,1.5
38,3239,3.5
38,3251,1.0
38,3252,2.5
38,3255,2.0
38,3258,0.5
38,3262,0.0
38,3263,0.5
38,3272,2.5
38,3282,4.5
38,3289,4.0
38,3297,3.0
38,3298,5.0
38,3300,3.5
38,3310,0.0
38,3311,1.0
38,3313,3.5
38,3316,2.5
38,3322,4.0
38,3323,1.0
38,3324,0.5
38,3325,0.0
38,3327,2.5
38,3348,0.5
38,3350,4.0
38,3367,3.0
38,3375,2.0
38,3376,0.5
38,3383,3.0
38,3389,2.0
38,3400,3.5
38,3410,5.0
38,3418,4.5
38,3428,2.0
38,3453,3.0
38,3455,2.5
38,3458,1.5
38,3495,3.5
38,3510,1.0
38,3521,2.0
38,3530,4.0
38,3532,1.5
38,3539,1.0
38,3542,5.0
38,3548,1.0
38,3554,0.0
38,3563,1.5
38,3581,3.5
38,3587,1.5
38,3592,5.0
38,3599,3.0
38,3608,3.5
38,3619,0.5
38,3622,3.0
38,3624,1.0
38,3629,0.5
38,3647,4.5
38,3651,2.5
38,3658,3.0
38,3659,0.0
38,3667,0.5
38,3676,1.0
38,3693,1.0
38,3695,5.0
38,3701,0.0
38,3732,3.5
38,3739,5.0
38,3740,1.0
38,3742,0.5
38,3744,0.5
38,3750,1.0
38,3756,4.5
38,3761,1.5
38,3766,2.0
38,3770,3.5
38,3773,3.0
38,3797,3.0
38,3812,2.5
38,3823,3.0
38,3826,4.5
38,3856,0.5
38,3860,3.5
38,3871,1.5
38,3875,2.5
38,3884,3.0
38,3894,3.5
38,3895,0.5
38,3907,5.0
38,3911,2.0
38,3918,5.0
38,3951,1.0
38,3970,4.0
38,3982,4.0
38,3983,0.5
38,3986,2.5
38,3994,4.5
38,3997,2.5
39,4,1.0
39,23,2.0
39,26,3.0
39,29,3.0
39,34,4.5
39,44,0.5
39,49,3.0
39,55,3.0
39,62,0.0
39,64,2.5
39,70,1.0
39,76,3.5
39,81,4.5
39,87,2.5
39,95,3.5
39,105,0.0
39,110,2.5
39,115,2.0
39,124,0.0
39,140,5.0
39,142,3.5
39,148,3.5
39,152,4.0
39,171,0.5
39,185,2.0
39,190,0.5
39,233,1.0
39,235,2.0
39,243,0.5
39,248,5.0
39,252,0.5
39,266,3.0
39,273,3.0
39,274,4.5
39,277,3.5
39,280,2.5
39,288,2.5
39,297,5.0
39,303,4.5
39,322,0.0
39,324,0.5
39,327,4.5
39,336,4.0
39,346,5.0
39,349,1.5
39,358,3.0
39,371,4.0
39,377,3.5
39,385,4.5
39,389,3.5
39,390,0.5
39,400,3.0
39,401,3.0
39,413,4.5
39,421,1.5
39,425,1.5
39,437,0.0
39,443,0.0
39,451,0.5
39,454,2.0
39,455,2.0
39,457,3.0
39,466,1.5
39,470,3.0
39,480,5.0
39,482,0.5
39,489,4.5
39,491,4.0
39,492,3.0
39,509,3.0
39,512,3.0
39,521,3.0
39,525,3.5
39,528,4.5
39,540,2.5
39,547,5.0
39,551,3.0
39,562,4.5
39,563,0.0
39,566,0.5
39,573,4.5
39,576,4.0
39,596,2.5
39,602,2.0
39,606,5.0
39,612,0.5
39,618,5.0
39,619,5.0
39,622,3.0
39,625,4.0
39,631,3.5
39,633,2.5
39,637,3.0
39,646,4.5
39,647,1.0
39,651,3.0
39,658,0.0
39,668,1.0
39,669,4.0
39,679,0.0
39,685,0.0
39,716,2.5
39,732,2.5
39,737,0.5
39,738,0.0
39,751,1.0
39,754,4.0
39,762,4.0
39,768,3.5
39,788,2.5
39,789,0.0
39,800,5.0
39,816,2.5
39,818,4.5
39,830,2.0
39,831,0.5
39,834,0.5
39,837,2.5
39,838,4.5
39,846,5.0
39,858,0.5
39,859,2.5
39,872,0.0
39,873,1.0
39,876,1.5
39,879,3.0
39,880,3.0
39,886,3.0
39,887,3.0
39,894,4.5
39,904,4.5
39,911,4.5
39,916,1.0
39,924,2.5
39,927,0.5
39,955,0.5
39,958,1.5
39,968,4.0
39,1002,3.5
39,1003,3.0
39,1004,4.5
39,1005,3.0
39,1008,3.5
39,1018,4.0
39,1047,2.0
39,1058,5.0
39,1068,2.5
39,1086,5.0
39,1091,0.0
39,1101,2.5
39,1111,1.5
39,1112,3.5
39,1114,3.0
39,1122,3.5
39,1129,0.0
39,1137,3.0
39,1145,5.0
39,1166,1.5
39,1180,1.0
39,1194,4.0
39,1197,3.5
39,1203,2.0
39,1210,3.5
39,1223,2.0
39,1226,0.0
39,1240,2.0
39,1245,4.0
39,1249,1.5
39,1253,3.0
39,1258,1.5
39,1264,0.5
39,1280,4.5
39,1282,2.0
39,1284,3.5
39,1286,3.0
39,1291,0.5
39,1315,4.5
39,1316,0.5
39,1320,3.5
39,1328,3.5
39,1333,4.5
39,1334,5.0
39,1342,5.0
39,1346,0.5
39,1351,0.0
39,1366,1.5
39,1371,0.0
39,1373,3.0
39,1386,0.5
39,1395,2.5
39,1402,0.5
39,1405,4.5
39,1416,5.0
39,1421,0.0
39,1429,4.5
39,1431,4.5
39,1437,0.0
39,1442,0.0
39,1444,1.5
39,1447,5.0
39,1467,2.5
39,1483,4.0
39,1491,4.5
39,1500,3.5
39,1514,3.5
39,1515,1.0
39,1516,4.5
39,1518,3.5
39,1529,3.0
39,1531,2.0
39,1532,1.5
39,1544,2.5
39,1574,0.5
39,1585,2.5
39,1602,0.5
39,1608,1.5
39,1609,4.5
39,1616,1.5
39,1622,3.0
39,1628,0.5
39,1630,2.0
39,1632,0.0
39,1635,0.0
39,1638,3.5
39,1643,2.5
39,1666,4.0
39,1676,0.5
39,1681,4.5
39,1682,2.5
39,1694,0.5
39,1696,1.5
39,1703,4.5
39,1711,4.5
39,1717,4.0
39,1722,2.5
39,1734,0.5
39,1735,2.0
39,1738,3.0
39,1740,1.5
39,1741,3.0
39,1745,3.0
39,1751,3.0
39,1754,5.0
39,1758,2.0
39,1763,1.0
39,1764,3.5
39,1766,5.0
39,1776,1.5
39,1782,1.5
39,1794,0.0
39,1800,3.0
39,1808,5.0
39,1817,2.5
39,1818,3.0
39,1820,3.0
39,1838,4.5
39,1841,0.0
39,1842,2.0
39,1846,1.0
39,1849,0.5
39,1855,4.0
39,1865,3.5
39,1866,1.0
39,1874,0.0
39,1909,4.5
39,1918,0.0
39,1920,2.0
39,1936,1.0
39,1939,4.0
39,1951,3.5
39,1954,4.5
39,1959,1.0
39,1967,2.0
39,1969,2.5
39,1971,1.5
39,1980,5.0
39,1995,4.5
39,1996,4.5
39,2020,2.5
39,2030,3.5
39,2036,0.5
39,2040,3.5
39,2043,3.5
39,2044,5.0
39,2055,2.5
39,2056,3.0
39,2062,5.0
39,2067,4.5
39,2080,0.0
39,2081,4.0
39,2087,5.0
39,2096,0.0
39,2109,2.0
39,2117,2.0
39,2142,4.5
39,2143,4.5
39,2144,3.5
39,2146,4.5
39,2163,4.0
39,2165,1.0
39,2166,3.5
39,2173,0.0
39,2190,0.5
39,2199,5.0
39,2202,5.0
39,2209,2.0
39,2218,0.5
39,2220,2.5
39,2224,5.0
39,2228,0.0
39,2231,2.0
39,2232,3.0
39,2246,3.5
39,2261,0.0
39,2264,4.0
39,2266,5.0
39,2267,2.0
39,2272,0.5
39,2273,4.5
39,2275,1.0
39,2285,4.0
39,2288,2.0
39,2294,3.5
39,2297,3.0
39,2304,1.0
39,2306,2.5
39,2308,4.5
39,2320,0.5
39,2329,3.5
39,2334,1.0
39,2337,1.5
39,2346,0.5
39,2358,2.5
39,2359,3.5
39,2367,3.0
39,2385,4.0
39,2394,1.0
39,2411,4.0
39,2416,5.0
39,2431,3.0
39,2432,2.5
39,2436,0.0
39,2438,2.5
39,2444,5.0
39,2446,0.0
39,2452,2.5
39,2456,4.0
39,2471,3.0
39,2472,1.0
39,2493,5.0
39,2496,3.5
39,2499,1.0
39,2512,1.5
39,2514,5.0
39,2525,1.0
39,2541,0.5
39,2543,2.0
39,2553,3.0
39,2559,1.0
39,2566,2.0
39,2574,3.5
39,2577,1.5
39,2592,1.5
39,2595,3.0
39,2596,3.5
39,2612,3.5
39,2616,3.0
39,2625,2.5
39,2636,4.0
39,2637,2.5
39,2649,4.5
39,2659,5.0
39,2675,4.0
39,2676,2.5
39,2681,5.0
39,2682,3.0
39,2694,0.5
39,2699,3.0
39,2700,3.0
39,2712,2.0
39,2725,1.0
39,2730,1.5
39,2743,4.0
39,2744,4.0
39,2747,0.5
39,2752,1.0
39,2755,2.0
39,2757,3.0
39,2758,5.0
39,2763,2.0
39,2767,1.0
39,2779,1.5
39,2802,5.0
39,2804,5.0
39,2818,3.0
39,2828,5.0
39,2829,1.0
39,2834,1.0
39,2837,0.5
39,2842,4.5
39,2849,3.5
39,2860,1.0
39,2864,0.0
39,2876,1.0
39,2877,4.0
39,2885,0.0
39,2893,0.5
39,2910,5.0
39,2912,4.5
39,2916,1.5
39,2919,1.5
39,2924,0.0
39,2933,0.5
39,2934,5.0
39,2941,4.5
39,2951,0.5
39,2953,4.5
39,2954,3.0
39,2955,1.5
39,2958,4.0
39,2960,5.0
39,2962,3.0
39,2975,1.5
39,2981,0.5
39,2989,5.0
39,2992,1.5
39,2995,3.5
39,3002,2.0
39,3014,4.0
39,3017,1.0
39,3039,5.0
39,3041,5.0
39,3043,3.5
39,3046,0.5
39,3051,3.0
39,3053,3.5
39,3072,4.0
39,3076,3.5
39,3078,1.0
39,3093,4.0
39,3101,2.0
39,3102,2.0
39,3104,0.5
39,3106,1.0
39,3114,2.0
39,3116,2.0
39,3117,1.5
39,3119,0.0
39,3125,3.5
39,3126,2.0
39,3131,1.5
39,3138,2.5
39,3146,1.5
39,3147,4.0
39,3154,1.0
39,3155,1.0
39,3167,0.0
39,3201,1.0
39,3203,1.5
39,3210,3.0
39,3222,5.0
39,3224,0.0
39,3231,4.0
39,3232,5.0
39,3237,2.0
39,3239,2.0
39,3252,5.0
39,3256,0.0
39,3258,4.0
39,3259,4.0
39,3262,4.0
39,3265,0.5
39,3272,1.5
39,3305,3.0
39,3316,1.5
39,3319,3.0
39,3322,3.0
39,3328,0.0
39,3347,2.5
39,3348,3.0
39,3350,4.5
39,3365,3.0
39,3375,2.5
39,3384,2.0
39,3386,5.0
39,3389,4.0
39,3393,4.5
39,3396,3.5
39,3414,2.0
39,3423,0.0
39,3428,1.5
39,3445,4.0
39,3455,1.0
39,3458,1.5
39,3465,4.5
39,3470,1.5
39,3503,2.0
39,3509,5.0
39,3510,4.0
39,3515,0.5
39,3521,5.0
39,3523,1.0
39,3530,1.5
39,3532,1.0
39,3533,3.5
39,3540,0.0
39,3542,4.5
39,3548,2.5
39,3554,0.0
39,3558,4.0
39,3568,5.0
39,3605,1.0
39,3608,2.0
39,3624,4.5
39,3627,2.0
39,3634,0.5
39,3639,4.5
39,3640,4.5
39,3643,1.5
39,3646,1.5
39,3657,1.5
39,3658,3.0
39,3669,1.5
39,3675,3.5
39,3676,0.5
39,3683,1.0
39,3701,1.0
39,3703,2.0
39,3730,5.0
39,3735,0.0
39,3739,0.0
39,3741,3.5
39,3742,0.5
39,3744,4.0
39,3753,0.0
39,3761,3.0
39,3762,3.5
39,3766,5.0
39,3770,2.5
39,3781,2.0
39,3797,4.0
39,3821,4.0
39,3826,2.5
39,3860,5.0
39,3861,4.5
39,3867,3.5
39,3871,0.0
39,3873,0.0
39,3881,4.5
39,3889,2.5
39,3895,3.5
39,3903,4.0
39,3906,0.0
39,3918,1.5
39,3951,0.0
39,3957,4.5
39,3970,4.0
39,3983,1.0
39,3986,3.5
40,9,4.5
40,19,3.0
40,23,2.5
40,29,5.0
40,32,4.0
40,36,0.5
40,42,4.0
40,55,4.0
40,62,4.0
40,63,0.0
40,64,4.5
40,68,2.5
40,86,2.5
40,90,0.5
40,108,3.5
40,116,1.5
40,124,2.0
40,133,2.0
40,140,1.0
40,142,2.0
40,143,1.0
40,148,2.5
40,149,4.5
40,161,1.5
40,171,5.0
40,184,3.0
40,185,3.0
40,195,1.0
40,199,1.0
40,215,2.5
40,241,3.5
40,243,0.0
40,248,4.5
40,256,0.5
40,266,3.5
40,270,4.5
40,273,1.5
40,274,3.5
40,275,2.5
40,280,1.5
40,288,2.0
40,298,3.5
40,303,0.0
40,327,3.0
40,336,4.5
40,347,2.5
40,349,2.5
40,358,1.5
40,371,3.0
40,377,4.5
40,390,0.0
40,401,2.5
40,404,1.5
40,409,5.0
40,411,3.0
40,413,5.0
40,414,2.0
40,455,2.0
40,459,0.5
40,465,1.5
40,466,1.0
40,477,5.0
40,478,0.0
40,480,4.5
40,484,1.5
40,491,3.5
40,495,0.5
40,503,2.0
40,504,3.5
40,517,2.0
40,528,2.5
40,534,3.5
40,538,1.5
40,540,4.5
40,547,1.5
40,551,5.0
40,562,5.0
40,582,2.5
40,598,1.0
40,600,1.5
40,616,4.5
40,618,0.5
40,625,0.0
40,631,0.5
40,632,4.0
40,642,3.5
40,643,1.0
40,647,0.5
40,651,4.5
40,658,3.0
40,673,1.0
40,677,0.5
40,679,1.0
40,680,4.5
40,708,0.5
40,727,0.0
40,729,3.0
40,731,4.5
40,739,1.0
40,744,2.0
40,748,0.5
40,751,0.0
40,755,1.0
40,762,0.5
40,778,0.5
40,786,0.5
40,788,2.0
40,802,2.0
40,816,4.5
40,818,5.0
40,819,2.0
40,824,1.5
40,831,3.0
40,837,4.5
40,848,1.0
40,851,5.0
40,858,3.0
40,876,5.0
40,879,5.0
40,880,4.0
40,884,0.5
40,886,2.0
40,887,1.0
40,889,3.0
40,901,1.5
40,904,0.5
40,919,0.0
40,920,3.0
40,924,0.0
40,930,1.5
40,939,4.0
40,946,5.0
40,950,4.0
40,968,1.5
40,972,3.0
40,976,4.0
40,977,0.5
40,987,2.0
40,1002,1.0
40,1004,2.0
40,1005,0.0
40,1006,0.0
40,1008,2.5
40,1018,0.5
40,1019,2.5
40,1021,3.5
40,1025,1.5
40,1041,5.0
40,1049,1.0
40,1068,3.0
40,1071,0.5
40,1082,1.0
40,1087,1.0
40,1091,4.0
40,1100,4.5
40,1101,4.0
40,1105,4.0
40,1111,0.5
40,1112,5.0
40,1114,3.5
40,1122,2.0
40,1129,4.0
40,1137,2.0
40,1145,2.5
40,1146,3.0
40,1161,1.0
40,1162,0.5
40,1171,3.0
40,1191,5.0
40,1197,1.5
40,1198,2.0
40,1203,5.0
40,1204,4.5
40,1206,1.0
40,1215,2.0
40,1218,1.5
40,1219,4.0
40,1228,5.0
40,1235,0.5
40,1240,2.5
40,1251,4.5
40,1253,3.5
40,1261,5.0
40,1264,3.0
40,1269,0.0
40,1278,1.0
40,1284,0.0
40,1286,0.5
40,1292,3.5
40,1302,4.5
40,1308,2.5
40,1316,1.5
40,1328,1.0
40,1329,3.0
40,1333,3.5
40,1342,4.5
40,1346,4.5
40,1358,4.0
40,1366,2.0
40,1371,3.5
40,1373,5.0
40,1376,1.5
40,1389,2.5
40,1402,0.5
40,1408,3.0
40,1412,2.0
40,1421,2.0
40,1427,3.0
40,1429,3.5
40,1431,3.5
40,1433,4.5
40,1446,4.0
40,1467,0.0
40,1475,3.5
40,1480,5.0
40,1506,3.0
40,1512,4.5
40,1518,0.5
40,1520,5.0
40,1523,1.5
40,1529,4.5
40,1532,2.0
40,1539,3.0
40,1540,2.5
40,1542,1.5
40,1583,0.0
40,1588,4.5
40,1589,3.5
40,1608,1.5
40,1609,0.5
40,1610,3.0
40,1615,3.5
40,1616,4.0
40,1624,5.0
40,1627,0.5
40,1628,3.5
40,1635,2.0
40,1638,2.5
40,1643,1.5
40,1647,3.0
40,1649,3.0
40,1653,0.0
40,1654,4.0
40,1676,2.5
40,1696,4.0
40,1698,1.5
40,1701,3.5
40,1703,2.0
40,1735,1.0
40,1737,4.5
40,1745,1.0
40,1751,0.0
40,1754,1.5
40,1763,3.0
40,1764,3.0
40,1770,3.5
40,1776,3.0
40,1779,1.0
40,1781,4.0
40,1782,4.0
40,1791,4.0
40,1794,2.0
40,1802,1.0
40,1813,5.0
40,1817,0.5
40,1819,4.0
40,1820,5.0
40,1832,4.0
40,1838,2.5
40,1847,3.5
40,1865,0.0
40,1872,0.0
40,1894,0.0
40,1900,3.0
40,1909,0.0
40,1920,1.0
40,1921,3.0
40,1928,4.5
40,1939,3.0
40,1940,4.5
40,1951,1.5
40,1971,3.5
40,1991,3.0
40,2011,3.0
40,2018,2.5
40,2023,1.5
40,2025,2.5
40,2028,5.0
40,2032,2.0
40,2036,2.5
40,2043,1.5
40,2055,3.0
40,2056,4.0
40,2060,3.0
40,2078,0.5
40,2080,1.0
40,2081,2.5
40,2095,3.0
40,2099,5.0
40,2102,3.5
40,2104,2.5
40,2105,4.5
40,2109,3.0
40,2118,3.0
40,2134,3.0
40,2135,1.0
40,2160,3.0
40,2163,2.0
40,2165,2.5
40,2166,4.5
40,2173,2.0
40,2174,3.0
40,2179,3.0
40,2181,5.0
40,2190,0.0
40,2195,2.5
40,2199,4.5
40,2202,4.5
40,2209,1.5
40,2216,4.0
40,2242,0.0
40,2246,3.0
40,2251,2.5
40,2254,0.0
40,2264,3.5
40,2266,3.5
40,2275,4.5
40,2278,3.0
40,2280,4.0
40,2281,2.5
40,2297,4.0
40,2298,2.5
40,2310,2.0
40,2317,3.5
40,2320,5.0
40,2329,2.0
40,2337,0.0
40,2346,5.0
40,2351,2.5
40,2359,2.5
40,2368,1.5
40,2387,1.5
40,2394,2.5
40,2410,1.0
40,2414,3.5
40,2425,1.0
40,2426,5.0
40,2431,0.5
40,2436,3.0
40,2444,1.0
40,2452,0.5
40,2472,3.5
40,2482,2.5
40,2491,0.0
40,2492,4.5
40,2499,2.0
40,2512,5.0
40,2514,3.5
40,2541,3.5
40,2553,3.5
40,2556,1.0
40,2563,4.5
40,2566,1.0
40,2577,2.0
40,2588,3.0
40,2592,5.0
40,2597,2.0
40,2604,0.5
40,2616,1.5
40,2619,4.5
40,2637,3.5
40,2649,4.0
40,2650,1.0
40,2653,3.0
40,2659,4.0
40,2675,1.0
40,2676,1.5
40,2688,1.5
40,2697,2.5
40,2700,1.5
40,2712,2.5
40,2730,1.5
40,2735,4.0
40,2747,3.0
40,2748,0.0
40,2752,4.0
40,2758,4.5
40,2763,3.0
40,2771,1.0
40,2785,4.0
40,2802,2.0
40,2812,3.0
40,2818,1.5
40,2825,3.5
40,2828,1.0
40,2834,0.0
40,2837,0.0
40,2842,3.5
40,2849,4.0
40,2851,2.0
40,2867,2.5
40,2874,4.5
40,2876,0.0
40,2885,1.0
40,2893,3.0
40,2902,4.5
40,2914,5.0
40,2916,1.5
40,2933,5.0
40,2934,5.0
40,2954,0.0
40,2958,2.0
40,2960,1.5
40,2962,2.0
40,2975,1.5
40,3008,2.5
40,3014,1.5
40,3016,5.0
40,3017,1.5
40,3033,1.0
40,3036,3.5
40,3039,5.0
40,3043,0.0
40,3050,3.5
40,3051,5.0
40,3052,3.0
40,3076,3.0
40,3093,3.0
40,3102,0.5
40,3104,0.5
40,3106,0.5
40,3108,2.5
40,3109,4.0
40,3110,4.0
40,3116,5.0
40,3125,3.5
40,3131,1.5
40,3133,3.0
40,3142,0.0
40,3147,5.0
40,3158,0.5
40,3167,3.5
40,3169,0.5
40,3184,0.5
40,3191,3.0
40,3208,4.0
40,3215,1.0
40,3231,5.0
40,3232,1.0
40,3239,0.5
40,3247,3.5
40,3251,2.5
40,3256,4.0
40,3258,4.0
40,3265,0.0
40,3280,0.5
40,3282,3.0
40,3284,4.0
40,3297,0.5
40,3298,2.5
40,3300,1.0
40,3310,0.0
40,3311,1.5
40,3322,1.5
40,3323,4.5
40,3325,3.5
40,3327,1.5
40,3345,3.0
40,3347,1.0
40,3348,1.5
40,3356,2.5
40,3361,1.5
40,3375,0.5
40,3376,1.0
40,3393,1.5
40,3401,4.0
40,3410,2.5
40,3414,2.0
40,3446,4.5
40,3448,3.5
40,3455,3.5
40,3456,2.0
40,3482,4.5
40,3487,2.5
40,3494,0.5
40,3495,2.0
40,3500,5.0
40,3509,2.5
40,3510,1.0
40,3515,4.5
40,3521,3.5
40,3523,2.5
40,3539,0.5
40,3548,1.5
40,3568,1.0
40,3572,1.5
40,3587,0.5
40,3592,4.0
40,3605,0.0
40,3608,0.5
40,3610,4.5
40,3619,5.0
40,3629,0.0
40,3639,1.0
40,3640,3.0
40,3643,0.0
40,3646,0.5
40,3657,4.0
40,3658,0.5
40,3661,4.0
40,3693,2.5
40,3695,3.5
40,3697,2.5
40,3701,5.0
40,3712,5.0
40,3730,2.5
40,3732,0.5
40,3735,5.0
40,3739,5.0
40,3753,1.5
40,3756,0.0
40,3766,2.5
40,3767,1.5
40,3780,4.5
40,3781,0.0
40,3792,4.0
40,3821,0.0
40,3823,2.5
40,3836,5.0
40,3841,1.0
40,3852,1.0
40,3859,3.0
40,3860,2.5
40,3861,1.0
40,3865,2.5
40,3873,4.5
40,3874,1.0
40,3875,4.5
40,3881,0.5
40,3882,4.5
40,3884,4.5
40,3889,2.5
40,3893,2.0
40,3895,5.0
40,3907,1.0
40,3918,2.0
40,3938,5.0
40,3960,5.0
40,3970,1.0
40,3986,0.0
40,3994,2.0
40,3997,0.0
41,4,3.5
41,6,2.5
41,11,1.0
41,19,2.5
41,26,0.0
41,28,1.5
41,29,0.5
41,34,4.5
41,36,3.5
41,44,1.5
41,45,4.5
41,49,2.5
41,63,1.0
41,64,0.5
41,86,3.5
41,90,2.5
41,95,3.0
41,107,1.5
41,108,3.5
41,110,0.0
41,118,4.5
41,140,3.5
41,167,0.5
41,184,5.0
41,207,2.5
41,233,3.0
41,235,1.0
41,241,3.5
41,248,4.0
41,250,2.5
41,273,4.0
41,275,2.0
41,288,0.0
41,297,0.5
41,319,4.5
41,322,0.5
41,336,1.5
41,346,3.0
41,358,4.0
41,362,2.0
41,371,0.0
41,375,4.5
41,377,3.0
41,400,1.5
41,401,3.5
41,404,0.5
41,411,4.5
41,413,4.5
41,414,0.0
41,420,4.5
41,425,2.0
41,428,3.5
41,444,0.5
41,455,4.0
41,459,0.0
41,465,1.0
41,476,2.5
41,477,1.0
41,478,0.5
41,491,3.0
41,492,2.0
41,495,0.5
41,515,1.0
41,521,5.0
41,525,1.0
41,528,1.0
41,534,0.0
41,538,0.5
41,547,2.5
41,562,2.5
41,563,3.0
41,569,3.0
41,573,4.0
41,582,2.5
41,619,2.5
41,625,3.5
41,626,3.0
41,631,2.0
41,632,5.0
41,633,5.0
41,637,3.0
41,642,1.0
41,646,2.5
41,647,3.0
41,669,1.0
41,673,0.0
41,679,5.0
41,680,1.0
41,681,0.5
41,685,2.0
41,696,0.5
41,697,1.5
41,702,5.0
41,716,2.0
41,731,2.0
41,733,4.5
41,748,0.5
41,749,2.5
41,754,4.0
41,755,0.0
41,762,3.5
41,768,3.5
41,780,1.0
41,784,3.0
41,786,5.0
41,789,1.0
41,815,1.0
41,824,1.0
41,831,2.5
41,834,0.5
41,837,4.5
41,848,3.0
41,850,4.0
41,858,1.0
41,872,2.5
41,876,2.0
41,879,0.0
41,883,2.0
41,884,2.0
41,885,1.5
41,886,2.5
41,889,2.5
41,894,4.0
41,901,3.0
41,916,2.5
41,920,1.5
41,927,0.0
41,939,0.5
41,949,4.5
41,966,4.0
41,967,1.5
41,968,5.0
41,972,3.5
41,977,2.5
41,983,2.5
41,987,2.5
41,998,0.0
41,1004,1.5
41,1006,2.5
41,1008,3.5
41,1018,5.0
41,1028,3.5
41,1039,1.0
41,1041,3.0
41,1049,2.5
41,1068,5.0
41,1076,3.5
41,1082,5.0
41,1087,2.0
41,1100,2.0
41,1101,2.5
41,1105,2.0
41,1109,0.0
41,1110,3.5
41,1111,2.5
41,1112,3.0
41,1122,3.0
41,1137,2.5
41,1146,0.5
41,1150,2.0
41,1162,0.5
41,1166,5.0
41,1171,4.5
41,1180,1.0
41,1191,5.0
41,1198,2.0
41,1204,3.0
41,1213,4.5
41,1215,4.5
41,1218,0.5
41,1219,1.0
41,1228,2.0
41,1235,3.5
41,1249,2.5
41,1251,0.5
41,1258,5.0
41,1264,0.0
41,1278,1.5
41,1279,3.5
41,1280,4.5
41,1292,0.0
41,1315,2.0
41,1316,0.5
41,1321,3.5
41,1329,4.0
41,1334,4.0
41,1342,3.0
41,1346,5.0
41,1351,4.0
41,1355,5.0
41,1373,2.5
41,1376,3.0
41,1383,4.5
41,1401,5.0
41,1408,5.0
41,1410,3.5
41,1411,3.5
41,1416,4.0
41,1421,1.0
41,1426,1.0
41,1455,1.0
41,1463,4.0
41,1475,4.0
41,1480,3.0
41,1483,4.5
41,1491,5.0
41,1496,4.0
41,1500,1.5
41,1512,3.5
41,1516,3.5
41,1520,4.0
41,1529,0.0
41,1532,4.0
41,1540,4.0
41,1561,0.5
41,1574,2.0
41,1577,0.0
41,1583,3.5
41,1585,3.5
41,1589,0.0
41,1601,2.5
41,1602,0.0
41,1608,1.5
41,1609,1.5
41,1616,1.5
41,1632,0.5
41,1643,4.0
41,1647,4.5
41,1653,2.5
41,1654,1.0
41,1666,0.5
41,1672,2.0
41,1677,4.5
41,1680,4.0
41,1681,0.5
41,1688,4.0
41,1696,3.5
41,1699,4.0
41,1703,4.0
41,1711,1.5
41,1727,0.0
41,1740,1.0
41,1745,0.0
41,1750,4.5
41,1751,5.0
41,1758,4.5
41,1764,2.0
41,1770,1.0
41,1779,2.0
41,1781,2.0
41,1783,5.0
41,1800,1.0
41,1802,2.0
41,1817,0.5
41,1820,0.0
41,1823,3.5
41,1832,2.5
41,1838,5.0
41,1850,5.0
41,1859,0.0
41,1866,0.5
41,1872,2.5
41,1874,1.0
41,1880,5.0
41,1900,3.0
41,1912,1.0
41,1918,5.0
41,1920,1.5
41,1940,4.5
41,1949,4.0
41,1960,4.0
41,1971,2.5
41,1995,2.0
41,2020,4.5
41,2023,3.0
41,2025,1.5
41,2032,2.5
41,2036,1.5
41,2040,3.0
41,2043,1.0
41,2059,2.5
41,2069,2.5
41,2078,2.5
41,2084,3.5
41,2095,5.0
41,2102,3.0
41,2104,0.5
41,2106,3.5
41,2109,0.0
41,2134,2.5
41,2135,3.5
41,2146,2.5
41,2163,3.0
41,2164,0.0
41,2166,0.0
41,2173,2.0
41,2189,2.5
41,2202,4.0
41,2209,3.0
41,2219,2.0
41,2228,4.0
41,2232,0.5
41,2242,2.0
41,2246,2.0
41,2251,4.5
41,2261,0.0
41,2264,0.0
41,2266,2.5
41,2267,0.0
41,2271,1.5
41,2273,0.5
41,2275,4.0
41,2277,2.5
41,2288,1.0
41,2289,2.5
41,2294,2.5
41,2306,1.0
41,2308,0.0
41,2310,3.0
41,2337,3.0
41,2339,0.0
41,2341,4.5
41,2346,5.0
41,2353,1.5
41,2358,1.0
41,2385,2.5
41,2387,1.0
41,2403,5.0
41,2416,4.5
41,2417,4.5
41,2425,2.5
41,2426,3.0
41,2438,1.0
41,2444,3.0
41,2456,0.5
41,2470,3.5
41,2472,5.0
41,2476,0.5
41,2478,2.0
41,2482,0.0
41,2493,3.0
41,2495,2.0
41,2496,4.5
41,2514,3.0
41,2553,4.5
41,2563,4.0
41,2566,2.5
41,2574,4.0
41,2577,1.0
41,2588,2.0
41,2592,0.5
41,2597,1.5
41,2619,0.5
41,2623,5.0
41,2625,5.0
41,2636,2.5
41,2637,1.5
41,2638,2.0
41,2659,4.0
41,2667,5.0
41,2675,3.0
41,2679,3.5
41,2681,2.0
41,2682,4.0
41,2686,2.0
41,2688,4.5
41,2694,4.0
41,2697,0.0
41,2698,4.5
41,2699,5.0
41,2700,4.0
41,2705,4.0
41,2730,3.5
41,2735,3.5
41,2744,0.0
41,2747,1.5
41,2748,2.5
41,2757,4.5
41,2758,4.0
41,2761,4.5
41,2763,5.0
41,2780,1.5
41,2785,2.5
41,2802,1.0
41,2803,1.5
41,2812,2.5
41,2813,4.5
41,2828,0.5
41,2837,1.0
41,2849,0.5
41,2852,3.5
41,2860,0.0
41,2866,4.5
41,2874,1.5
41,2912,1.0
41,2933,1.5
41,2934,3.5
41,2936,5.0
41,2941,3.0
41,2953,5.0
41,2954,5.0
41,2958,2.0
41,2962,3.0
41,2975,4.0
41,2981,2.0
41,2992,3.0
41,2993,4.5
41,3002,1.5
41,3014,3.0
41,3033,0.0
41,3042,2.0
41,3043,5.0
41,3050,0.5
41,3052,0.5
41,3058,5.0
41,3076,3.5
41,3080,5.0
41,3102,0.5
41,3104,0.5
41,3108,3.5
41,3109,1.0
41,3110,3.0
41,3113,0.5
41,3121,0.0
41,3125,2.0
41,3131,3.0
41,3134,0.5
41,3142,4.0
41,3146,1.5
41,3154,3.0
41,3155,3.5
41,3162,4.0
41,3167,5.0
41,3184,4.0
41,3194,0.5
41,3203,0.5
41,3208,4.0
41,3210,5.0
41,3215,3.5
41,3226,1.5
41,3232,3.5
41,3237,0.5
41,3239,3.0
41,3247,1.0
41,3251,2.5
41,3252,2.5
41,3255,1.5
41,3262,0.0
41,3263,3.5
41,3267,3.5
41,3289,1.0
41,3292,3.0
41,3298,4.0
41,3305,1.5
41,3310,4.5
41,3311,5.0
41,3319,2.0
41,3321,1.0
41,3323,0.5
41,3349,3.0
41,3355,1.5
41,3356,1.5
41,3361,5.0
41,3365,1.5
41,3367,3.5
41,3370,5.0
41,3383,2.0
41,3392,1.5
41,3402,1.5
41,3410,2.0
41,3416,3.0
41,3418,0.5
41,3423,3.0
41,3428,0.0
41,3445,3.0
41,3453,2.5
41,3458,2.0
41,3465,3.0
41,3470,4.0
41,3500,0.5
41,3504,2.5
41,3507,4.0
41,3523,3.0
41,3530,3.0
41,3536,1.5
41,3540,4.5
41,3554,4.5
41,3558,1.5
41,3566,2.5
41,3578,2.5
41,3580,5.0
41,3587,1.0
41,3605,2.0
41,3622,4.0
41,3627,4.0
41,3629,2.5
41,3640,2.0
41,3646,1.5
41,3647,4.0
41,3657,4.5
41,3658,0.5
41,3675,1.0
41,3703,3.0
41,3730,3.5
41,3739,3.0
41,3741,2.5
41,3753,0.0
41,3756,1.5
41,3759,2.5
41,3766,1.0
41,3767,1.0
41,3773,3.0
41,3780,3.0
41,3781,5.0
41,3792,2.0
41,3822,4.0
41,3823,0.0
41,3826,1.5
41,3841,2.5
41,3850,3.0
41,3856,1.5
41,3865,2.5
41,3871,1.0
41,3873,2.5
41,3881,4.5
41,3882,0.5
41,3891,0.0
41,3893,1.5
41,3894,1.0
41,3895,2.5
41,3907,0.5
41,3911,0.0
41,3951,3.0
41,3957,4.5
41,3983,4.5
41,3997,0.0
42,6,2.5
42,23,3.5
42,26,1.5
42,28,0.5
42,32,2.5
42,34,0.0
42,44,0.5
42,62,1.5
42,64,2.0
42,76,0.0
42,90,1.5
42,105,4.0
42,108,3.5
42,110,2.5
42,112,0.0
42,116,5.0
42,140,1.0
42,143,2.5
42,145,4.5
42,148,5.0
42,161,0.0
42,171,0.5
42,184,3.5
42,195,3.0
42,203,4.5
42,207,4.0
42,209,1.5
42,215,1.5
42,226,1.5
42,229,5.0
42,241,4.5
42,244,0.5
42,248,5.0
42,250,2.5
42,265,4.5
42,270,2.5
42,273,4.5
42,277,3.5
42,280,4.0
42,297,1.5
42,314,5.0
42,385,5.0
42,389,1.0
42,400,1.0
42,404,4.5
42,411,3.5
42,414,1.5
42,425,0.0
42,428,2.0
42,437,2.5
42,443,0.0
42,444,4.5
42,451,4.0
42,455,1.5
42,457,0.5
42,458,0.5
42,466,0.0
42,470,4.5
42,478,2.5
42,479,1.5
42,492,3.5
42,509,1.0
42,515,0.0
42,517,1.0
42,521,0.0
42,525,1.5
42,528,2.5
42,538,2.5
42,544,3.0
42,547,1.0
42,551,3.5
42,576,0.0
42,582,2.0
42,618,1.0
42,619,4.0
42,622,3.5
42,624,0.0
42,636,4.0
42,637,3.5
42,642,4.0
42,668,0.5
42,677,5.0
42,679,4.0
42,696,3.5
42,705,2.5
42,729,3.0
42,732,3.0
42,736,4.0
42,739,4.5
42,744,0.5
42,748,4.0
42,754,2.0
42,755,1.0
42,762,0.0
42,764,3.5
42,780,3.5
42,784,1.5
42,788,3.5
42,789,3.0
42,802,1.5
42,806,2.0
42,814,2.0
42,818,2.0
42,830,2.0
42,838,0.0
42,846,1.5
42,850,4.0
42,851,4.0
42,880,0.0
42,883,3.5
42,886,3.5
42,889,1.0
42,894,2.5
42,896,1.0
42,901,5.0
42,904,1.5
42,911,1.0
42,924,0.5
42,930,2.0
42,941,1.0
42,955,0.0
42,966,1.0
42,969,4.0
42,987,0.0
42,1003,5.0
42,1006,3.0
42,1008,0.0
42,1013,2.0
42,1021,0.0
42,1035,4.0
42,1058,5.0
42,1062,1.5
42,1071,5.0
42,1076,3.0
42,1086,4.0
42,1087,1.0
42,1100,3.0
42,1101,2.5
42,1105,2.5
42,1110,3.0
42,1111,4.5
42,1114,4.0
42,1122,2.5
42,1137,0.0
42,1145,0.0
42,1150,3.5
42,1159,0.0
42,1162,2.5
42,1166,5.0
42,1180,1.5
42,1183,0.0
42,1191,4.5
42,1198,1.5
42,1199,1.5
42,1204,5.0
42,1208,3.0
42,1213,3.0
42,1223,5.0
42,1226,4.0
42,1245,2.0
42,1249,3.5
42,1250,1.0
42,1258,5.0
42,1264,4.5
42,1269,3.0
42,1274,3.5
42,1279,4.0
42,1280,2.5
42,1282,2.0
42,1284,1.5
42,1292,3.5
42,1302,2.5
42,1313,0.5
42,1316,4.5
42,1321,4.0
42,1328,2.5
42,1329,4.0
42,1333,4.0
42,1334,4.5
42,1342,4.0
42,1351,4.0
42,1373,1.0
42,1383,1.5
42,1386,0.0
42,1387,2.5
42,1395,1.5
42,1401,4.0
42,1408,3.5
42,1410,0.5
42,1412,3.0
42,1421,0.0
42,1423,4.0
42,1427,5.0
42,1437,1.5
42,1442,0.0
42,1446,4.5
42,1455,3.0
42,1491,2.5
42,1500,3.0
42,1506,0.0
42,1514,1.5
42,1515,3.5
42,1516,4.5
42,1520,2.5
42,1529,2.0
42,1532,1.0
42,1539,2.5
42,1562,4.0
42,1574,0.0
42,1577,3.0
42,1588,3.0
42,1601,3.0
42,1608,2.0
42,1610,2.0
42,1622,1.5
42,1623,3.0
42,1627,0.5
42,1632,3.0
42,1635,2.5
42,1639,0.5
42,1647,0.0
42,1649,2.0
42,1653,4.0
42,1664,0.0
42,1666,2.5
42,1672,2.5
42,1677,2.5
42,1680,2.0
42,1682,3.5
42,1696,4.0
42,1698,1.0
42,1710,3.5
42,1711,5.0
42,1716,2.0
42,1717,3.0
42,1727,1.0
42,1737,1.0
42,1738,3.5
42,1741,0.0
42,1745,4.0
42,1763,0.5
42,1764,2.0
42,1770,0.5
42,1771,4.5
42,1776,2.5
42,1779,1.5
42,1782,3.0
42,1783,4.0
42,1791,0.5
42,1800,4.5
42,1816,2.0
42,1818,4.0
42,1832,2.5
42,1833,4.0
42,1838,1.5
42,1847,4.0
42,1849,1.5
42,1850,1.5
42,1865,1.0
42,1874,3.5
42,1878,3.5
42,1912,3.5
42,1913,2.0
42,1918,2.5
42,1920,0.0
42,1921,2.5
42,1939,0.5
42,1954,2.0
42,1960,3.5
42,1963,0.5
42,1967,3.5
42,1970,2.0
42,1971,0.5
42,1995,4.5
42,1996,2.0
42,1997,1.0
42,2018,0.5
42,2030,5.0
42,2036,3.0
42,2040,3.0
42,2044,3.0
42,2055,2.5
42,2056,2.5
42,2059,1.5
42,2071,2.5
42,2087,4.0
42,2096,4.0
42,2106,5.0
42,2117,5.0
42,2119,1.0
42,2134,4.0
42,2135,4.0
42,2142,4.5
42,2144,2.5
42,2160,0.5
42,2165,2.5
42,2166,4.5
42,2173,3.0
42,2179,4.0
42,2181,4.5
42,2187,2.5
42,2195,2.0
42,2199,2.0
42,2209,0.0
42,2216,0.0
42,2219,0.0
42,2220,4.5
42,2224,0.5
42,2228,4.0
42,2231,4.0
42,2232,5.0
42,2240,1.5
42,2246,3.0
42,2251,3.5
42,2257,0.5
42,2264,4.0
42,2271,4.5
42,2277,0.5
42,2281,1.0
42,2285,5.0
42,2288,1.5
42,2289,4.0
42,2295,1.0
42,2297,1.0
42,2298,2.0
42,2304,2.0
42,2306,3.5
42,2310,0.5
42,2329,4.0
42,2334,0.0
42,2337,1.0
42,2341,5.0
42,2351,3.5
42,2358,4.5
42,2359,0.5
42,2368,4.5
42,2387,0.0
42,2403,4.5
42,2409,4.0
42,2410,5.0
42,2414,1.0
42,2416,3.5
42,2436,5.0
42,2438,0.5
42,2452,2.5
42,2456,2.5
42,2471,2.5
42,2482,2.5
42,2492,0.0
42,2495,4.0
42,2496,4.5
42,2499,1.5
42,2508,0.5
42,2512,0.5
42,2514,3.5
42,2541,3.5
42,2553,2.5
42,2574,1.0
42,2577,1.0
42,2589,4.0
42,2592,3.5
42,2597,5.0
42,2601,4.0
42,2612,3.5
42,2614,4.0
42,2616,4.5
42,2638,0.5
42,2650,0.0
42,2659,2.0
42,2667,3.0
42,2676,4.0
42,2682,1.5
42,2686,0.5
42,2688,0.5
42,2698,0.0
42,2699,4.0
42,2712,1.0
42,2725,3.0
42,2735,4.5
42,2752,2.5
42,2757,0.0
42,2758,1.0
42,2763,1.0
42,2780,0.0
42,2781,4.0
42,2802,3.5
42,2803,0.0
42,2809,0.0
42,2812,0.0
42,2813,0.0
42,2825,4.5
42,2834,2.5
42,2837,3.0
42,2842,3.5
42,2849,3.5
42,2851,0.5
42,2852,0.0
42,2864,2.5
42,2867,2.5
42,2885,0.0
42,2902,0.5
42,2910,3.5
42,2912,1.0
42,2916,3.5
42,2932,1.5
42,2934,3.0
42,2936,1.5
42,2941,2.5
42,2951,1.0
42,2953,4.5
42,2955,4.5
42,2960,4.0
42,2962,4.0
42,2970,5.0
42,2975,4.5
42,2977,1.5
42,2981,0.5
42,3016,3.5
42,3026,1.5
42,3029,0.0
42,3033,3.0
42,3039,3.5
42,3042,3.0
42,3043,0.0
42,3047,0.5
42,3050,3.5
42,3052,0.0
42,3053,4.5
42,3054,1.5
42,3055,2.5
42,3058,4.0
42,3076,3.5
42,3101,1.5
42,3104,1.0
42,3106,1.0
42,3108,1.0
42,3109,5.0
42,3110,3.5
42,3113,3.0
42,3116,0.0
42,3117,5.0
42,3122,4.5
42,3125,2.0
42,3126,3.5
42,3128,0.0
42,3133,3.5
42,3134,4.0
42,3146,2.0
42,3147,4.5
42,3158,0.5
42,3167,5.0
42,3169,0.0
42,3179,3.5
42,3201,1.0
42,3203,3.5
42,3206,2.5
42,3208,2.0
42,3209,3.0
42,3210,4.0
42,3215,1.0
42,3222,5.0
42,3223,4.0
42,3224,0.0
42,3226,1.0
42,3231,1.0
42,3232,2.5
42,3239,5.0
42,3247,3.0
42,3255,3.5
42,3258,3.5
42,3265,3.5
42,3267,3.0
42,3275,2.5
42,3280,1.0
42,3282,3.5
42,3292,0.0
42,3307,0.5
42,3311,5.0
42,3323,0.5
42,3324,2.0
42,3327,4.5
42,3345,3.0
42,3347,3.5
42,3348,4.5
42,3350,3.5
42,3355,2.0
42,3359,2.0
42,3367,2.0
42,3384,3.0
42,3386,4.5
42,3393,1.0
42,3396,0.5
42,3410,2.0
42,3414,0.0
42,3416,0.5
42,3418,5.0
42,3423,0.5
42,3428,3.5
42,3445,5.0
42,3447,1.0
42,3448,0.0
42,3455,3.0
42,3487,0.5
42,3495,4.5
42,3500,3.0
42,3503,3.0
42,3504,0.0
42,3509,4.5
42,3510,1.0
42,3523,1.5
42,3533,1.5
42,3536,3.5
42,3542,1.5
42,3554,0.0
42,3580,2.5
42,3581,0.5
42,3592,5.0
42,3608,2.0
42,3610,4.5
42,3619,1.5
42,3624,0.0
42,3629,0.0
42,3644,5.0
42,3646,1.5
42,3657,3.5
42,3658,2.5
42,3667,4.5
42,3693,1.5
42,3695,5.0
42,3697,3.5
42,3705,1.0
42,3712,2.5
42,3717,3.0
42,3735,1.0
42,3739,3.5
42,3741,5.0
42,3742,5.0
42,3747,5.0
42,3750,4.5
42,3753,3.5
42,3756,1.0
42,3761,1.5
42,3762,0.0
42,3770,0.5
42,3773,3.0
42,3821,0.5
42,3822,4.0
42,3841,2.0
42,3843,3.5
42,3852,1.0
42,3860,2.5
42,3861,1.5
42,3865,3.5
42,3867,3.5
42,3873,0.0
42,3874,2.0
42,3875,2.5
42,3881,3.0
42,3882,4.5
42,3889,4.0
42,3893,3.5
42,3903,1.5
42,3918,0.5
42,3938,3.5
42,3951,0.5
42,3965,3.0
42,3986,5.0
42,3994,4.0
42,3997,5.0
43,11,4.0
43,19,3.0
43,26,1.0
43,32,2.5
43,42,0.5
43,45,2.0
43,49,2.0
43,55,0.5
43,62,5.0
43,76,2.5
43,87,1.5
43,95,5.0
43,110,2.0
43,116,1.0
43,118,5.0
43,124,2.0
43,142,1.5
43,143,4.5
43,167,1.0
43,185,1.0
43,203,1.5
43,209,2.5
43,229,4.5
43,233,3.0
43,235,2.5
43,250,1.5
43,252,3.0
43,256,2.0
43,265,1.0
43,274,1.5
43,277,2.5
43,288,4.5
43,298,2.0
43,314,5.0
43,319,3.0
43,327,2.5
43,349,0.0
43,358,1.0
43,371,2.0
43,375,0.0
43,377,3.0
43,385,2.0
43,401,4.5
43,411,4.5
43,425,3.0
43,432,2.5
43,444,3.0
43,451,2.5
43,455,3.0
43,457,0.0
43,459,2.5
43,465,0.5
43,477,5.0
43,480,0.5
43,482,4.5
43,484,3.5
43,489,4.5
43,492,0.5
43,503,1.5
43,515,4.0
43,517,0.0
43,541,2.0
43,547,5.0
43,566,5.0
43,596,2.0
43,598,1.5
43,606,4.5
43,616,1.0
43,618,4.0
43,625,4.5
43,631,5.0
43,633,5.0
43,636,2.5
43,642,5.0
43,643,1.0
43,646,2.0
43,647,3.5
43,669,2.5
43,681,1.0
43,682,2.0
43,685,1.0
43,699,1.5
43,727,0.5
43,736,3.0
43,738,3.5
43,739,2.5
43,749,3.0
43,754,1.5
43,755,2.5
43,762,4.5
43,768,1.5
43,775,2.0
43,778,4.0
43,784,5.0
43,788,3.0
43,789,5.0
43,795,3.0
43,800,0.5
43,802,3.0
43,816,2.5
43,834,3.0
43,838,5.0
43,846,5.0
43,848,2.0
43,859,4.5
43,873,3.0
43,884,2.0
43,885,2.0
43,886,0.5
43,887,0.0
43,888,3.0
43,901,0.5
43,904,3.0
43,916,5.0
43,927,4.5
43,930,1.5
43,937,1.5
43,949,2.5
43,955,1.5
43,968,0.0
43,972,3.0
43,998,1.0
43,1002,2.0
43,1006,4.0
43,1008,0.5
43,1018,3.5
43,1021,0.5
43,1025,1.0
43,1035,1.0
43,1039,2.0
43,1041,0.5
43,1057,1.0
43,1063,3.5
43,1082,3.0
43,1086,1.0
43,1087,4.5
43,1100,3.5
43,1105,5.0
43,1114,4.0
43,1122,4.5
43,1129,0.0
43,1132,4.5
43,1171,2.5
43,1183,2.5
43,1191,3.0
43,1194,0.5
43,1197,0.0
43,1198,2.0
43,1203,3.5
43,1206,1.5
43,1208,1.0
43,1210,5.0
43,1213,0.5
43,1218,3.0
43,1219,2.0
43,1223,4.5
43,1240,1.5
43,1249,3.0
43,1269,4.0
43,1291,0.0
43,1302,4.0
43,1308,3.5
43,1313,1.5
43,1316,4.5
43,1320,2.0
43,1321,5.0
43,1328,4.0
43,1333,1.0
43,1342,0.5
43,1351,0.0
43,1352,0.5
43,1365,4.0
43,1371,1.0
43,1373,4.5
43,1401,4.0
43,1402,0.0
43,1408,4.0
43,1410,4.0
43,1412,3.0
43,1416,2.0
43,1421,3.5
43,1426,1.5
43,1427,2.0
43,1429,0.0
43,1433,4.5
43,1437,1.5
43,1442,2.0
43,1444,2.5
43,1446,0.0
43,1455,4.0
43,1463,1.5
43,1496,1.0
43,1500,3.0
43,1506,0.0
43,1523,2.5
43,1540,1.0
43,1542,3.5
43,1547,5.0
43,1561,5.0
43,1562,2.0
43,1583,3.0
43,1585,4.5
43,1588,4.0
43,1589,2.0
43,1608,3.5
43,1610,1.5
43,1616,3.0
43,1623,2.0
43,1627,1.5
43,1635,2.5
43,1647,3.5
43,1653,1.0
43,1654,3.5
43,1672,3.5
43,1680,5.0
43,1681,4.5
43,1682,0.0
43,1688,1.5
43,1693,1.5
43,1699,0.0
43,1701,1.0
43,1711,5.0
43,1722,1.5
43,1727,4.5
43,1734,3.0
43,1735,4.5
43,1738,4.5
43,1741,3.0
43,1750,1.5
43,1758,0.0
43,1764,2.0
43,1771,3.5
43,1782,1.5
43,1791,4.5
43,1794,1.5
43,1800,2.5
43,1808,2.5
43,1813,5.0
43,1819,2.5
43,1820,1.0
43,1823,0.0
43,1833,4.0
43,1838,4.0
43,1846,1.0
43,1847,5.0
43,1850,3.0
43,1855,2.0
43,1859,4.5
43,1872,4.5
43,1874,4.5
43,1900,1.5
43,1912,4.0
43,1913,2.0
43,1918,1.0
43,1920,5.0
43,1921,2.5
43,1928,1.5
43,1959,0.5
43,1960,1.5
43,1963,4.0
43,1969,4.5
43,1971,5.0
43,1980,4.5
43,1991,5.0
43,1995,4.0
43,1996,5.0
43,1997,3.0
43,2011,0.0
43,2028,2.5
43,2040,3.5
43,2043,0.5
43,2060,0.5
43,2069,4.0
43,2071,3.5
43,2078,2.5
43,2080,0.0
43,2087,2.5
43,2095,4.5
43,2099,3.0
43,2105,2.0
43,2106,1.5
43,2134,1.5
43,2142,1.0
43,2146,3.0
43,2160,4.5
43,2163,2.5
43,2165,2.5
43,2166,1.5
43,2173,1.5
43,2189,1.0
43,2190,4.0
43,2201,3.0
43,2202,2.0
43,2216,1.0
43,2218,5.0
43,2219,4.5
43,2231,3.0
43,2246,0.5
43,2254,3.5
43,2261,1.5
43,2264,4.5
43,2278,0.5
43,2285,2.0
43,2288,0.0
43,2289,0.0
43,2297,5.0
43,2298,2.5
43,2304,4.5
43,2310,3.5
43,2320,3.0
43,2334,0.0
43,2359,4.5
43,2367,4.5
43,2382,3.0
43,2394,2.5
43,2409,4.5
43,2411,1.5
43,2414,0.0
43,2416,0.5
43,2425,2.5
43,2431,3.5
43,2432,0.0
43,2436,0.0
43,2438,4.5
43,2444,3.5
43,2456,3.0
43,2471,4.5
43,2476,1.5
43,2478,3.5
43,2492,0.5
43,2495,0.5
43,2496,0.0
43,2497,2.5
43,2499,3.5
43,2503,1.5
43,2508,2.0
43,2512,2.5
43,2514,1.5
43,2541,0.0
43,2543,4.0
43,2553,0.0
43,2563,2.0
43,2566,3.0
43,2574,2.0
43,2577,0.0
43,2588,3.5
43,2589,0.0
43,2596,3.0
43,2614,3.0
43,2616,3.0
43,2623,3.0
43,2624,0.0
43,2625,5.0
43,2633,2.0
43,2637,2.0
43,2638,1.5
43,2653,3.0
43,2659,4.5
43,2667,4.5
43,2676,5.0
43,2688,4.5
43,2694,3.0
43,2705,5.0
43,2712,0.0
43,2725,2.5
43,2730,2.0
43,2735,5.0
43,2747,4.5
43,2748,3.0
43,2755,3.0
43,2757,4.0
43,2758,4.0
43,2761,3.0
43,2763,1.5
43,2771,4.0
43,2780,4.0
43,2796,0.5
43,2799,0.0
43,2804,4.5
43,2825,4.5
43,2837,0.5
43,2849,2.5
43,2852,5.0
43,2858,5.0
43,2873,0.0
43,2874,3.5
43,2893,5.0
43,2910,5.0
43,2912,2.5
43,2933,2.0
43,2936,0.5
43,2941,2.5
43,2953,1.5
43,2958,2.0
43,2960,2.0
43,2962,2.0
43,2970,2.0
43,2975,0.0
43,2977,0.5
43,2989,0.0
43,3008,5.0
43,3014,2.5
43,3016,3.5
43,3033,3.0
43,3039,2.0
43,3041,3.5
43,3046,2.5
43,3053,3.5
43,3054,1.0
43,3055,0.5
43,3072,0.5
43,3076,0.0
43,3101,1.0
43,3102,4.0
43,3106,0.0
43,3113,2.0
43,3116,2.0
43,3122,5.0
43,3125,2.0
43,3126,1.0
43,3128,4.0
43,3131,1.5
43,3138,1.5
43,3142,5.0
43,3146,4.0
43,3147,4.5
43,3155,5.0
43,3167,2.0
43,3179,0.5
43,3191,0.0
43,3194,3.5
43,3198,5.0
43,3203,0.0
43,3206,3.5
43,3212,3.0
43,3223,4.5
43,3224,0.0
43,3226,0.0
43,3237,4.5
43,3239,5.0
43,3247,1.0
43,3256,0.0
43,3259,1.5
43,3267,5.0
43,3305,4.5
43,3310,3.0
43,3313,3.5
43,3321,3.0
43,3324,1.5
43,3325,1.5
43,3328,4.5
43,3342,3.0
43,3345,2.5
43,3349,4.5
43,3359,3.5
43,3365,1.0
43,3367,3.0
43,3383,0.5
43,3384,1.5
43,3386,1.0
43,3392,0.5
43,3400,2.5
43,3402,0.5
43,3410,4.5
43,3416,1.0
43,3428,2.5
43,3445,1.0
43,3447,4.5
43,3456,5.0
43,3458,5.0
43,3465,1.0
43,3470,4.5
43,3510,2.5
43,3515,5.0
43,3532,3.0
43,3533,5.0
43,3536,4.0
43,3542,5.0
43,3554,4.0
43,3555,2.5
43,3572,2.0
43,3581,0.0
43,3587,3.0
43,3592,3.0
43,3599,4.5
43,3619,3.0
43,3624,0.0
43,3627,2.5
43,3634,4.0
43,3644,3.5
43,3646,2.5
43,3647,5.0
43,3651,1.5
43,3661,0.5
43,3669,2.0
43,3675,2.5
43,3712,4.0
43,3730,5.0
43,3741,4.5
43,3756,1.0
43,3759,5.0
43,3770,4.0
43,3781,2.0
43,3797,0.0
43,3812,5.0
43,3821,4.5
43,3822,4.5
43,3823,4.0
43,3852,0.5
43,3860,1.5
43,3865,1.5
43,3867,3.5
43,3871,3.5
43,3875,4.5
43,3881,0.0
43,3882,4.5
43,3893,0.0
43,3894,0.5
43,3895,1.0
43,3903,2.5
43,3911,4.5
43,3918,0.5
43,3938,5.0
43,3951,2.5
43,3960,4.5
43,3965,1.5
43,3981,1.5
43,3982,4.5
43,3987,2.5
43,3997,1.5
44,4,3.5
44,6,5.0
44,9,1.5
44,11,4.0
44,26,1.0
44,28,1.5
44,29,0.5
44,32,1.0
44,36,3.0
44,42,2.5
44,44,0.0
44,45,0.5
44,49,2.5
44,55,0.0
44,64,1.0
44,70,5.0
44,86,1.5
44,90,0.0
44,95,2.0
44,108,5.0
44,112,4.5
44,140,2.5
44,143,0.5
44,149,3.0
44,167,5.0
44,190,4.0
44,207,5.0
44,215,5.0
44,226,0.5
44,242,1.5
44,250,4.5
44,252,0.5
44,266,3.0
44,269,1.0
44,270,4.5
44,274,0.5
44,298,1.5
44,303,1.5
44,314,3.0
44,319,1.0
44,322,0.0
44,327,2.0
44,336,2.5
44,353,2.0
44,358,4.0
44,362,4.5
44,371,1.0
44,377,5.0
44,385,3.5
44,390,4.5
44,400,2.5
44,401,4.5
44,421,5.0
44,428,0.0
44,437,5.0
44,455,4.5
44,459,0.5
44,465,0.5
44,476,4.0
44,484,2.5
44,503,3.0
44,504,3.0
44,512,5.0
44,515,2.5
44,541,3.0
44,547,3.5
44,563,0.0
44,569,1.0
44,573,0.5
44,576,3.0
44,598,5.0
44,600,0.0
44,616,4.0
44,619,1.5
44,622,2.0
44,624,1.5
44,632,3.0
44,633,4.0
44,643,3.5
44,647,4.0
44,658,4.5
44,668,2.0
44,673,2.5
44,677,4.0
44,679,2.0
44,680,2.0
44,681,3.5
44,696,1.5
44,697,0.0
44,705,1.5
44,729,0.5
44,732,3.0
44,736,2.0
44,738,2.0
44,739,2.5
44,751,2.5
44,754,0.5
44,755,4.0
44,762,2.0
44,764,2.0
44,768,4.0
44,784,2.5
44,786,2.5
44,788,1.0
44,806,2.0
44,815,1.5
44,824,3.5
44,831,4.0
44,837,0.5
44,838,4.0
44,850,3.5
44,851,4.5
44,858,2.0
44,859,2.0
44,872,1.0
44,876,3.0
44,885,1.0
44,888,3.5
44,896,2.0
44,901,0.0
44,911,0.0
44,916,2.5
44,927,3.0
44,930,0.5
44,939,4.0
44,949,2.0
44,958,3.5
44,966,1.0
44,967,1.0
44,968,1.5
44,969,4.0
44,972,3.5
44,976,5.0
44,983,1.0
44,987,3.0
44,1002,4.5
44,1003,4.5
44,1004,3.0
44,1008,1.5
44,1028,1.0
44,1039,4.0
44,1047,4.0
44,1049,4.5
44,1062,1.0
44,1082,2.5
44,1086,3.5
44,1100,2.5
44,1101,2.5
44,1110,1.0
44,1114,4.5
44,1132,2.0
44,1137,4.5
44,1145,4.0
44,1146,4.5
44,1159,0.0
44,1183,1.5
44,1197,5.0
44,1199,3.5
44,1204,3.0
44,1215,0.0
44,1218,3.0
44,1219,4.5
44,1235,2.0
44,1240,3.5
44,1245,1.5
44,1249,4.0
44,1251,5.0
44,1253,0.0
44,1264,0.0
44,1274,3.0
44,1278,0.0
44,1293,1.0
44,1302,4.0
44,1309,4.5
44,1316,3.5
44,1328,5.0
44,1329,4.5
44,1333,5.0
44,1334,3.5
44,1351,0.5
44,1352,3.0
44,1358,1.5
44,1373,0.0
44,1376,4.0
44,1383,3.5
44,1386,5.0
44,1387,1.0
44,1395,2.0
44,1410,0.0
44,1411,4.5
44,1416,1.0
44,1426,1.0
44,1429,1.5
44,1433,4.5
44,1437,5.0
44,1442,0.0
44,1463,4.0
44,1480,4.5
44,1483,1.0
44,1496,4.5
44,1501,3.0
44,1512,4.5
44,1514,0.5
44,1515,2.0
44,1518,3.0
44,1523,0.0
44,1529,1.0
44,1539,5.0
44,1540,5.0
44,1542,3.0
44,1544,0.0
44,1547,0.5
44,1562,1.5
44,1583,4.0
44,1588,0.0
44,1589,3.0
44,1601,0.5
44,1610,1.5
44,1623,4.5
44,1630,4.5
44,1632,4.5
44,1639,5.0
44,1643,4.0
44,1654,0.5
44,1663,3.5
44,1672,4.0
44,1677,5.0
44,1681,0.0
44,1688,0.5
44,1694,1.5
44,1696,3.0
44,1699,5.0
44,1701,2.0
44,1703,2.5
44,1711,2.5
44,1724,0.5
44,1735,0.5
44,1745,3.5
44,1750,5.0
44,1751,4.5
44,1754,2.0
44,1763,0.5
44,1764,3.0
44,1766,3.0
44,1770,2.0
44,1771,0.5
44,1782,5.0
44,1800,4.0
44,1815,2.0
44,1820,3.5
44,1832,2.5
44,1838,2.0
44,1842,2.5
44,1847,1.5
44,1849,3.5
44,1850,4.5
44,1866,0.0
44,1872,3.0
44,1894,2.0
44,1913,1.5
44,1918,4.0
44,1921,5.0
44,1936,3.0
44,1940,4.5
44,1991,2.5
44,1995,2.5
44,1997,1.5
44,1999,1.5
44,2028,3.5
44,2044,2.0
44,2055,3.5
44,2060,2.5
44,2067,1.5
44,2084,0.0
44,2087,3.5
44,2095,0.0
44,2099,2.5
44,2106,2.5
44,2119,5.0
44,2135,5.0
44,2143,4.5
44,2144,3.0
44,2165,0.5
44,2181,0.5
44,2189,2.5
44,2202,4.5
44,2216,1.5
44,2219,2.5
44,2228,4.5
44,2240,0.5
44,2242,0.5
44,2246,1.5
44,2254,3.5
44,2271,5.0
44,2275,1.0
44,2280,2.0
44,2281,0.0
44,2285,2.5
44,2292,3.0
44,2295,0.5
44,2304,2.0
44,2306,2.5
44,2310,0.5
44,2334,4.5
44,2337,4.0
44,2353,2.5
44,2363,1.0
44,2385,5.0
44,2387,5.0
44,2416,2.5
44,2417,0.0
44,2436,0.5
44,2438,3.0
44,2446,2.0
44,2452,2.0
44,2456,4.5
44,2469,0.5
44,2470,2.5
44,2491,3.5
44,2492,3.5
44,2493,0.0
44,2496,3.5
44,2497,1.5
44,2499,3.5
44,2503,0.0
44,2508,2.5
44,2512,1.0
44,2525,0.0
44,2543,2.0
44,2553,2.5
44,2559,2.5
44,2566,1.5
44,2577,4.0
44,2588,3.0
44,2589,3.0
44,2592,0.0
44,2597,2.0
44,2601,1.5
44,2604,3.5
44,2612,0.0
44,2614,5.0
44,2616,1.0
44,2619,1.0
44,2624,1.0
44,2626,4.5
44,2633,2.5
44,2636,0.5
44,2659,0.5
44,2676,3.5
44,2682,3.0
44,2686,1.0
44,2698,4.0
44,2699,2.5
44,2718,0.0
44,2743,1.5
44,2744,5.0
44,2747,0.0
44,2748,0.5
44,2752,0.0
44,2755,0.5
44,2757,2.0
44,2763,3.5
44,2771,2.5
44,2794,4.5
44,2796,4.5
44,2802,0.0
44,2803,0.5
44,2809,0.0
44,2812,4.5
44,2813,2.5
44,2828,2.0
44,2829,0.5
44,2834,4.0
44,2849,1.5
44,2852,2.5
44,2866,2.0
44,2874,3.5
44,2876,4.0
44,2885,1.0
44,2893,5.0
44,2910,0.0
44,2912,4.0
44,2919,2.0
44,2924,0.5
44,2933,0.5
44,2941,2.0
44,2951,3.0
44,2953,1.0
44,2954,4.5
44,2955,2.0
44,2960,1.5
44,2970,1.0
44,2977,0.5
44,2992,0.0
44,2993,1.5
44,3014,4.5
44,3026,1.0
44,3033,4.5
44,3039,4.0
44,3042,0.5
44,3043,4.0
44,3046,4.5
44,3051,1.5
44,3052,3.5
44,3055,0.0
44,3058,4.0
44,3074,2.0
44,3076,1.5
44,3078,3.0
44,3101,3.0
44,3102,3.0
44,3106,4.5
44,3113,2.5
44,3114,5.0
44,3116,3.0
44,3119,4.5
44,3142,2.5
44,3146,2.0
44,3154,3.0
44,3155,3.0
44,3158,3.0
44,3162,5.0
44,3166,3.5
44,3169,2.0
44,3179,3.0
44,3191,3.0
44,3201,2.0
44,3203,1.5
44,3212,2.5
44,3224,3.5
44,3237,0.5
44,3239,3.0
44,3247,3.5
44,3252,3.5
44,3255,1.0
44,3256,0.5
44,3262,3.0
44,3263,3.5
44,3265,4.0
44,3280,2.0
44,3282,0.0
44,3284,3.0
44,3305,0.0
44,3307,2.5
44,3319,0.5
44,3321,3.0
44,3323,0.0
44,3328,0.5
44,3342,2.0
44,3359,3.0
44,3376,0.5
44,3389,1.5
44,3392,2.0
44,3402,4.5
44,3414,5.0
44,3416,1.5
44,3418,0.5
44,3428,2.5
44,3445,2.5
44,3446,1.0
44,3447,1.0
44,3453,3.5
44,3455,0.0
44,3458,3.5
44,3482,2.5
44,3494,4.0
44,3500,2.0
44,3503,2.0
44,3504,2.5
44,3507,2.5
44,3523,2.5
44,3527,4.5
44,3540,1.5
44,3554,3.5
44,3555,1.5
44,3558,2.5
44,3563,3.0
44,3568,1.5
44,3572,3.5
44,3587,3.5
44,3599,3.0
44,3610,0.5
44,3627,5.0
44,3639,0.0
44,3644,4.5
44,3657,5.0
44,3661,4.0
44,3667,4.5
44,3676,3.0
44,3683,1.0
44,3693,3.5
44,3697,1.0
44,3701,4.0
44,3712,1.5
44,3717,4.5
44,3735,3.0
44,3742,4.5
44,3744,0.5
44,3756,0.0
44,3759,2.5
44,3762,5.0
44,3766,1.5
44,3773,5.0
44,3791,5.0
44,3792,4.5
44,3812,5.0
44,3841,0.0
44,3850,4.0
44,3852,5.0
44,3861,4.0
44,3867,3.0
44,3873,1.5
44,3884,2.5
44,3889,4.0
44,3891,4.0
44,3894,4.0
44,3895,1.5
44,3907,0.5
44,3911,2.0
44,3965,3.0
44,3981,5.0
44,3983,2.5
44,3987,3.0
44,3994,0.0
45,20,2.5
45,23,1.5
45,28,0.5
45,32,2.5
45,34,5.0
45,36,3.5
45,44,5.0
45,49,2.5
45,62,4.5
45,64,2.5
45,68,3.5
45,70,3.0
45,81,1.0
45,86,3.0
45,90,4.5
45,105,4.5
45,110,5.0
45,124,4.0
45,143,1.5
45,145,2.0
45,148,3.0
45,171,0.5
45,195,2.0
45,199,4.5
45,203,2.0
45,209,4.0
45,229,1.0
45,233,3.0
45,242,4.0
45,244,0.0
45,250,2.5
45,252,2.5
45,256,0.0
45,269,2.5
45,277,3.0
45,295,3.0
45,303,3.0
45,322,0.5
45,347,4.5
45,349,4.5
45,353,5.0
45,362,4.5
45,366,3.5
45,390,5.0
45,421,4.5
45,432,0.5
45,437,2.5
45,443,0.0
45,444,1.5
45,454,0.0
45,455,0.5
45,457,3.5
45,458,0.5
45,466,3.0
45,480,2.5
45,484,3.5
45,492,1.0
45,503,0.5
45,515,4.0
45,517,2.5
45,521,3.0
45,528,3.0
45,538,5.0
45,540,0.5
45,541,0.5
45,544,3.5
45,551,1.0
45,573,3.0
45,598,0.0
45,600,4.0
45,606,0.5
45,612,0.5
45,616,0.5
45,618,1.0
45,622,3.0
45,625,2.5
45,626,2.0
45,631,0.0
45,632,4.5
45,633,0.0
45,636,1.0
45,637,4.0
45,651,2.5
45,658,2.5
45,677,5.0
45,679,5.0
45,681,2.0
45,682,2.5
45,685,2.0
45,702,2.5
45,705,4.5
45,708,3.5
45,731,5.0
45,732,1.5
45,733,5.0
45,736,3.0
45,744,4.0
45,748,5.0
45,755,2.5
45,764,0.5
45,780,2.5
45,784,4.0
45,788,2.0
45,789,3.0
45,795,0.0
45,815,4.5
45,818,1.5
45,824,0.0
45,831,4.5
45,834,2.5
45,838,0.0
45,846,5.0
45,850,1.5
45,851,1.0
45,858,0.5
45,872,1.5
45,876,1.0
45,879,3.5
45,884,5.0
45,886,3.5
45,887,0.0
45,888,2.0
45,896,2.5
45,911,4.0
45,920,5.0
45,924,5.0
45,937,3.0
45,939,3.5
45,946,1.5
45,949,3.0
45,966,0.0
45,968,4.0
45,969,2.5
45,976,3.0
45,977,3.0
45,983,2.5
45,987,4.0
45,998,2.0
45,1004,2.5
45,1005,2.5
45,1006,0.0
45,1008,1.0
45,1018,1.5
45,1019,2.5
45,1028,3.0
45,1058,4.0
45,1062,1.0
45,1063,1.0
45,1071,4.0
45,1086,3.5
45,1091,5.0
45,1105,4.5
45,1109,4.5
45,1111,2.5
45,1129,4.0
45,1159,2.5
45,1161,5.0
45,1162,5.0
45,1197,4.5
45,1199,1.0
45,1203,1.5
45,1204,4.5
45,1206,1.5
45,1208,0.0
45,1213,1.5
45,1215,0.0
45,1219,0.0
45,1235,4.5
45,1240,2.5
45,1245,5.0
45,1250,4.0
45,1253,4.5
45,1264,0.5
45,1269,4.5
45,1274,3.5
45,1279,0.0
45,1280,3.5
45,1286,3.5
45,1293,0.0
45,1308,3.0
45,1309,4.5
45,1315,3.0
45,1316,0.5
45,1321,2.0
45,1329,4.0
45,1334,1.5
45,1351,1.0
45,1358,2.5
45,1366,0.0
45,1373,2.0
45,1376,0.0
45,1386,0.0
45,1401,2.0
45,1408,1.5
45,1412,4.5
45,1423,4.0
45,1431,0.5
45,1433,2.0
45,1437,2.0
45,1444,4.5
45,1455,1.0
45,1467,2.5
45,1475,1.5
45,1484,3.5
45,1496,4.5
45,1512,5.0
45,1523,0.0
45,1532,1.5
45,1538,4.5
45,1539,4.5
45,1540,1.5
45,1542,1.5
45,1544,4.0
45,1562,1.0
45,1583,1.5
45,1588,1.0
45,1601,4.0
45,1602,3.5
45,1608,2.0
45,1623,3.5
45,1627,1.5
45,1630,2.0
45,1632,1.5
45,1638,0.0
45,1653,1.5
45,1654,1.0
45,1666,0.5
45,1672,2.5
45,1680,0.0
45,1682,1.0
45,1688,1.5
45,1693,1.0
45,1694,5.0
45,1696,0.0
45,1698,2.5
45,1701,5.0
45,1703,4.0
45,1710,5.0
45,1717,0.0
45,1724,1.0
45,1734,5.0
45,1735,4.0
45,1737,0.5
45,1740,3.0
45,1741,2.0
45,1745,3.5
45,1751,0.5
45,1754,2.5
45,1763,5.0
45,1764,1.5
45,1766,1.5
45,1776,4.0
45,1779,4.5
45,1781,3.0
45,1782,5.0
45,1783,4.5
45,1808,2.5
45,1813,5.0
45,1815,2.0
45,1817,5.0
45,1820,2.0
45,1832,0.5
45,1833,3.5
45,1838,4.0
45,1846,3.5
45,1847,4.0
45,1849,1.5
45,1850,0.0
45,1872,5.0
45,1874,3.0
45,1878,3.0
45,1887,0.0
45,1900,2.0
45,1909,1.0
45,1920,0.5
45,1921,3.5
45,1928,0.0
45,1939,4.0
45,1940,2.5
45,1949,0.5
45,1959,3.5
45,1963,4.5
45,1970,4.5
45,1991,0.0
45,1996,1.5
45,2023,4.0
45,2028,2.0
45,2030,3.0
45,2040,1.0
45,2056,1.0
45,2059,4.5
45,2069,2.0
45,2078,1.5
45,2081,3.0
45,2083,3.0
45,2087,4.0
45,2104,4.5
45,2105,3.5
45,2106,4.5
45,2109,3.5
45,2118,3.0
45,2142,4.0
45,2143,4.5
45,2144,4.5
45,2146,4.5
45,2160,4.5
45,2163,1.5
45,2181,0.0
45,2189,1.0
45,2190,3.0
45,2209,0.5
45,2216,2.0
45,2218,1.0
45,2220,2.0
45,2222,0.5
45,2228,4.5
45,2232,0.5
45,2240,5.0
45,2242,2.0
45,2251,2.5
45,2266,2.0
45,2275,1.5
45,2276,4.5
45,2278,4.0
45,2280,3.5
45,2281,1.5
45,2285,2.0
45,2294,3.0
45,2297,1.5
45,2304,4.0
45,2317,4.0
45,2320,4.0
45,2343,1.0
45,2348,3.5
45,2351,4.0
45,2359,2.0
45,2363,4.0
45,2382,0.0
45,2394,2.5
45,2403,2.5
45,2409,0.0
45,2410,2.0
45,2414,4.5
45,2417,0.5
45,2425,2.0
45,2426,2.5
45,2431,1.0
45,2432,0.5
45,2436,1.0
45,2438,0.5
45,2452,1.0
45,2469,0.0
45,2470,0.0
45,2471,2.0
45,2472,5.0
45,2476,4.5
45,2482,5.0
45,2491,4.0
45,2493,0.0
45,2496,2.0
45,2497,0.0
45,2499,3.5
45,2503,4.5
45,2512,4.0
45,2541,4.5
45,2553,4.5
45,2566,3.0
45,2574,5.0
45,2588,4.5
45,2592,2.5
45,2595,1.5
45,2601,0.5
45,2616,1.0
45,2619,4.0
45,2623,4.0
45,2624,2.5
45,2626,1.0
45,2636,5.0
45,2682,2.0
45,2686,3.5
45,2688,5.0
45,2697,3.0
45,2698,4.0
45,2699,5.0
45,2705,5.0
45,2712,2.0
45,2741,0.0
45,2743,0.5
45,2744,2.0
45,2748,0.5
45,2757,3.0
45,2758,0.0
45,2781,0.0
45,2794,3.0
45,2803,3.0
45,2804,2.5
45,2809,0.5
45,2812,4.0
45,2829,0.0
45,2834,1.0
45,2842,2.0
45,2849,4.0
45,2864,0.5
45,2867,3.5
45,2876,4.0
45,2877,2.5
45,2885,3.5
45,2890,4.0
45,2893,3.0
45,2902,0.0
45,2916,2.5
45,2932,2.0
45,2933,0.5
45,2936,4.0
45,2941,3.0
45,2951,3.0
45,2955,1.5
45,2962,0.0
45,2970,5.0
45,2976,2.5
45,2981,5.0
45,2989,2.5
45,2995,1.0
45,3002,2.5
45,3016,1.5
45,3017,1.0
45,3026,0.0
45,3029,3.5
45,3041,3.0
45,3044,5.0
45,3046,5.0
45,3047,3.0
45,3051,0.5
45,3052,4.5
45,3054,2.5
45,3072,1.0
45,3076,2.5
45,3078,2.5
45,3080,1.5
45,3108,1.5
45,3109,3.5
45,3110,2.0
45,3117,3.5
45,3119,4.0
45,3121,1.5
45,3125,4.5
45,3126,5.0
45,3131,1.0
45,3138,1.5
45,3146,3.0
45,3147,2.0
45,3150,0.5
45,3154,2.5
45,3155,2.0
45,3166,4.0
45,3167,0.0
45,3168,0.0
45,3184,1.0
45,3198,1.5
45,3203,3.0
45,3206,1.5
45,3210,2.5
45,3222,4.0
45,3223,2.0
45,3231,2.0
45,3237,1.5
45,3251,0.5
45,3252,0.5
45,3255,2.5
45,3256,3.5
45,3272,2.0
45,3275,1.5
45,3282,4.0
45,3292,0.0
45,3297,1.5
45,3300,4.0
45,3307,0.5
45,3310,2.0
45,3311,3.0
45,3313,1.5
45,3321,3.5
45,3323,4.0
45,3324,2.5
45,3325,2.5
45,3327,3.5
45,3335,4.0
45,3342,0.0
45,3348,4.5
45,3349,0.0
45,3350,2.0
45,3355,3.0
45,3356,4.0
45,3361,0.0
45,3365,1.0
45,3367,1.5
45,3384,2.5
45,3386,3.0
45,3392,0.0
45,3401,3.5
45,3406,2.0
45,3410,4.0
45,3414,3.5
45,3445,4.5
45,3446,3.5
45,3447,4.5
45,3448,2.0
45,3453,3.0
45,3458,3.0
45,3465,2.5
45,3482,1.5
45,3487,2.5
45,3494,4.5
45,3495,0.0
45,3510,5.0
45,3515,0.0
45,3523,4.5
45,3527,5.0
45,3532,0.5
45,3548,1.0
45,3566,1.5
45,3568,5.0
45,3572,5.0
45,3581,3.5
45,3587,3.0
45,3605,0.0
45,3610,2.0
45,3629,0.0
45,3634,0.5
45,3640,4.5
45,3644,5.0
45,3646,3.0
45,3647,4.0
45,3648,4.5
45,3658,3.5
45,3659,3.0
45,3661,3.5
45,3667,0.5
45,3712,3.5
45,3735,5.0
45,3739,3.5
45,3742,2.5
45,3744,0.0
45,3747,0.0
45,3750,2.0
45,3753,1.5
45,3756,3.5
45,3759,5.0
45,3766,2.5
45,3767,4.0
45,3770,2.0
45,3773,3.5
45,3781,4.5
45,3791,5.0
45,3792,5.0
45,3793,3.0
45,3797,2.5
45,3812,5.0
45,3822,4.0
45,3823,3.0
45,3826,1.5
45,3836,3.0
45,3841,3.5
45,3856,3.5
45,3859,0.0
45,3873,1.0
45,3875,5.0
45,3889,2.0
45,3891,4.5
45,3893,2.0
45,3894,1.5
45,3895,2.5
45,3903,4.5
45,3907,5.0
45,3911,1.0
45,3938,4.0
45,3960,0.5
45,3970,5.0
45,3982,2.0
45,3987,0.5
46,11,4.0
46,23,4.5
46,26,4.5
46,28,0.0
46,29,0.5
46,32,1.5
46,34,2.5
46,44,4.0
46,45,1.0
46,49,0.0
46,81,4.0
46,87,0.0
46,95,4.5
46,107,4.0
46,108,1.5
46,110,4.5
46,115,0.5
46,116,2.0
46,145,4.5
46,148,0.5
46,152,4.5
46,165,1.5
46,184,4.5
46,199,2.5
46,203,0.5
46,226,0.5
46,229,1.0
46,242,1.5
46,244,3.5
46,252,0.5
46,264,0.5
46,265,2.5
46,274,3.5
46,275,0.5
46,288,2.0
46,298,0.0
46,336,2.5
46,346,3.0
46,347,5.0
46,362,1.5
46,366,1.5
46,377,1.0
46,385,1.5
46,389,0.5
46,390,3.5
46,404,4.5
46,411,5.0
46,413,0.0
46,421,5.0
46,425,4.5
46,444,4.0
46,459,0.5
46,465,3.0
46,477,4.0
46,478,2.5
46,482,4.5
46,495,4.0
46,503,3.5
46,504,4.0
46,515,3.0
46,525,5.0
46,528,3.0
46,544,5.0
46,551,4.0
46,562,2.0
46,566,4.0
46,569,2.0
46,576,3.5
46,582,0.0
46,596,3.5
46,602,2.5
46,606,3.0
46,622,0.0
46,626,4.5
46,631,2.0
46,632,5.0
46,633,3.5
46,637,2.5
46,642,1.0
46,651,1.5
46,668,0.5
46,669,2.0
46,673,3.0
46,677,4.5
46,679,2.5
46,681,5.0
46,696,3.5
46,705,5.0
46,708,3.0
46,727,3.5
46,729,1.0
46,731,2.5
46,736,0.5
46,737,3.5
46,744,4.5
46,749,3.0
46,754,0.0
46,780,4.5
46,786,0.0
46,788,0.0
46,800,1.5
46,802,3.5
46,806,0.0
46,818,0.5
46,819,0.0
46,831,3.5
46,834,3.0
46,838,4.5
46,859,5.0
46,872,3.0
46,873,2.0
46,876,4.0
46,880,1.5
46,883,2.0
46,885,3.5
46,886,4.0
46,887,3.5
46,904,2.0
46,911,4.0
46,916,3.5
46,924,2.0
46,927,0.5
46,937,0.0
46,950,5.0
46,955,5.0
46,958,0.5
46,966,0.0
46,968,2.5
46,976,3.5
46,1002,5.0
46,1003,0.5
46,1006,1.0
46,1008,4.0
46,1018,0.5
46,1019,2.5
46,1021,3.0
46,1035,4.0
46,1039,3.5
46,1047,1.5
46,1049,1.0
46,1057,3.0
46,1068,0.0
46,1076,3.0
46,1087,1.5
46,1100,0.5
46,1105,1.0
46,1114,4.5
46,1122,3.0
46,1137,5.0
46,1146,0.5
46,1159,0.5
46,1161,0.5
46,1171,1.0
46,1194,5.0
46,1197,5.0
46,1204,4.5
46,1206,0.5
46,1215,0.0
46,1218,1.0
46,1223,5.0
46,1235,4.0
46,1240,5.0
46,1249,4.0
46,1250,4.5
46,1253,0.5
46,1264,3.0
46,1274,2.5
46,1279,3.0
46,1309,4.5
46,1316,5.0
46,1321,0.5
46,1351,1.5
46,1355,4.0
46,1373,1.0
46,1376,0.0
46,1379,0.0
46,1383,4.0
46,1395,1.0
46,1401,5.0
46,1402,4.5
46,1405,1.0
46,1410,1.0
46,1416,2.0
46,1423,0.0
46,1427,2.5
46,1431,4.0
46,1433,2.5
46,1442,0.0
46,1444,3.0
46,1475,4.5
46,1480,2.5
46,1483,4.0
46,1491,3.5
46,1496,4.5
46,1514,3.0
46,1516,3.5
46,1523,0.0
46,1529,4.5
46,1540,4.5
46,1547,3.5
46,1561,1.0
46,1562,1.5
46,1574,5.0
46,1601,0.5
46,1627,0.5
46,1628,0.5
46,1653,5.0
46,1676,3.0
46,1677,2.0
46,1680,1.0
46,1688,2.0
46,1690,3.5
46,1694,2.5
46,1696,3.5
46,1699,3.5
46,1703,0.0
46,1711,2.0
46,1717,0.5
46,1722,4.5
46,1724,1.0
46,1734,1.5
46,1735,0.0
46,1737,4.0
46,1741,3.0
46,1751,2.0
46,1760,1.0
46,1770,2.0
46,1776,4.5
46,1779,3.0
46,1781,0.5
46,1791,5.0
46,1794,2.0
46,1802,1.0
46,1818,2.5
46,1819,0.5
46,1820,2.0
46,1823,0.0
46,1832,1.5
46,1838,4.5
46,1841,3.0
46,1846,0.5
46,1855,0.0
46,1874,3.0
46,1878,0.5
46,1894,3.0
46,1921,3.5
46,1959,2.5
46,1963,3.0
46,1967,2.5
46,1968,0.5
46,1996,1.5
46,1997,4.0
46,1999,4.0
46,2011,1.0
46,2018,2.0
46,2020,4.0
46,2044,5.0
46,2055,2.5
46,2060,1.5
46,2062,2.5
46,2078,4.5
46,2080,0.5
46,2081,4.5
46,2084,0.0
46,2095,1.0
46,2096,0.0
46,2099,4.5
46,2102,0.0
46,2109,4.5
46,2114,1.5
46,2118,4.5
46,2119,3.5
46,2134,4.0
46,2142,2.5
46,2144,4.5
46,2146,3.5
46,2164,4.0
46,2165,0.0
46,2173,2.0
46,2174,3.0
46,2181,2.0
46,2187,5.0
46,2190,2.5
46,2202,1.0
46,2228,2.5
46,2240,1.5
46,2246,1.0
46,2257,2.0
46,2261,0.0
46,2264,4.5
46,2271,3.5
46,2276,0.0
46,2277,5.0
46,2278,4.5
46,2288,0.5
46,2292,3.0
46,2306,3.0
46,2308,0.5
46,2310,1.0
46,2317,2.0
46,2319,0.0
46,2329,2.0
46,2334,1.5
46,2337,4.0
46,2339,4.0
46,2341,0.0
46,2343,2.0
46,2346,1.0
46,2348,2.0
46,2353,4.0
46,2359,0.0
46,2363,2.5
46,2367,5.0
46,2403,3.5
46,2417,5.0
46,2425,3.0
46,2426,0.5
46,2431,0.5
46,2436,5.0
46,2444,4.0
46,2446,0.5
46,2469,0.5
46,2471,3.0
46,2472,3.0
46,2476,4.0
46,2478,3.5
46,2482,2.0
46,2495,0.0
46,2497,4.0
46,2499,2.0
46,2508,0.0
46,2512,0.0
46,2544,4.0
46,2553,2.0
46,2556,3.5
46,2563,4.0
46,2574,4.0
46,2577,2.0
46,2588,2.0
46,2595,3.5
46,2596,4.5
46,2597,0.0
46,2601,4.0
46,2604,0.0
46,2624,0.5
46,2625,4.5
46,2626,3.0
46,2649,1.0
46,2650,0.5
46,2653,2.0
46,2659,5.0
46,2667,2.0
46,2675,4.0
46,2694,4.0
46,2700,0.5
46,2705,3.0
46,2712,0.0
46,2725,4.5
46,2730,5.0
46,2735,3.0
46,2741,0.0
46,2747,0.5
46,2758,4.5
46,2763,3.0
46,2796,1.0
46,2802,2.0
46,2803,3.0
46,2809,3.0
46,2813,2.0
46,2818,5.0
46,2828,5.0
46,2829,1.5
46,2849,1.5
46,2851,3.5
46,2867,0.5
46,2873,4.5
46,2874,2.5
46,2912,3.5
46,2914,4.5
46,2936,2.5
46,2953,2.0
46,2960,2.0
46,2962,2.0
46,2970,3.5
46,2975,3.0
46,2976,2.0
46,2977,1.0
46,2989,0.0
46,2992,1.5
46,3036,1.5
46,3044,2.5
46,3046,1.0
46,3047,3.0
46,3055,4.0
46,3074,2.5
46,3076,4.0
46,3101,1.0
46,3109,4.5
46,3113,1.5
46,3114,0.0
46,3116,4.5
46,3121,3.5
46,3122,0.0
46,3126,3.5
46,3128,1.5
46,3131,4.0
46,3134,2.5
46,3142,3.0
46,3147,4.0
46,3154,3.5
46,3158,1.5
46,3166,5.0
46,3168,0.0
46,3169,5.0
46,3194,1.5
46,3198,5.0
46,3203,3.5
46,3206,2.0
46,3208,0.0
46,3209,1.5
46,3224,3.5
46,3226,2.0
46,3232,2.0
46,3242,4.0
46,3251,3.0
46,3256,0.5
46,3262,4.5
46,3263,0.0
46,3265,0.5
46,3267,1.5
46,3280,1.0
46,3292,2.0
46,3300,4.0
46,3319,0.5
46,3323,1.5
46,3324,0.0
46,3335,2.0
46,3342,0.0
46,3348,3.5
46,3355,1.5
46,3361,4.0
46,3370,0.0
46,3375,1.5
46,3386,2.0
46,3389,1.0
46,3400,2.5
46,3402,0.0
46,3416,3.0
46,3428,3.5
46,3447,3.5
46,3448,2.0
46,3453,4.0
46,3455,1.5
46,3456,0.5
46,3458,5.0
46,3470,2.0
46,3482,4.0
46,3495,2.5
46,3504,2.5
46,3507,0.5
46,3509,1.0
46,3515,0.0
46,3521,3.0
46,3527,4.0
46,3530,1.0
46,3532,2.0
46,3540,1.0
46,3542,5.0
46,3548,3.0
46,3568,3.0
46,3578,4.0
46,3587,0.5
46,3605,1.5
46,3608,2.0
46,3627,0.0
46,3639,0.0
46,3643,4.0
46,3644,3.5
46,3646,3.5
46,3647,4.5
46,3648,2.0
46,3651,1.5
46,3658,4.5
46,3659,4.5
46,3675,2.5
46,3676,4.5
46,3697,2.5
46,3701,2.0
46,3712,4.5
46,3730,0.0
46,3741,4.0
46,3747,0.5
46,3756,0.5
46,3761,4.0
46,3767,3.5
46,3773,3.5
46,3780,0.0
46,3781,4.5
46,3792,3.0
46,3793,2.5
46,3821,5.0
46,3822,5.0
46,3836,3.0
46,3841,3.0
46,3850,3.5
46,3852,3.5
46,3859,4.0
46,3861,4.0
46,3871,0.0
46,3874,4.5
46,3882,5.0
46,3884,3.5
46,3889,4.0
46,3918,5.0
46,3938,5.0
46,3957,3.0
46,3960,4.0
46,3965,2.0
46,3981,5.0
46,3986,4.5
46,3997,4.5
47,9,2.0
47,19,1.0
47,20,4.0
47,23,0.0
47,26,3.5
47,28,4.0
47,32,4.5
47,36,5.0
47,44,4.5
47,45,4.0
47,55,0.0
47,63,2.5
47,64,3.5
47,81,4.5
47,86,4.0
47,87,3.5
47,90,4.0
47,107,5.0
47,108,1.0
47,112,0.5
47,115,3.5
47,124,3.0
47,140,0.5
47,143,4.0
47,145,4.0
47,152,3.5
47,161,3.5
47,165,1.0
47,184,2.0
47,190,3.0
47,203,1.5
47,229,2.0
47,233,1.0
47,250,4.0
47,252,4.5
47,256,3.0
47,265,3.5
47,266,5.0
47,269,0.0
47,275,3.5
47,297,0.5
47,298,1.5
47,319,1.0
47,324,3.5
47,327,4.0
47,336,2.0
47,346,2.0
47,349,1.0
47,353,5.0
47,366,1.5
47,371,3.5
47,375,5.0
47,377,5.0
47,389,0.0
47,401,3.5
47,404,2.5
47,411,3.0
47,413,0.0
47,420,1.0
47,421,2.0
47,428,1.5
47,432,4.5
47,437,4.0
47,443,4.0
47,477,1.5
47,478,1.5
47,480,0.5
47,482,0.5
47,504,3.5
47,515,0.5
47,517,3.5
47,534,1.0
47,544,4.0
47,566,1.0
47,569,5.0
47,576,2.5
47,598,2.5
47,600,0.0
47,616,1.0
47,619,4.5
47,622,1.5
47,624,1.5
47,625,0.5
47,631,2.5
47,633,0.5
47,647,0.5
47,673,5.0
47,682,2.5
47,685,0.0
47,697,0.0
47,699,4.5
47,729,0.0
47,738,4.5
47,744,0.0
47,748,4.0
47,749,4.0
47,778,0.5
47,784,3.0
47,788,2.0
47,795,4.0
47,806,4.0
47,814,5.0
47,816,2.5
47,819,3.5
47,824,2.0
47,830,4.0
47,831,1.5
47,834,2.0
47,851,0.0
47,858,3.5
47,872,3.5
47,876,3.5
47,883,5.0
47,885,4.0
47,887,2.0
47,894,3.0
47,904,0.0
47,911,0.0
47,916,1.5
47,919,2.0
47,920,1.5
47,927,2.0
47,937,2.5
47,941,1.5
47,949,4.0
47,950,4.0
47,955,3.5
47,966,2.5
47,967,3.5
47,972,1.0
47,983,0.0
47,1003,0.0
47,1013,0.5
47,1018,3.5
47,1019,2.5
47,1021,1.5
47,1025,4.5
47,1039,0.0
47,1049,5.0
47,1063,1.5
47,1082,3.5
47,1100,1.0
47,1109,2.5
47,1110,0.0
47,1111,3.5
47,1114,1.0
47,1128,1.0
47,1159,4.5
47,1166,3.5
47,1171,5.0
47,1183,3.0
47,1194,2.0
47,1197,1.5
47,1198,1.0
47,1206,1.5
47,1208,4.5
47,1210,1.5
47,1218,0.0
47,1223,0.0
47,1226,5.0
47,1228,0.5
47,1250,4.0
47,1251,4.0
47,1278,2.0
47,1292,4.5
47,1293,4.0
47,1316,2.5
47,1333,5.0
47,1342,4.0
47,1346,3.5
47,1351,5.0
47,1352,1.5
47,1358,4.0
47,1366,1.5
47,1373,0.0
47,1379,4.5
47,1387,3.0
47,1389,4.0
47,1401,2.5
47,1402,3.5
47,1408,4.0
47,1410,1.0
47,1412,3.5
47,1421,0.0
47,1423,0.5
47,1426,0.5
47,1429,0.5
47,1431,3.5
47,1433,2.0
47,1442,0.0
47,1444,2.5
47,1455,2.5
47,1467,4.5
47,1512,3.0
47,1516,0.5
47,1518,3.5
47,1523,4.5
47,1529,3.5
47,1532,0.0
47,1538,1.0
47,1540,0.5
47,1542,2.0
47,1544,2.5
47,1561,0.0
47,1588,2.5
47,1602,3.0
47,1608,3.0
47,1609,4.5
47,1615,2.0
47,1616,1.5
47,1622,2.0
47,1624,3.0
47,1627,1.0
47,1632,4.0
47,1638,2.5
47,1643,2.5
47,1647,4.5
47,1649,1.0
47,1653,1.0
47,1654,3.0
47,1659,0.0
47,1677,0.5
47,1680,0.0
47,1681,1.5
47,1682,0.0
47,1688,3.5
47,1698,3.5
47,1701,4.5
47,1711,0.5
47,1724,0.0
47,1727,0.0
47,1735,0.0
47,1737,0.0
47,1740,4.5
47,1745,4.5
47,1751,3.5
47,1758,1.0
47,1764,1.5
47,1782,4.5
47,1783,1.5
47,1802,5.0
47,1808,0.5
47,1820,1.0
47,1842,2.5
47,1849,3.0
47,1855,3.0
47,1859,0.5
47,1865,1.5
47,1874,0.0
47,1887,1.5
47,1894,3.0
47,1900,4.5
47,1909,2.0
47,1913,2.5
47,1918,3.0
47,1920,4.5
47,1928,5.0
47,1939,3.5
47,1940,2.0
47,1949,0.0
47,1951,3.5
47,1959,4.5
47,1963,2.0
47,1967,1.0
47,1968,4.0
47,1969,2.5
47,1970,1.0
47,1988,5.0
47,1995,1.0
47,2023,5.0
47,2028,1.5
47,2030,2.0
47,2036,1.0
47,2043,5.0
47,2056,3.5
47,2059,3.5
47,2067,0.5
47,2069,1.0
47,2078,4.5
47,2080,0.5
47,2081,0.0
47,2083,0.5
47,2084,3.5
47,2087,4.5
47,2095,2.0
47,2106,1.0
47,2119,3.5
47,2143,3.5
47,2144,1.5
47,2163,4.5
47,2164,1.0
47,2165,2.0
47,2179,0.5
47,2181,3.5
47,2187,3.5
47,2195,5.0
47,2218,4.0
47,2219,5.0
47,2224,4.0
47,2240,5.0
47,2254,0.0
47,2257,5.0
47,2261,1.5
47,2264,4.0
47,2266,1.5
47,2267,1.5
47,2271,3.5
47,2275,3.5
47,2277,2.5
47,2278,4.5
47,2281,4.0
47,2288,5.0
47,2294,5.0
47,2295,3.5
47,2297,2.0
47,2304,4.5
47,2306,0.5
47,2310,5.0
47,2317,3.5
47,2337,3.0
47,2341,3.5
47,2351,4.0
47,2359,1.0
47,2367,4.5
47,2368,2.5
47,2382,4.0
47,2385,2.0
47,2394,1.0
47,2409,3.0
47,2411,3.0
47,2414,4.0
47,2417,3.0
47,2426,0.0
47,2431,5.0
47,2432,4.5
47,2436,0.5
47,2438,1.5
47,2444,0.5
47,2452,4.0
47,2470,4.5
47,2476,1.5
47,2478,5.0
47,2482,2.5
47,2492,2.5
47,2496,0.5
47,2503,1.5
47,2525,2.5
47,2541,2.5
47,2556,4.5
47,2574,3.5
47,2588,1.0
47,2597,2.0
47,2614,1.5
47,2619,4.5
47,2623,4.0
47,2624,4.5
47,2633,4.0
47,2637,1.0
47,2653,3.0
47,2667,3.5
47,2675,3.5
47,2681,3.5
47,2694,2.0
47,2697,1.5
47,2700,2.5
47,2718,4.0
47,2725,1.5
47,2741,1.0
47,2744,3.5
47,2747,1.0
47,2748,0.5
47,2757,0.5
47,2763,3.0
47,2767,1.0
47,2785,1.0
47,2803,3.5
47,2809,5.0
47,2812,0.0
47,2813,3.5
47,2828,5.0
47,2829,1.5
47,2834,4.0
47,2837,4.0
47,2858,1.0
47,2864,0.5
47,2876,4.5
47,2877,3.5
47,2890,0.5
47,2893,1.5
47,2912,3.0
47,2916,3.5
47,2919,0.0
47,2926,0.5
47,2932,0.0
47,2933,3.5
47,2941,4.0
47,2953,5.0
47,2954,0.5
47,2955,4.0
47,2958,2.5
47,2977,3.5
47,2989,1.0
47,2992,3.5
47,2993,2.5
47,2995,0.5
47,3002,5.0
47,3008,0.0
47,3041,1.0
47,3042,3.0
47,3046,4.0
47,3051,4.5
47,3054,4.0
47,3055,2.5
47,3058,4.5
47,3072,3.0
47,3074,2.0
47,3102,4.0
47,3106,1.0
47,3109,3.5
47,3113,1.5
47,3114,3.5
47,3119,5.0
47,3126,4.5
47,3128,4.0
47,3138,3.0
47,3142,0.5
47,3147,3.0
47,3150,2.0
47,3154,4.0
47,3155,0.5
47,3158,2.5
47,3168,2.5
47,3179,3.5
47,3191,4.0
47,3201,0.0
47,3208,3.0
47,3222,2.5
47,3226,0.5
47,3239,3.5
47,3242,1.0
47,3255,1.5
47,3258,5.0
47,3259,2.5
47,3262,0.0
47,3267,3.5
47,3272,0.0
47,3282,1.5
47,3284,4.0
47,3289,0.0
47,3298,5.0
47,3310,4.0
47,3311,4.5
47,3324,5.0
47,3325,4.5
47,3345,0.0
47,3347,2.5
47,3355,3.0
47,3361,0.5
47,3365,4.0
47,3367,4.5
47,3376,5.0
47,3383,1.5
47,3386,4.0
47,3389,4.0
47,3393,0.0
47,3401,1.0
47,3402,0.0
47,3413,4.0
47,3414,4.0
47,3416,1.5
47,3428,5.0
47,3445,1.0
47,3446,3.5
47,3448,1.5
47,3455,3.0
47,3458,2.0
47,3465,3.0
47,3470,1.5
47,3487,3.5
47,3494,0.5
47,3507,2.5
47,3509,2.0
47,3521,2.5
47,3523,3.0
47,3530,2.5
47,3532,1.5
47,3533,5.0
47,3548,0.5
47,3554,0.5
47,3555,4.5
47,3563,2.0
47,3566,3.5
47,3572,1.0
47,3578,1.0
47,3587,3.0
47,3599,2.0
47,3610,2.5
47,3619,2.0
47,3629,1.0
47,3634,0.5
47,3643,4.5
47,3648,2.5
47,3658,1.5
47,3659,2.0
47,3661,1.0
47,3667,2.0
47,3676,0.0
47,3683,4.5
47,3693,3.5
47,3695,2.0
47,3701,0.0
47,3712,0.0
47,3717,3.0
47,3735,1.0
47,3740,3.5
47,3750,4.5
47,3753,3.0
47,3766,2.5
47,3770,4.0
47,3793,0.0
47,3797,3.0
47,3812,3.0
47,3821,0.0
47,3836,1.0
47,3841,0.5
47,3850,0.0
47,3856,0.0
47,3859,0.5
47,3860,2.5
47,3861,0.5
47,3865,0.0
47,3867,2.0
47,3871,3.0
47,3874,1.0
47,3881,2.5
47,3884,2.5
47,3889,3.5
47,3891,4.0
47,3893,5.0
47,3895,3.0
47,3906,4.5
47,3911,4.5
47,3918,2.5
47,3938,1.5
47,3951,4.5
47,3957,0.0
47,3960,3.0
47,3965,1.0
47,3982,1.0
47,3986,0.0
47,3997,0.0
48,20,1.5
48,23,4.0
48,26,4.5
48,29,0.5
48,32,3.0
48,36,4.5
48,42,0.5
48,44,1.0
48,55,1.5
48,63,5.0
48,70,4.0
48,76,4.5
48,81,3.5
48,105,1.0
48,107,4.0
48,110,2.5
48,112,2.5
48,116,3.5
48,118,3.5
48,124,2.5
48,140,3.5
48,143,0.5
48,161,5.0
48,184,5.0
48,195,2.0
48,203,0.0
48,207,4.5
48,229,2.5
48,233,1.5
48,241,3.5
48,248,1.5
48,250,4.5
48,252,1.0
48,256,3.5
48,264,4.5
48,266,5.0
48,273,5.0
48,288,0.5
48,295,1.0
48,297,0.5
48,298,3.0
48,303,3.0
48,319,3.5
48,322,5.0
48,336,4.0
48,347,4.0
48,349,4.5
48,358,0.0
48,362,2.0
48,371,5.0
48,377,1.0
48,411,4.0
48,425,1.0
48,432,2.5
48,444,3.0
48,454,0.5
48,459,4.0
48,465,1.0
48,466,2.0
48,470,0.0
48,478,2.5
48,479,0.5
48,484,2.0
48,489,2.0
48,491,5.0
48,492,1.5
48,503,3.0
48,509,0.5
48,512,4.0
48,514,4.5
48,525,0.5
48,541,1.5
48,547,0.0
48,551,4.5
48,563,3.0
48,566,4.0
48,576,4.0
48,600,1.5
48,602,1.0
48,606,1.5
48,618,4.5
48,624,2.5
48,625,0.0
48,632,1.0
48,636,2.0
48,647,0.5
48,658,3.0
48,673,3.0
48,677,4.5
48,679,2.0
48,696,1.0
48,727,0.5
48,755,0.5
48,768,0.0
48,778,3.5
48,780,4.5
48,784,4.0
48,786,4.5
48,788,0.5
48,789,0.0
48,800,2.5
48,802,3.0
48,818,3.5
48,830,0.0
48,831,3.0
48,848,5.0
48,850,5.0
48,858,1.5
48,872,2.0
48,880,1.5
48,885,1.5
48,886,4.5
48,887,3.0
48,888,4.5
48,896,3.5
48,904,3.0
48,919,0.5
48,949,3.0
48,950,0.5
48,968,2.0
48,969,0.0
48,972,3.5
48,983,3.0
48,998,5.0
48,1003,0.0
48,1008,2.0
48,1018,0.5
48,1021,0.0
48,1025,2.5
48,1039,4.0
48,1041,0.0
48,1047,4.0
48,1068,0.0
48,1071,4.0
48,1076,0.5
48,1091,4.0
48,1109,3.5
48,1110,4.0
48,1112,4.0
48,1122,2.5
48,1128,1.0
48,1132,1.0
48,1137,0.0
48,1171,0.0
48,1197,3.5
48,1203,2.0
48,1204,5.0
48,1210,0.0
48,1215,1.5
48,1219,4.0
48,1226,2.0
48,1249,2.0
48,1250,0.0
48,1253,4.0
48,1258,2.5
48,1261,4.5
48,1269,4.0
48,1278,4.5
48,1279,4.0
48,1293,0.0
48,1302,3.0
48,1308,0.5
48,1313,4.5
48,1316,2.5
48,1329,3.5
48,1334,2.0
48,1346,3.0
48,1351,3.0
48,1352,4.0
48,1355,0.0
48,1376,0.5
48,1383,0.5
48,1387,1.5
48,1395,3.5
48,1405,2.0
48,1412,2.0
48,1433,2.0
48,1444,0.5
48,1447,0.5
48,1467,4.0
48,1475,4.5
48,1484,1.0
48,1491,4.0
48,1496,0.0
48,1506,3.0
48,1518,2.5
48,1520,1.5
48,1529,4.5
48,1540,0.5
48,1544,1.5
48,1562,1.5
48,1583,1.0
48,1588,0.0
48,1601,0.0
48,1608,2.5
48,1609,5.0
48,1616,4.5
48,1623,0.5
48,1627,1.0
48,1628,0.0
48,1630,3.0
48,1635,2.0
48,1639,3.0
48,1647,5.0
48,1649,0.5
48,1653,4.5
48,1663,1.0
48,1666,3.0
48,1672,2.5
48,1676,2.0
48,1682,2.0
48,1688,1.5
48,1690,1.0
48,1693,3.0
48,1694,1.5
48,1696,4.5
48,1699,4.0
48,1703,1.0
48,1727,1.0
48,1734,4.0
48,1738,2.5
48,1740,2.0
48,1741,2.0
48,1745,1.0
48,1764,3.5
48,1770,5.0
48,1776,0.5
48,1779,3.0
48,1783,5.0
48,1816,3.0
48,1819,0.0
48,1820,1.5
48,1823,1.5
48,1832,4.5
48,1838,5.0
48,1847,1.0
48,1855,3.0
48,1859,2.0
48,1872,1.0
48,1878,4.0
48,1894,5.0
48,1900,4.5
48,1913,3.0
48,1918,3.5
48,1921,3.0
48,1928,3.5
48,1939,0.5
48,1951,1.0
48,1960,4.0
48,1967,1.5
48,1997,4.5
48,2018,0.5
48,2020,3.5
48,2023,0.0
48,2025,2.0
48,2030,5.0
48,2043,0.0
48,2055,1.0
48,2062,3.0
48,2071,4.0
48,2080,0.0
48,2095,0.5
48,2099,1.0
48,2104,2.5
48,2105,0.5
48,2118,0.5
48,2134,4.5
48,2135,2.0
48,2143,1.0
48,2160,3.5
48,2163,5.0
48,2165,1.5
48,2179,1.5
48,2181,5.0
48,2219,0.5
48,2232,1.0
48,2246,3.5
48,2251,0.0
48,2257,0.5
48,2261,0.0
48,2266,1.0
48,2275,5.0
48,2276,4.5
48,2277,3.0
48,2278,1.0
48,2281,0.5
48,2285,2.5
48,2289,5.0
48,2298,2.5
48,2304,4.0
48,2306,2.0
48,2314,5.0
48,2317,0.5
48,2320,4.5
48,2334,0.5
48,2337,0.0
48,2346,2.0
48,2348,0.0
48,2351,3.5
48,2382,2.0
48,2387,0.5
48,2414,2.0
48,2416,3.0
48,2431,5.0
48,2471,4.0
48,2472,5.0
48,2476,4.0
48,2492,3.0
48,2496,2.0
48,2508,2.0
48,2525,4.0
48,2544,0.5
48,2563,0.0
48,2589,1.5
48,2616,4.0
48,2623,2.5
48,2650,3.0
48,2653,1.0
48,2659,1.5
48,2676,3.0
48,2682,1.0
48,2694,1.5
48,2697,0.0
48,2698,4.5
48,2699,3.5
48,2712,4.0
48,2725,4.5
48,2748,3.0
48,2752,3.5
48,2755,5.0
48,2757,1.0
48,2761,2.0
48,2767,0.0
48,2771,2.0
48,2780,4.0
48,2799,4.0
48,2825,2.5
48,2837,5.0
48,2849,1.5
48,2858,3.5
48,2860,1.5
48,2864,3.5
48,2866,3.5
48,2867,3.0
48,2877,0.0
48,2890,0.0
48,2912,5.0
48,2914,3.5
48,2932,4.5
48,2951,1.0
48,2960,0.5
48,2976,0.5
48,2977,1.5
48,2981,1.0
48,2992,0.0
48,3002,5.0
48,3008,4.0
48,3017,4.0
48,3026,4.5
48,3029,0.0
48,3036,1.0
48,3039,0.0
48,3041,2.5
48,3042,0.5
48,3043,5.0
48,3044,1.5
48,3047,2.5
48,3050,3.0
48,3053,1.5
48,3055,1.0
48,3072,2.5
48,3076,5.0
48,3080,5.0
48,3093,2.0
48,3104,2.5
48,3109,1.0
48,3110,1.5
48,3113,3.5
48,3114,3.5
48,3116,0.0
48,3119,0.5
48,3121,4.0
48,3131,4.5
48,3133,1.0
48,3134,4.5
48,3154,4.0
48,3155,1.0
48,3168,5.0
48,3169,4.0
48,3194,1.0
48,3203,2.5
48,3206,5.0
48,3210,4.5
48,3212,0.0
48,3215,2.5
48,3224,2.0
48,3231,4.0
48,3232,2.0
48,3242,5.0
48,3247,4.0
48,3256,1.5
48,3265,4.5
48,3272,1.0
48,3280,2.0
48,3284,0.5
48,3297,2.0
48,3298,3.0
48,3310,5.0
48,3313,1.5
48,3321,4.5
48,3322,1.5
48,3324,0.5
48,3342,4.5
48,3355,2.5
48,3370,5.0
48,3386,4.5
48,3413,5.0
48,3423,1.5
48,3446,1.5
48,3447,2.5
48,3448,3.0
48,3455,0.0
48,3456,2.5
48,3458,4.5
48,3465,0.5
48,3470,1.0
48,3494,2.5
48,3504,3.5
48,3509,2.0
48,3510,2.5
48,3530,0.0
48,3533,3.5
48,3540,4.5
48,3542,2.5
48,3554,1.5
48,3558,1.5
48,3568,3.5
48,3578,2.5
48,3592,1.5
48,3605,3.5
48,3608,0.0
48,3610,2.0
48,3619,0.0
48,3634,0.5
48,3644,3.5
48,3647,4.0
48,3648,5.0
48,3651,2.5
48,3657,3.0
48,3658,4.0
48,3661,0.0
48,3667,2.5
48,3695,3.0
48,3697,1.5
48,3705,2.0
48,3712,1.0
48,3732,0.5
48,3739,0.0
48,3741,4.0
48,3742,3.0
48,3744,3.0
48,3747,1.0
48,3762,2.0
48,3766,2.0
48,3767,0.0
48,3770,5.0
48,3773,2.5
48,3793,0.0
48,3797,2.0
48,3823,1.5
48,3841,1.0
48,3843,4.5
48,3850,1.0
48,3856,0.0
48,3867,4.5
48,3873,3.5
48,3874,2.5
48,3875,0.0
48,3882,3.5
48,3891,1.0
48,3893,4.5
48,3907,4.5
48,3918,3.5
48,3965,0.5
48,3981,1.0
48,3982,5.0
48,3997,2.5
49,4,4.5
49,20,2.5
49,26,5.0
49,32,0.5
49,36,0.0
49,63,0.0
49,87,2.5
49,90,4.5
49,95,0.5
49,116,0.5
49,133,5.0
49,140,2.5
49,149,0.5
49,185,4.5
49,190,1.0
49,199,1.0
49,203,4.0
49,207,2.5
49,209,3.5
49,215,2.0
49,229,5.0
49,233,2.0
49,235,0.5
49,241,0.5
49,242,3.5
49,265,0.0
49,274,4.0
49,314,3.0
49,324,0.5
49,336,1.5
49,362,2.0
49,383,2.0
49,390,1.0
49,401,4.5
49,404,1.0
49,413,0.5
49,414,2.5
49,420,2.0
49,421,4.5
49,432,4.0
49,443,0.0
49,444,5.0
49,457,2.0
49,459,2.0
49,465,3.5
49,466,2.0
49,476,2.0
49,477,1.0
49,480,5.0
49,484,3.0
49,492,2.0
49,495,4.0
49,512,2.0
49,515,4.5
49,521,0.5
49,547,2.0
49,563,0.0
49,596,5.0
49,616,1.5
49,619,1.5
49,624,3.5
49,626,2.5
49,637,4.5
49,651,2.5
49,668,4.0
49,669,4.0
49,673,5.0
49,699,1.0
49,702,0.0
49,708,2.0
49,727,5.0
49,729,5.0
49,731,3.5
49,736,4.0
49,744,1.5
49,749,0.5
49,751,5.0
49,754,5.0
49,755,5.0
49,764,1.5
49,768,2.5
49,775,2.5
49,786,2.5
49,795,2.5
49,802,1.5
49,815,4.0
49,816,2.5
49,818,5.0
49,819,1.5
49,824,4.0
49,830,0.0
49,834,5.0
49,838,5.0
49,848,0.5
49,851,0.0
49,872,4.5
49,880,3.5
49,883,1.0
49,884,3.5
49,887,2.5
49,888,3.0
49,889,3.5
49,904,2.5
49,911,5.0
49,920,2.0
49,937,0.5
49,946,1.5
49,949,2.5
49,967,0.0
49,968,4.0
49,976,3.0
49,977,3.5
49,987,1.0
49,1003,2.0
49,1005,3.5
49,1013,1.5
49,1025,0.0
49,1035,2.5
49,1041,3.5
49,1058,3.0
49,1062,1.0
49,1068,5.0
49,1076,3.0
49,1087,1.0
49,1101,2.0
49,1105,3.5
49,1109,1.0
49,1111,4.5
49,1114,3.0
49,1122,0.5
49,1128,0.5
49,1146,3.5
49,1150,3.5
49,1161,2.5
49,1162,2.0
49,1166,0.5
49,1180,1.5
49,1183,1.0
49,1198,2.0
49,1199,0.0
49,1203,3.5
49,1208,5.0
49,1210,1.0
49,1218,0.5
49,1219,5.0
49,1235,3.5
49,1240,1.0
49,1245,4.5
49,1251,1.0
49,1258,4.0
49,1269,5.0
49,1280,3.5
49,1282,2.0
49,1284,3.0
49,1292,0.5
49,1293,4.0
49,1302,1.0
49,1308,0.5
49,1309,2.0
49,1316,3.0
49,1320,4.5
49,1321,5.0
49,1334,0.0
49,1366,3.0
49,1376,4.5
49,1383,0.0
49,1389,1.0
49,1405,2.5
49,1410,0.5
49,1429,5.0
49,1433,3.0
49,1437,3.5
49,1444,4.5
49,1447,0.5
49,1463,5.0
49,1480,0.0
49,1483,4.5
49,1484,4.5
49,1491,4.0
49,1501,2.0
49,1506,1.0
49,1512,1.0
49,1514,3.5
49,1515,0.0
49,1518,3.0
49,1529,4.0
49,1532,4.0
49,1538,5.0
49,1542,3.5
49,1547,1.5
49,1574,2.0
49,1577,1.5
49,1583,2.5
49,1589,0.5
49,1602,4.0
49,1608,3.0
49,1624,4.0
49,1627,4.5
49,1628,3.0
49,1630,5.0
49,1639,3.0
49,1654,4.0
49,1659,2.0
49,1666,2.5
49,1672,3.5
49,1682,5.0
49,1688,2.5
49,1701,4.0
49,1711,3.0
49,1716,0.0
49,1722,0.0
49,1727,1.0
49,1737,2.5
49,1740,5.0
49,1741,5.0
49,1771,1.5
49,1776,0.0
49,1779,4.0
49,1781,2.0
49,1794,4.0
49,1800,2.0
49,1802,5.0
49,1817,0.5
49,1818,1.5
49,1820,1.0
49,1832,2.0
49,1838,5.0
49,1847,1.5
49,1859,0.5
49,1865,3.5
49,1870,4.0
49,1878,1.5
49,1909,3.5
49,1912,4.0
49,1913,1.5
49,1920,1.0
49,1939,4.5
49,1940,2.5
49,1949,3.5
49,1959,2.0
49,1960,1.0
49,1969,1.5
49,1991,2.5
49,1995,2.0
49,2011,0.5
49,2023,3.0
49,2028,0.0
49,2044,0.5
49,2055,1.5
49,2056,1.0
49,2060,5.0
49,2069,3.5
49,2078,0.0
49,2080,3.0
49,2083,0.0
49,2087,0.0
49,2095,4.0
49,2099,2.5
49,2102,0.0
49,2106,3.0
49,2119,2.0
49,2135,0.0
49,2142,1.0
49,2174,3.0
49,2179,4.0
49,2187,4.0
49,2190,5.0
49,2195,4.5
49,2201,1.0
49,2202,4.5
49,2209,5.0
49,2220,4.5
49,2224,2.5
49,2242,2.0
49,2246,4.5
49,2254,1.0
49,2261,1.5
49,2264,3.5
49,2266,1.0
49,2267,2.5
49,2271,5.0
49,2273,3.0
49,2276,2.5
49,2277,1.5
49,2278,1.5
49,2281,0.0
49,2285,0.0
49,2289,3.0
49,2294,5.0
49,2297,4.5
49,2304,4.0
49,2329,4.0
49,2337,0.5
49,2339,1.5
49,2348,1.5
49,2351,0.5
49,2358,3.5
49,2363,0.5
49,2367,2.0
49,2394,1.5
49,2403,1.0
49,2409,1.0
49,2411,2.5
49,2414,5.0
49,2417,4.0
49,2425,4.0
49,2432,4.5
49,2438,3.0
49,2444,3.5
49,2446,1.5
49,2456,2.5
49,2470,3.0
49,2478,4.0
49,2492,2.0
49,2493,0.0
49,2499,1.0
49,2508,4.5
49,2512,3.5
49,2541,2.0
49,2543,3.0
49,2544,4.0
49,2589,4.5
49,2592,0.5
49,2595,3.0
49,2597,4.5
49,2612,3.0
49,2619,2.0
49,2623,3.0
49,2626,3.0
49,2633,1.0
49,2636,2.5
49,2638,4.5
49,2649,4.5
49,2659,2.0
49,2676,0.0
49,2679,0.0
49,2681,0.0
49,2688,0.5
49,2697,3.0
49,2698,2.5
49,2705,1.0
49,2730,4.5
49,2747,2.5
49,2748,0.5
49,2752,3.0
49,2755,5.0
49,2763,0.0
49,2771,1.0
49,2779,3.0
49,2785,4.0
49,2799,3.5
49,2804,2.0
49,2829,5.0
49,2834,1.5
49,2837,0.5
49,2890,5.0
49,2902,1.0
49,2914,2.5
49,2916,5.0
49,2924,3.5
49,2926,4.0
49,2932,0.5
49,2934,2.5
49,2936,2.5
49,2941,2.0
49,2951,4.5
49,2953,3.5
49,2958,0.0
49,2962,0.0
49,2970,0.0
49,2975,0.5
49,2977,3.5
49,2981,3.5
49,2993,0.0
49,3008,1.0
49,3036,5.0
49,3039,1.5
49,3046,5.0
49,3050,0.5
49,3051,3.0
49,3053,0.5
49,3072,0.0
49,3074,0.5
49,3080,2.5
49,3101,2.5
49,3104,3.0
49,3106,2.0
49,3108,2.5
49,3110,4.0
49,3113,0.0
49,3116,1.5
49,3117,0.0
49,3119,2.5
49,3121,3.0
49,3133,1.5
49,3134,0.5
49,3146,4.5
49,3150,3.5
49,3158,1.0
49,3166,4.0
49,3191,1.0
49,3203,3.0
49,3212,3.0
49,3215,0.0
49,3222,4.0
49,3223,5.0
49,3224,0.5
49,3232,1.5
49,3237,2.5
49,3251,0.5
49,3252,2.5
49,3255,4.5
49,3259,3.0
49,3263,4.0
49,3265,5.0
49,3275,0.5
49,3282,1.0
49,3284,3.5
49,3289,3.0
49,3292,0.5
49,3297,1.0
49,3310,1.5
49,3311,4.0
49,3313,0.5
49,3316,0.5
49,3319,1.0
49,3323,5.0
49,3324,3.5
49,3327,2.5
49,3335,1.0
49,3342,4.0
49,3348,1.5
49,3349,2.0
49,3359,0.0
49,3365,4.0
49,3376,5.0
49,3383,4.0
49,3386,4.5
49,3396,3.0
49,3401,1.0
49,3414,2.0
49,3416,0.5
49,3418,4.0
49,3428,3.0
49,3445,4.5
49,3447,1.5
49,3455,2.0
49,3458,2.5
49,3465,3.0
49,3482,1.5
49,3487,5.0
49,3504,2.0
49,3515,1.0
49,3530,5.0
49,3555,3.0
49,3558,1.5
49,3568,4.0
49,3572,5.0
49,3578,3.5
49,3580,1.5
49,3587,3.5
49,3592,4.0
49,3608,1.0
49,3610,0.5
49,3619,0.5
49,3622,3.5
49,3627,1.5
49,3629,1.0
49,3639,3.0
49,3643,1.0
49,3644,3.0
49,3646,5.0
49,3657,1.0
49,3683,0.0
49,3693,1.5
49,3695,4.5
49,3697,4.5
49,3703,2.5
49,3735,0.5
49,3739,3.0
49,3742,2.5
49,3744,5.0
49,3750,1.0
49,3759,1.5
49,3761,4.0
49,3762,3.0
49,3767,4.5
49,3781,5.0
49,3791,2.0
49,3792,4.0
49,3797,1.0
49,3812,1.0
49,3823,1.0
49,3850,4.0
49,3871,3.5
49,3873,0.0
49,3874,3.5
49,3875,0.0
49,3884,4.0
49,3889,3.0
49,3891,0.0
49,3893,0.5
49,3895,1.5
49,3903,4.5
49,3906,5.0
49,3918,1.0
49,3960,2.5
49,3965,2.5
49,3982,0.5
49,3994,1.0
49,3997,0.5
50,4,3.0
50,9,0.5
50,11,2.5
50,23,3.0
50,26,0.0
50,28,0.5
50,32,2.0
50,36,0.5
50,42,0.0
50,44,1.5
50,45,0.0
50,62,3.0
50,63,3.5
50,64,3.5
50,68,1.0
50,76,1.0
50,105,2.0
50,108,2.5
50,115,0.5
50,116,1.5
50,133,4.5
50,140,1.0
50,142,3.0
50,143,2.0
50,148,0.5
50,152,2.5
50,165,2.5
50,184,0.5
50,185,2.0
50,195,0.5
50,199,3.0
50,203,4.0
50,207,2.5
50,215,5.0
50,226,2.0
50,229,4.0
50,241,1.0
50,242,1.0
50,243,1.5
50,244,4.5
50,256,4.0
50,265,1.0
50,266,4.5
50,269,4.5
50,273,4.0
50,288,5.0
50,295,2.5
50,298,0.0
50,303,1.5
50,322,4.0
50,324,0.5
50,327,5.0
50,336,1.5
50,346,2.0
50,358,2.5
50,362,3.0
50,373,2.5
50,375,2.5
50,377,4.0
50,383,2.5
50,390,1.0
50,400,5.0
50,401,1.0
50,404,2.0
50,411,3.5
50,420,1.5
50,428,1.5
50,443,2.5
50,451,3.5
50,454,3.5
50,457,5.0
50,458,3.5
50,459,1.0
50,466,3.0
50,477,4.0
50,478,1.0
50,479,4.0
50,480,4.5
50,489,5.0
50,491,1.5
50,495,4.5
50,515,1.0
50,521,4.5
50,534,1.5
50,540,5.0
50,551,0.0
50,562,1.5
50,563,0.0
50,566,5.0
50,573,3.0
50,576,2.5
50,582,3.5
50,596,0.5
50,598,3.5
50,600,5.0
50,606,5.0
50,612,3.5
50,624,1.0
50,625,2.5
50,632,2.5
50,633,3.0
50,642,1.0
50,646,3.0
50,658,2.5
50,669,4.5
50,673,1.0
50,679,4.5
50,680,5.0
50,682,2.5
50,685,3.0
50,697,4.5
50,699,1.5
50,702,0.5
50,705,3.5
50,727,3.5
50,729,5.0
50,731,3.0
50,732,4.5
50,738,4.5
50,739,3.5
50,748,1.5
50,761,3.0
50,762,0.5
50,764,0.0
50,768,4.0
50,780,4.5
50,788,2.0
50,795,0.0
50,800,0.5
50,806,2.5
50,815,1.0
50,816,1.5
50,824,0.0
50,831,0.0
50,834,3.5
50,837,5.0
50,838,3.0
50,846,1.5
50,848,3.0
50,850,4.0
50,858,2.0
50,859,2.0
50,872,1.0
50,880,1.5
50,883,0.0
50,884,4.0
50,886,1.5
50,896,4.5
50,901,1.5
50,911,5.0
50,916,0.0
50,927,1.0
50,937,1.0
50,939,3.0
50,941,4.0
50,946,0.0
50,955,5.0
50,958,0.5
50,967,3.0
50,968,2.5
50,969,0.5
50,972,2.0
50,977,4.0
50,983,1.0
50,1003,1.0
50,1005,2.0
50,1006,0.0
50,1021,2.0
50,1039,5.0
50,1049,2.0
50,1057,4.5
50,1071,0.5
50,1076,2.0
50,1087,4.0
50,1100,3.0
50,1101,4.5
50,1111,2.0
50,1112,4.0
50,1122,4.5
50,1128,3.5
50,1150,4.0
50,1162,1.5
50,1166,2.5
50,1180,1.0
50,1194,2.5
50,1197,1.5
50,1198,3.5
50,1203,1.0
50,1208,4.0
50,1226,1.5
50,1240,2.5
50,1249,3.0
50,1251,4.0
50,1258,4.0
50,1261,1.0
50,1274,2.0
50,1279,4.0
50,1284,4.5
50,1292,5.0
50,1293,2.5
50,1308,4.5
50,1320,0.5
50,1329,5.0
50,1352,5.0
50,1355,2.0
50,1358,5.0
50,1371,4.0
50,1376,0.5
50,1383,0.5
50,1389,1.5
50,1395,2.0
50,1401,1.5
50,1408,0.5
50,1410,4.5
50,1423,1.5
50,1427,2.5
50,1429,0.0
50,1431,4.0
50,1437,1.5
50,1442,1.0
50,1467,0.0
50,1475,3.5
50,1483,3.0
50,1484,0.0
50,1491,3.5
50,1496,3.0
50,1506,3.0
50,1531,4.0
50,1538,5.0
50,1539,3.0
50,1540,3.0
50,1542,0.0
50,1547,1.5
50,1583,2.0
50,1588,4.0
50,1589,0.5
50,1601,1.5
50,1602,3.0
50,1608,4.0
50,1610,0.0
50,1616,4.0
50,1623,4.0
50,1632,0.5
50,1647,3.5
50,1654,4.0
50,1663,1.5
50,1666,0.0
50,1672,3.5
50,1676,2.0
50,1677,0.5
50,1681,4.0
50,1690,5.0
50,1693,3.0
50,1694,2.5
50,1698,0.5
50,1699,3.0
50,1703,5.0
50,1716,1.5
50,1722,2.5
50,1724,4.5
50,1735,2.5
50,1738,0.5
50,1740,5.0
50,1751,4.5
50,1754,1.5
50,1758,0.5
50,1760,4.0
50,1764,5.0
50,1766,3.0
50,1771,2.5
50,1782,2.5
50,1791,1.5
50,1802,0.0
50,1813,0.5
50,1816,3.0
50,1817,2.0
50,1823,5.0
50,1833,0.5
50,1842,3.0
50,1846,4.0
50,1847,2.5
50,1850,2.5
50,1855,2.5
50,1866,5.0
50,1870,0.0
50,1872,1.5
50,1874,4.5
50,1880,0.0
50,1918,0.5
50,1921,0.5
50,1928,3.5
50,1936,4.5
50,1940,5.0
50,1949,4.0
50,1954,2.0
50,1959,2.0
50,1963,3.5
50,1969,4.0
50,1980,2.5
50,1995,2.5
50,1996,2.5
50,1999,5.0
50,2011,0.5
50,2020,4.5
50,2023,3.0
50,2028,2.0
50,2030,4.0
50,2032,1.0
50,2043,0.0
50,2044,0.0
50,2060,4.5
50,2062,2.0
50,2069,2.0
50,2071,3.0
50,2080,3.5
50,2083,1.5
50,2087,3.0
50,2095,4.0
50,2096,3.0
50,2099,2.0
50,2102,1.0
50,2104,2.5
50,2106,0.0
50,2114,5.0
50,2118,2.0
50,2119,4.5
50,2134,2.5
50,2135,1.5
50,2142,3.0
50,2146,4.0
50,2163,2.0
50,2164,1.5
50,2165,4.5
50,2173,1.0
50,2174,1.5
50,2181,2.5
50,2187,1.0
50,2199,5.0
50,2202,1.5
50,2216,4.0
50,2220,5.0
50,2224,1.0
50,2228,5.0
50,2246,0.0
50,2251,3.5
50,2254,2.5
50,2271,2.0
50,2273,2.5
50,2276,0.0
50,2280,0.5
50,2281,4.0
50,2288,3.0
50,2289,5.0
50,2294,3.5
50,2297,5.0
50,2308,0.0
50,2314,2.0
50,2317,0.0
50,2329,3.0
50,2334,2.0
50,2337,4.5
50,2339,2.0
50,2341,0.0
50,2363,5.0
50,2394,2.0
50,2410,2.0
50,2414,4.0
50,2416,2.5
50,2417,0.5
50,2431,3.0
50,2436,4.5
50,2438,5.0
50,2452,3.0
50,2476,0.5
50,2478,5.0
50,2482,0.0
50,2491,2.0
50,2497,3.0
50,2499,1.0
50,2512,5.0
50,2514,5.0
50,2525,5.0
50,2543,4.5
50,2563,3.0
50,2588,2.0
50,2592,3.5
50,2595,4.5
50,2596,4.0
50,2597,5.0
50,2614,2.5
50,2625,3.0
50,2649,3.0
50,2650,0.0
50,2653,2.0
50,2659,0.0
50,2679,1.5
50,2681,1.0
50,2682,2.0
50,2686,5.0
50,2688,3.5
50,2694,3.0
50,2698,2.5
50,2725,4.5
50,2735,1.5
50,2741,5.0
50,2743,1.0
50,2744,0.5
50,2747,0.5
50,2755,5.0
50,2757,4.5
50,2758,4.5
50,2763,5.0
50,2767,1.0
50,2771,1.5
50,2796,4.5
50,2803,1.0
50,2809,0.5
50,2812,0.0
50,2818,2.0
50,2834,1.0
50,2837,4.5
50,2849,1.0
50,2860,2.5
50,2864,5.0
50,2866,2.0
50,2867,0.0
50,2873,3.5
50,2877,0.5
50,2885,2.0
50,2893,2.5
50,2902,2.5
50,2910,3.0
50,2912,5.0
50,2916,0.5
50,2919,5.0
50,2932,1.0
50,2933,5.0
50,2951,3.5
50,2953,5.0
50,2954,5.0
50,2958,4.0
50,2960,3.5
50,2975,2.0
50,2981,0.0
50,2993,3.0
50,3002,5.0
50,3008,3.0
50,3016,1.5
50,3029,3.5
50,3033,2.5
50,3036,4.5
50,3039,1.0
50,3041,1.5
50,3042,2.5
50,3046,0.5
50,3051,2.0
50,3055,2.5
50,3074,0.0
50,3076,0.0
50,3078,4.0
50,3093,3.0
50,3101,0.0
50,3109,1.5
50,3113,0.5
50,3114,4.0
50,3116,4.5
50,3117,1.0
50,3121,2.5
50,3122,2.5
50,3128,4.0
50,3131,4.5
50,3134,0.0
50,3142,1.0
50,3158,5.0
50,3162,5.0
50,3179,0.5
50,3194,4.0
50,3198,2.0
50,3201,4.0
50,3203,5.0
50,3206,4.0
50,3208,1.5
50,3210,3.0
50,3215,3.0
50,3223,0.0
50,3239,4.5
50,3247,4.0
50,3251,4.5
50,3255,3.0
50,3258,5.0
50,3262,1.5
50,3263,3.0
50,3275,2.5
50,3278,4.5
50,3284,0.5
50,3300,4.0
50,3305,1.0
50,3310,2.5
50,3319,4.5
50,3322,3.0
50,3325,2.0
50,3328,1.5
50,3348,1.0
50,3350,0.5
50,3356,1.0
50,3359,4.5
50,3365,0.0
50,3376,3.0
50,3384,1.5
50,3386,4.5
50,3389,4.5
50,3400,4.5
50,3406,1.5
50,3414,2.5
50,3416,2.0
50,3423,4.5
50,3428,0.5
50,3445,1.0
50,3447,2.0
50,3453,2.5
50,3458,5.0
50,3470,1.5
50,3494,1.5
50,3510,0.5
50,3515,3.5
50,3521,4.5
50,3523,2.5
50,3530,3.0
50,3536,4.0
50,3548,4.0
50,3558,3.0
50,3563,5.0
50,3566,3.0
50,3568,3.5
50,3572,5.0
50,3580,0.0
50,3581,3.0
50,3587,0.0
50,3605,5.0
50,3608,4.0
50,3610,0.0
50,3619,0.5
50,3640,0.0
50,3643,4.5
50,3646,0.5
50,3647,4.5
50,3657,4.5
50,3658,1.5
50,3659,0.5
50,3667,0.5
50,3669,2.5
50,3675,0.0
50,3676,2.0
50,3693,3.0
50,3695,3.0
50,3701,3.5
50,3705,5.0
50,3712,4.5
50,3732,1.5
50,3735,1.5
50,3742,3.0
50,3747,0.5
50,3753,2.5
50,3756,3.0
50,3762,1.0
50,3766,2.5
50,3767,0.5
50,3780,3.5
50,3781,0.5
50,3791,1.5
50,3792,2.0
50,3793,4.0
50,3797,4.0
50,3822,3.5
50,3823,0.5
50,3836,4.0
50,3841,5.0
50,3843,0.0
50,3852,3.5
50,3865,4.0
50,3867,2.0
50,3871,4.0
50,3873,2.5
50,3874,4.5
50,3875,2.0
50,3882,2.5
50,3884,2.5
50,3886,2.5
50,3889,4.0
50,3895,4.0
50,3903,4.0
50,3906,4.0
50,3907,2.5
50,3951,1.0
50,3957,3.5
50,3970,0.0
50,3981,4.5
50,3982,0.5
50,3983,1.0
50,3987,4.0
50,3994,4.0
50,3997,3.0
51,23,4.0
51,26,2.5
51,29,4.0
51,44,3.5
51,45,4.5
51,49,1.0
51,55,1.0
51,64,4.0
51,68,1.5
51,81,4.5
51,87,4.5
51,95,4.5
51,105,2.5
51,107,3.5
51,108,4.5
51,143,1.5
51,145,0.5
51,149,3.0
51,161,4.0
51,165,0.0
51,171,1.5
51,207,1.5
51,215,0.5
51,226,3.5
51,233,0.0
51,242,0.0
51,243,1.0
51,244,3.5
51,252,4.5
51,256,2.5
51,269,2.0
51,270,4.0
51,273,1.0
51,288,1.5
51,295,1.0
51,297,0.5
51,314,1.0
51,319,5.0
51,322,1.5
51,327,5.0
51,336,3.0
51,347,3.0
51,353,1.5
51,358,5.0
51,362,3.0
51,371,3.5
51,377,0.0
51,383,1.0
51,385,1.5
51,389,4.5
51,401,2.5
51,413,4.0
51,420,0.5
51,428,1.0
51,437,5.0
51,451,0.0
51,454,4.5
51,457,1.0
51,458,1.0
51,459,5.0
51,466,3.5
51,479,0.0
51,489,4.5
51,492,3.5
51,495,3.0
51,509,0.5
51,512,2.5
51,528,0.0
51,534,1.0
51,538,1.0
51,541,3.5
51,544,5.0
51,547,0.5
51,562,2.5
51,566,2.5
51,573,4.5
51,582,2.0
51,598,1.0
51,600,4.0
51,606,0.5
51,612,5.0
51,625,2.5
51,632,2.0
51,633,3.0
51,637,5.0
51,642,4.0
51,646,1.0
51,651,4.5
51,669,1.0
51,673,4.0
51,679,3.0
51,680,1.5
51,682,2.5
51,685,2.5
51,705,0.0
51,729,0.5
51,731,0.0
51,732,0.0
51,733,2.0
51,748,1.0
51,749,1.5
51,755,1.0
51,768,3.0
51,775,0.5
51,780,4.5
51,784,2.0
51,786,4.5
51,800,1.0
51,815,0.5
51,819,2.0
51,824,3.5
51,830,5.0
51,834,1.5
51,846,2.5
51,859,4.5
51,873,5.0
51,880,1.0
51,883,5.0
51,885,0.5
51,886,1.0
51,889,3.5
51,896,5.0
51,904,4.5
51,911,3.5
51,916,2.0
51,919,1.0
51,924,4.5
51,927,1.0
51,930,3.5
51,950,4.5
51,967,0.5
51,976,0.5
51,987,2.0
51,998,4.0
51,1002,4.5
51,1003,1.5
51,1004,2.0
51,1005,3.5
51,1008,4.5
51,1019,1.0
51,1021,3.0
51,1025,1.0
51,1035,0.0
51,1049,2.0
51,1068,2.5
51,1076,4.0
51,1082,3.5
51,1091,4.5
51,1105,3.0
51,1111,4.0
51,1132,4.0
51,1145,0.5
51,1150,4.5
51,1159,5.0
51,1161,1.5
51,1166,3.5
51,1180,3.5
51,1203,4.0
51,1204,4.0
51,1218,5.0
51,1219,5.0
51,1223,0.0
51,1226,3.0
51,1228,2.0
51,1240,4.0
51,1250,5.0
51,1258,4.5
51,1261,0.0
51,1264,3.0
51,1269,0.5
51,1274,0.5
51,1278,1.5
51,1284,2.5
51,1286,2.5
51,1291,2.0
51,1293,2.0
51,1302,0.0
51,1309,2.0
51,1313,2.5
51,1315,4.5
51,1320,3.5
51,1321,3.5
51,1346,4.0
51,1351,3.0
51,1355,1.5
51,1358,2.0
51,1365,1.0
51,1366,1.0
51,1371,3.0
51,1373,3.0
51,1376,3.5
51,1383,2.0
51,1386,1.5
51,1387,3.0
51,1389,4.5
51,1405,5.0
51,1408,1.0
51,1410,5.0
51,1411,0.5
51,1412,0.0
51,1429,2.0
51,1431,2.0
51,1433,1.5
51,1442,5.0
51,1455,3.0
51,1463,4.0
51,1467,0.5
51,1480,4.0
51,1484,4.5
51,1496,1.5
51,1500,4.5
51,1501,2.5
51,1512,2.5
51,1518,0.5
51,1520,1.0
51,1531,4.5
51,1532,2.5
51,1540,5.0
51,1542,4.5
51,1544,5.0
51,1561,3.0
51,1577,0.0
51,1588,5.0
51,1589,4.0
51,1601,0.0
51,1602,0.5
51,1609,1.0
51,1616,0.0
51,1628,1.5
51,1632,2.5
51,1635,1.5
51,1638,4.0
51,1643,2.5
51,1649,0.0
51,1654,3.0
51,1659,5.0
51,1672,3.0
51,1676,4.5
51,1677,4.0
51,1682,4.5
51,1688,1.5
51,1693,0.0
51,1694,3.5
51,1699,2.0
51,1701,2.0
51,1711,5.0
51,1716,4.5
51,1722,2.5
51,1724,4.0
51,1741,0.0
51,1754,4.0
51,1758,4.0
51,1763,2.0
51,1764,3.0
51,1766,4.0
51,1776,5.0
51,1782,4.0
51,1783,1.0
51,1802,3.5
51,1808,3.5
51,1815,3.5
51,1816,1.5
51,1841,1.0
51,1855,4.5
51,1865,0.5
51,1872,0.0
51,1878,5.0
51,1887,3.5
51,1909,4.5
51,1918,4.5
51,1920,1.5
51,1936,2.5
51,1939,3.5
51,1940,0.5
51,1954,0.5
51,1963,1.0
51,1968,4.5
51,1969,2.0
51,1991,3.0
51,1995,2.0
51,1997,2.5
51,2018,1.5
51,2023,0.0
51,2025,0.5
51,2043,0.0
51,2062,0.5
51,2067,3.5
51,2080,1.0
51,2083,4.0
51,2087,1.0
51,2095,3.5
51,2096,4.5
51,2099,3.5
51,2104,1.5
51,2105,2.0
51,2109,2.0
51,2118,2.5
51,2134,3.5
51,2142,3.0
51,2160,4.5
51,2163,4.0
51,2179,2.5
51,2187,3.5
51,2195,3.0
51,2202,5.0
51,2209,3.5
51,2218,0.5
51,2219,2.5
51,2220,2.5
51,2224,3.0
51,2231,4.5
51,2232,2.5
51,2240,3.5
51,2242,4.5
51,2246,1.5
51,2254,5.0
51,2257,2.0
51,2261,0.5
51,2267,2.5
51,2271,5.0
51,2272,2.0
51,2273,3.5
51,2277,2.5
51,2281,0.5
51,2285,2.5
51,2289,4.5
51,2292,4.5
51,2295,0.5
51,2297,4.0
51,2304,4.5
51,2308,4.0
51,2310,0.0
51,2314,1.0
51,2317,4.0
51,2319,1.5
51,2334,3.5
51,2337,3.0
51,2339,3.5
51,2341,1.0
51,2346,2.0
51,2353,1.5
51,2363,1.5
51,2368,5.0
51,2385,3.5
51,2387,2.5
51,2409,3.5
51,2410,0.0
51,2411,2.0
51,2417,2.0
51,2436,4.5
51,2446,1.0
51,2470,0.5
51,2471,2.5
51,2472,4.0
51,2476,5.0
51,2482,4.0
51,2492,1.0
51,2495,0.5
51,2497,0.5
51,2503,5.0
51,2512,4.5
51,2514,3.5
51,2525,1.0
51,2556,0.0
51,2563,1.5
51,2566,2.5
51,2574,0.5
51,2588,3.5
51,2592,0.5
51,2596,3.5
51,2597,2.5
51,2601,1.5
51,2604,2.5
51,2614,1.5
51,2616,3.0
51,2624,1.5
51,2626,1.0
51,2636,2.0
51,2649,4.0
51,2650,4.0
51,2697,0.0
51,2698,2.5
51,2705,3.5
51,2712,4.0
51,2718,1.0
51,2725,4.0
51,2730,3.0
51,2741,3.5
51,2747,1.0
51,2748,3.5
51,2752,5.0
51,2758,1.0
51,2763,1.0
51,2767,4.5
51,2771,5.0
51,2780,2.5
51,2785,3.0
51,2794,2.5
51,2796,5.0
51,2804,3.0
51,2809,2.5
51,2812,4.5
51,2829,3.0
51,2851,4.0
51,2852,3.0
51,2873,1.5
51,2877,0.5
51,2885,3.5
51,2890,3.5
51,2893,1.5
51,2912,3.0
51,2914,0.0
51,2916,1.0
51,2919,5.0
51,2924,0.0
51,2936,3.0
51,2954,4.5
51,2955,0.5
51,2970,4.5
51,2975,2.0
51,2989,2.5
51,2993,5.0
51,3016,1.5
51,3026,1.0
51,3029,2.5
51,3033,1.5
51,3043,4.5
51,3046,2.5
51,3047,0.0
51,3051,0.0
51,3052,1.0
51,3054,3.0
51,3055,2.5
51,3074,1.0
51,3076,1.5
51,3080,2.0
51,3102,4.5
51,3104,5.0
51,3108,3.0
51,3114,1.0
51,3121,4.0
51,3122,5.0
51,3134,1.0
51,3138,1.0
51,3146,1.0
51,3150,5.0
51,3154,4.0
51,3158,1.0
51,3167,1.5
51,3169,5.0
51,3184,0.5
51,3191,4.5
51,3194,1.5
51,3198,0.0
51,3203,2.5
51,3206,4.0
51,3222,5.0
51,3224,1.0
51,3226,2.0
51,3231,3.0
51,3232,0.0
51,3237,1.5
51,3242,3.0
51,3252,2.5
51,3259,2.0
51,3263,4.5
51,3265,1.5
51,3267,2.0
51,3272,2.0
51,3278,2.5
51,3282,2.0
51,3284,1.0
51,3292,3.0
51,3297,0.0
51,3307,1.5
51,3310,4.0
51,3311,1.5
51,3313,2.5
51,3321,4.5
51,3322,1.0
51,3323,1.0
51,3327,0.5
51,3345,2.5
51,3347,1.5
51,3350,2.5
51,3355,4.5
51,3356,1.5
51,3361,1.5
51,3375,5.0
51,3376,4.0
51,3383,3.0
51,3389,1.0
51,3396,3.0
51,3400,2.0
51,3402,2.0
51,3416,2.0
51,3418,4.5
51,3423,3.5
51,3428,0.0
51,3446,0.0
51,3453,3.5
51,3455,4.5
51,3458,4.5
51,3482,4.5
51,3487,0.5
51,3495,0.0
51,3500,1.0
51,3504,4.5
51,3507,0.5
51,3509,2.0
51,3533,4.0
51,3540,4.5
51,3542,1.0
51,3554,1.0
51,3568,4.5
51,3572,4.5
51,3578,3.0
51,3580,4.0
51,3592,1.5
51,3599,3.0
51,3605,4.5
51,3608,1.0
51,3622,1.5
51,3627,2.5
51,3639,1.5
51,3644,2.0
51,3646,4.0
51,3648,5.0
51,3651,2.5
51,3657,3.5
51,3659,1.5
51,3661,2.0
51,3675,3.5
51,3676,5.0
51,3695,1.5
51,3697,0.5
51,3701,0.0
51,3712,5.0
51,3717,4.0
51,3740,4.5
51,3744,4.0
51,3750,2.5
51,3753,4.0
51,3759,1.0
51,3761,3.5
51,3773,3.5
51,3781,2.5
51,3791,0.5
51,3793,3.0
51,3797,2.5
51,3822,0.5
51,3841,5.0
51,3852,3.0
51,3859,2.0
51,3860,0.5
51,3861,2.5
51,3867,3.0
51,3874,4.5
51,3891,0.0
51,3893,2.5
51,3903,0.5
51,3918,2.0
51,3938,2.5
51,3957,3.5
51,3960,5.0
51,3965,4.0
51,3970,3.0
51,3982,2.5
51,3983,0.0
51,3986,1.5
51,3987,3.0
51,3994,1.5
51,3997,0.0
52,11,2.0
52,19,0.0
52,23,1.0
52,28,3.5
52,34,2.5
52,36,3.5
52,45,0.0
52,49,0.0
52,55,2.5
52,64,3.5
52,68,1.5
52,70,1.5
52,86,1.0
52,95,0.0
52,107,0.0
52,108,4.0
52,110,0.0
52,112,5.0
52,116,0.0
52,124,4.5
52,142,0.0
52,145,3.0
52,148,2.5
52,152,2.0
52,161,1.0
52,203,3.0
52,209,0.5
52,235,1.5
52,244,3.5
52,248,0.5
52,252,2.0
52,273,4.0
52,277,4.0
52,280,2.0
52,288,2.5
52,295,0.0
52,297,1.0
52,322,5.0
52,327,0.5
52,336,5.0
52,347,3.5
52,349,0.0
52,358,2.5
52,366,1.0
52,371,4.0
52,373,0.0
52,385,4.0
52,389,1.5
52,400,1.0
52,409,3.5
52,411,5.0
52,413,3.0
52,414,0.5
52,420,4.0
52,421,0.0
52,432,0.0
52,444,3.5
52,454,0.0
52,457,1.5
52,459,5.0
52,470,4.0
52,476,0.5
52,478,4.0
52,479,0.5
52,480,1.5
52,489,5.0
52,492,1.5
52,495,4.5
52,504,3.0
52,538,0.0
52,540,1.0
52,541,5.0
52,544,0.0
52,551,3.5
52,562,0.0
52,566,4.5
52,576,2.0
52,596,1.5
52,612,1.5
52,616,1.5
52,618,2.0
52,619,1.5
52,624,5.0
52,625,4.5
52,632,3.0
52,636,2.5
52,643,5.0
52,646,1.5
52,647,4.0
52,669,4.5
52,679,5.0
52,681,3.0
52,708,5.0
52,716,3.5
52,727,1.0
52,729,4.5
52,731,0.0
52,732,1.0
52,737,4.5
52,739,1.0
52,744,2.0
52,748,4.0
52,762,0.5
52,764,0.0
52,768,0.0
52,775,5.0
52,786,2.0
52,788,4.0
52,800,0.5
52,802,3.0
52,818,2.5
52,819,3.5
52,834,2.0
52,837,4.0
52,850,1.0
52,851,4.0
52,876,5.0
52,884,4.0
52,886,3.0
52,887,1.5
52,888,0.0
52,889,3.5
52,896,4.5
52,901,4.0
52,919,0.5
52,920,0.5
52,927,0.5
52,930,2.0
52,937,1.5
52,941,0.5
52,955,0.5
52,966,3.0
52,967,3.0
52,968,4.5
52,972,2.0
52,998,2.0
52,1003,4.5
52,1018,5.0
52,1035,0.0
52,1039,3.0
52,1041,3.5
52,1047,0.0
52,1057,1.0
52,1058,5.0
52,1063,3.5
52,1076,3.5
52,1082,2.5
52,1086,0.0
52,1100,0.0
52,1105,1.0
52,1109,3.0
52,1137,0.0
52,1146,2.5
52,1162,2.5
52,1166,3.5
52,1171,3.0
52,1194,1.5
52,1197,2.5
52,1203,5.0
52,1215,0.5
52,1218,3.5
52,1226,0.5
52,1235,3.5
52,1240,2.5
52,1253,3.0
52,1261,0.0
52,1264,2.5
52,1269,1.0
52,1284,1.0
52,1286,5.0
52,1293,1.5
52,1302,4.0
52,1309,1.0
52,1320,5.0
52,1328,1.0
52,1329,4.5
52,1333,1.0
52,1334,0.5
52,1346,5.0
52,1352,3.5
52,1358,5.0
52,1371,4.5
52,1373,2.0
52,1376,2.0
52,1379,0.5
52,1389,4.0
52,1395,0.5
52,1401,0.5
52,1402,4.5
52,1411,0.5
52,1412,2.5
52,1421,0.0
52,1491,0.0
52,1500,4.0
52,1538,3.0
52,1539,1.5
52,1544,3.0
52,1562,1.5
52,1574,1.5
52,1588,4.0
52,1602,1.0
52,1615,0.0
52,1622,1.0
52,1623,4.0
52,1624,2.5
52,1627,1.0
52,1628,2.5
52,1632,0.5
52,1643,4.5
52,1647,0.5
52,1654,3.0
52,1659,0.0
52,1672,4.5
52,1677,5.0
52,1680,4.5
52,1682,0.0
52,1693,3.0
52,1694,0.0
52,1698,5.0
52,1703,1.5
52,1722,3.0
52,1735,1.0
52,1737,5.0
52,1740,1.5
52,1750,0.0
52,1754,2.5
52,1758,0.5
52,1760,1.5
52,1766,0.5
52,1770,4.0
52,1783,0.0
52,1791,4.0
52,1794,3.5
52,1802,0.0
52,1815,5.0
52,1818,2.0
52,1820,1.5
52,1823,0.5
52,1833,3.0
52,1842,2.5
52,1846,2.5
52,1847,5.0
52,1849,4.0
52,1865,2.5
52,1866,4.0
52,1870,1.0
52,1872,1.5
52,1894,1.5
52,1909,4.0
52,1918,0.5
52,1920,1.0
52,1928,2.0
52,1939,5.0
52,1951,4.0
52,1960,1.0
52,1967,4.5
52,1971,4.0
52,1988,0.0
52,1997,0.0
52,1999,2.0
52,2011,0.0
52,2020,1.5
52,2025,3.0
52,2030,2.5
52,2036,4.0
52,2043,0.5
52,2055,3.0
52,2056,2.5
52,2059,1.5
52,2060,0.0
52,2062,5.0
52,2081,1.0
52,2083,4.0
52,2096,1.0
52,2099,1.5
52,2102,0.5
52,2105,5.0
52,2109,1.0
52,2117,3.5
52,2118,3.0
52,2144,2.0
52,2166,0.0
52,2173,3.5
52,2187,3.0
52,2189,3.0
52,2216,0.5
52,2218,4.0
52,2224,4.0
52,2228,3.5
52,2231,3.0
52,2232,3.5
52,2240,2.0
52,2251,0.0
52,2261,4.5
52,2264,4.0
52,2272,0.0
52,2273,2.5
52,2277,2.0
52,2278,4.0
52,2281,3.0
52,2288,0.0
52,2294,2.0
52,2297,0.0
52,2319,2.5
52,2329,0.5
52,2337,1.0
52,2341,2.0
52,2343,2.0
52,2348,1.0
52,2358,4.0
52,2363,2.0
52,2367,3.0
52,2368,0.0
52,2385,3.5
52,2387,0.0
52,2394,1.5
52,2403,4.5
52,2409,3.5
52,2411,0.0
52,2414,3.0
52,2425,4.0
52,2431,3.0
52,2436,2.5
52,2469,5.0
52,2476,5.0
52,2495,4.5
52,2496,0.5
52,2499,4.5
52,2503,4.5
52,2508,3.5
52,2512,0.5
52,2514,4.0
52,2541,3.5
52,2556,5.0
52,2574,5.0
52,2577,3.5
52,2588,5.0
52,2596,3.5
52,2597,2.5
52,2601,1.0
52,2604,3.5
52,2623,2.5
52,2624,0.5
52,2626,4.0
52,2633,4.0
52,2636,1.5
52,2637,1.5
52,2638,0.0
52,2649,4.0
52,2650,4.0
52,2679,0.5
52,2688,4.0
52,2698,1.0
52,2705,3.0
52,2712,2.0
52,2718,4.0
52,2735,4.5
52,2748,4.0
52,2755,1.0
52,2757,4.5
52,2758,1.5
52,2763,1.0
52,2780,0.0
52,2781,1.5
52,2794,3.5
52,2799,2.5
52,2809,0.0
52,2818,0.0
52,2825,0.5
52,2828,3.5
52,2834,3.0
52,2837,2.0
52,2864,4.5
52,2866,2.5
52,2867,0.5
52,2885,3.5
52,2902,1.0
52,2919,3.0
52,2924,2.0
52,2932,3.0
52,2933,2.0
52,2934,5.0
52,2941,4.0
52,2955,4.5
52,2970,4.5
52,2977,4.5
52,2981,0.5
52,2992,1.5
52,2993,0.0
52,3029,0.5
52,3033,1.0
52,3036,1.0
52,3042,1.0
52,3047,4.0
52,3051,0.0
52,3052,1.0
52,3054,3.0
52,3055,3.5
52,3058,3.0
52,3072,3.0
52,3074,2.5
52,3076,4.0
52,3108,3.0
52,3109,2.0
52,3110,5.0
52,3113,0.5
52,3117,0.0
52,3121,4.5
52,3122,1.0
52,3147,1.5
52,3150,0.5
52,3154,3.5
52,3155,1.0
52,3158,2.5
52,3162,0.0
52,3168,3.5
52,3184,3.0
52,3209,5.0
52,3222,0.5
52,3223,2.5
52,3237,4.0
52,3255,0.5
52,3259,3.0
52,3265,1.0
52,3267,5.0
52,3272,2.0
52,3278,0.0
52,3280,1.0
52,3284,3.5
52,3289,0.0
52,3292,5.0
52,3297,3.0
52,3307,1.5
52,3310,1.0
52,3321,2.0
52,3322,0.5
52,3323,1.5
52,3327,5.0
52,3328,4.0
52,3345,1.0
52,3348,3.5
52,3350,4.5
52,3355,1.5
52,3359,1.0
52,3361,1.0
52,3367,0.5
52,3375,0.5
52,3376,2.5
52,3386,0.0
52,3392,0.5
52,3393,4.0
52,3402,1.5
52,3413,0.5
52,3428,4.0
52,3447,1.0
52,3448,1.0
52,3455,0.5
52,3458,2.0
52,3465,5.0
52,3470,4.0
52,3487,0.5
52,3495,1.0
52,3507,0.5
52,3521,2.0
52,3527,2.0
52,3530,5.0
52,3536,2.5
52,3548,2.0
52,3554,1.0
52,3555,3.5
52,3563,2.0
52,3572,1.5
52,3578,3.0
52,3580,3.5
52,3581,3.5
52,3605,2.0
52,3622,1.0
52,3629,3.5
52,3643,2.5
52,3644,3.0
52,3651,2.0
52,3657,0.0
52,3658,0.0
52,3661,2.0
52,3667,4.0
52,3705,2.5
52,3712,2.5
52,3730,5.0
52,3732,1.5
52,3735,2.5
52,3739,1.5
52,3740,4.0
52,3742,3.0
52,3747,1.0
52,3753,4.0
52,3762,1.5
52,3766,2.5
52,3773,4.5
52,3792,0.0
52,3793,4.5
52,3836,2.0
52,3861,1.0
52,3867,3.5
52,3875,2.0
52,3881,4.0
52,3882,5.0
52,3886,2.0
52,3889,2.5
52,3903,2.0
52,3906,0.0
52,3918,5.0
52,3965,0.0
52,3981,2.5
52,3983,5.0
52,3997,0.5
53,4,3.5
53,9,3.0
53,11,0.0
53,23,5.0
53,26,4.5
53,28,4.0
53,29,3.5
53,36,1.0
53,49,1.0
53,63,2.5
53,70,4.0
53,76,0.0
53,81,5.0
53,110,2.0
53,112,0.0
53,115,2.0
53,124,0.5
53,143,1.0
53,145,0.0
53,148,1.0
53,149,1.5
53,152,3.5
53,165,0.5
53,171,1.0
53,184,2.5
53,185,4.0
53,190,3.0
53,209,4.0
53,226,4.0
53,229,0.0
53,235,5.0
53,242,4.0
53,248,5.0
53,252,0.5
53,266,4.0
53,273,2.0
53,277,5.0
53,298,0.0
53,322,4.5
53,327,2.5
53,347,5.0
53,362,1.5
53,366,2.5
53,371,2.0
53,385,4.0
53,390,1.5
53,400,3.5
53,401,3.5
53,409,2.0
53,413,0.5
53,420,5.0
53,428,4.5
53,443,0.5
53,444,4.5
53,454,0.5
53,455,3.5
53,458,4.0
53,459,3.0
53,477,5.0
53,480,4.0
53,484,4.0
53,492,3.0
53,503,4.5
53,509,1.5
53,512,1.0
53,525,0.5
53,528,0.0
53,538,3.0
53,540,4.5
53,547,5.0
53,576,4.5
53,596,1.0
53,598,1.5
53,606,0.0
53,612,2.5
53,616,4.0
53,622,0.5
53,626,0.5
53,631,0.5
53,633,2.5
53,636,4.5
53,651,2.0
53,658,1.0
53,668,4.0
53,680,2.5
53,681,4.5
53,682,2.0
53,697,0.5
53,699,4.0
53,716,0.0
53,732,4.0
53,733,5.0
53,738,3.5
53,744,3.5
53,748,2.5
53,749,3.5
53,755,3.5
53,764,1.0
53,775,2.0
53,778,0.0
53,784,0.0
53,786,0.5
53,795,5.0
53,818,5.0
53,819,4.0
53,830,1.5
53,851,0.5
53,872,3.0
53,876,0.5
53,886,4.5
53,894,3.0
53,896,0.5
53,927,1.0
53,949,1.0
53,950,0.5
53,955,1.0
53,958,0.5
53,966,1.0
53,969,2.0
53,976,1.0
53,983,4.0
53,1003,2.0
53,1006,3.0
53,1008,4.5
53,1035,2.0
53,1039,1.5
53,1041,2.5
53,1049,3.0
53,1063,0.0
53,1071,1.0
53,1086,1.5
53,1091,3.5
53,1100,4.5
53,1101,3.0
53,1105,3.0
53,1110,3.5
53,1122,0.5
53,1128,1.5
53,1145,4.5
53,1161,4.5
53,1166,4.5
53,1171,4.5
53,1183,0.5
53,1191,4.0
53,1194,3.0
53,1208,5.0
53,1215,3.0
53,1223,0.5
53,1235,0.5
53,1240,5.0
53,1249,1.0
53,1250,0.0
53,1264,4.0
53,1274,0.0
53,1279,0.0
53,1280,0.5
53,1292,3.5
53,1309,2.0
53,1316,4.5
53,1320,3.5
53,1329,0.5
53,1333,1.5
53,1352,4.0
53,1355,4.5
53,1366,4.0
53,1371,4.5
53,1373,0.5
53,1376,0.0
53,1395,0.0
53,1402,0.0
53,1405,1.5
53,1411,5.0
53,1412,0.0
53,1416,3.5
53,1421,0.5
53,1426,1.0
53,1431,3.5
53,1433,3.0
53,1437,3.5
53,1444,2.5
53,1446,3.0
53,1463,1.0
53,1484,2.5
53,1491,1.0
53,1496,3.5
53,1500,0.5
53,1529,1.0
53,1532,4.0
53,1538,0.5
53,1542,3.5
53,1562,2.5
53,1583,3.5
53,1588,1.0
53,1601,1.0
53,1608,1.0
53,1609,4.5
53,1610,2.5
53,1627,1.0
53,1628,1.0
53,1632,3.0
53,1635,0.0
53,1638,0.5
53,1643,2.5
53,1649,3.5
53,1653,1.0
53,1659,0.0
53,1664,4.0
53,1672,5.0
53,1677,3.5
53,1690,0.5
53,1696,0.5
53,1711,5.0
53,1716,4.5
53,1727,0.0
53,1734,1.5
53,1737,4.5
53,1740,0.5
53,1754,3.0
53,1763,1.5
53,1764,3.0
53,1770,0.0
53,1771,3.0
53,1781,2.5
53,1782,1.0
53,1791,4.0
53,1813,5.0
53,1815,5.0
53,1816,4.5
53,1817,3.5
53,1818,5.0
53,1820,3.0
53,1823,5.0
53,1833,3.0
53,1841,1.5
53,1842,2.5
53,1846,4.5
53,1855,5.0
53,1859,3.5
53,1870,2.5
53,1874,0.5
53,1880,5.0
53,1909,0.5
53,1920,1.0
53,1921,4.0
53,1928,1.5
53,1939,1.0
53,1951,4.0
53,1954,0.0
53,1960,4.5
53,1967,0.5
53,1980,1.0
53,1995,3.0
53,1997,1.0
53,2030,2.0
53,2032,2.0
53,2036,5.0
53,2056,4.0
53,2059,2.5
53,2060,0.5
53,2071,0.0
53,2080,0.0
53,2081,4.5
53,2083,5.0
53,2087,3.5
53,2105,2.5
53,2106,0.5
53,2109,3.5
53,2114,1.5
53,2134,1.5
53,2135,1.0
53,2142,1.0
53,2143,4.5
53,2146,4.5
53,2163,0.5
53,2166,1.5
53,2195,1.0
53,2199,1.5
53,2216,0.0
53,2240,4.0
53,2242,0.0
53,2246,0.0
53,2251,3.0
53,2266,5.0
53,2273,4.0
53,2278,4.5
53,2285,0.5
53,2288,2.0
53,2294,5.0
53,2295,2.5
53,2297,1.0
53,2298,4.0
53,2308,4.5
53,2319,0.0
53,2320,1.0
53,2329,5.0
53,2339,4.5
53,2341,0.0
53,2343,2.0
53,2346,3.0
53,2353,5.0
53,2359,4.0
53,2363,3.5
53,2367,0.0
53,2368,2.5
53,2387,2.0
53,2394,2.0
53,2410,2.0
53,2411,1.0
53,2416,0.5
53,2425,4.5
53,2431,2.0
53,2432,0.0
53,2438,4.0
53,2456,5.0
53,2470,4.0
53,2476,4.0
53,2478,4.0
53,2493,2.0
53,2499,5.0
53,2512,5.0
53,2544,4.5
53,2574,1.5
53,2595,3.5
53,2614,4.0
53,2616,4.0
53,2619,2.0
53,2626,2.0
53,2633,3.0
53,2636,3.0
53,2667,0.0
53,2676,5.0
53,2679,0.0
53,2681,4.5
53,2686,4.5
53,2688,1.0
53,2694,1.5
53,2697,2.5
53,2698,4.5
53,2699,1.5
53,2705,5.0
53,2718,2.5
53,2741,3.5
53,2747,2.5
53,2752,2.0
53,2755,4.0
53,2758,1.0
53,2761,4.5
53,2763,1.0
53,2779,4.0
53,2781,4.0
53,2802,4.0
53,2803,0.5
53,2804,2.0
53,2813,0.5
53,2818,3.0
53,2829,0.5
53,2837,4.5
53,2842,3.0
53,2852,0.0
53,2858,4.5
53,2860,1.0
53,2876,3.0
53,2885,5.0
53,2893,1.5
53,2902,0.5
53,2910,1.5
53,2914,1.0
53,2919,0.0
53,2924,4.0
53,2926,1.5
53,2932,2.0
53,2951,4.5
53,2958,1.0
53,2981,4.0
53,2992,1.0
53,3002,3.5
53,3008,4.5
53,3014,0.5
53,3039,1.0
53,3051,2.0
53,3053,5.0
53,3072,1.0
53,3078,0.0
53,3093,3.0
53,3104,2.5
53,3110,1.0
53,3113,1.0
53,3114,3.0
53,3122,1.0
53,3138,2.0
53,3150,2.5
53,3154,5.0
53,3155,4.5
53,3167,1.5
53,3168,0.0
53,3179,4.0
53,3191,1.0
53,3203,0.5
53,3206,0.5
53,3209,5.0
53,3210,4.0
53,3224,2.5
53,3251,2.5
53,3252,1.0
53,3255,0.0
53,3263,1.5
53,3265,0.5
53,3272,1.0
53,3275,2.0
53,3278,3.5
53,3282,0.0
53,3284,5.0
53,3292,4.5
53,3297,1.0
53,3298,5.0
53,3300,0.0
53,3307,4.0
53,3310,1.0
53,3316,0.0
53,3319,5.0
53,3323,1.5
53,3342,0.0
53,3348,0.0
53,3355,3.0
53,3356,5.0
53,3359,0.5
53,3361,0.0
53,3365,4.0
53,3367,1.0
53,3376,1.0
53,3384,3.5
53,3386,3.0
53,3396,0.0
53,3400,0.0
53,3414,4.5
53,3416,0.5
53,3423,0.5
53,3428,2.5
53,3448,3.0
53,3487,1.0
53,3494,0.0
53,3495,0.5
53,3527,1.5
53,3530,3.0
53,3532,4.0
53,3539,0.0
53,3540,1.0
53,3554,3.0
53,3558,0.5
53,3563,1.0
53,3568,1.5
53,3580,4.5
53,3587,4.5
53,3605,0.0
53,3622,3.0
53,3629,4.0
53,3639,2.0
53,3644,3.5
53,3646,4.0
53,3658,2.0
53,3669,4.5
53,3675,1.0
53,3695,0.5
53,3703,1.5
53,3730,2.0
53,3732,3.5
53,3740,3.0
53,3744,3.5
53,3747,1.0
53,3753,2.5
53,3756,2.5
53,3766,0.5
53,3773,4.0
53,3780,3.0
53,3793,2.0
53,3812,5.0
53,3822,4.5
53,3836,4.0
53,3852,0.5
53,3860,3.5
53,3884,4.0
53,3886,4.5
53,3889,0.5
53,3894,3.5
53,3895,4.5
53,3907,1.5
53,3938,4.0
53,3957,4.5
53,3965,4.5
53,3983,3.0
53,3987,2.5
54,4,4.5
54,6,3.0
54,11,1.5
54,26,0.5
54,32,3.5
54,42,5.0
54,44,4.5
54,49,0.0
54,63,2.5
54,90,2.0
54,108,1.0
54,110,3.0
54,112,3.5
54,118,1.0
54,142,1.0
54,143,1.5
54,145,3.5
54,148,1.5
54,152,0.0
54,167,4.5
54,171,0.5
54,184,4.5
54,185,4.5
54,190,4.0
54,215,1.5
54,226,5.0
54,241,2.0
54,243,1.5
54,252,2.5
54,265,0.0
54,266,3.5
54,270,1.0
54,314,3.0
54,336,1.0
54,346,2.5
54,347,4.5
54,358,2.0
54,362,2.5
54,366,5.0
54,377,5.0
54,383,3.5
54,385,0.5
54,389,1.0
54,390,3.5
54,404,2.5
54,409,2.0
54,411,4.0
54,421,3.5
54,428,4.5
54,432,5.0
54,437,0.0
54,451,4.5
54,457,0.0
54,458,1.5
54,465,4.5
54,466,2.0
54,477,2.5
54,479,2.5
54,482,3.5
54,489,2.0
54,491,0.5
54,492,3.5
54,503,3.0
54,509,4.5
54,512,3.5
54,515,1.5
54,517,5.0
54,521,3.0
54,551,1.5
54,562,1.5
54,563,2.5
54,566,2.0
54,569,5.0
54,573,0.0
54,616,3.5
54,622,4.5
54,631,2.0
54,633,4.0
54,637,1.5
54,647,0.5
54,651,3.0
54,658,4.0
54,669,4.0
54,673,0.0
54,677,0.0
54,679,5.0
54,680,4.5
54,681,1.5
54,696,3.5
54,702,4.0
54,705,4.5
54,708,0.5
54,727,2.5
54,731,5.0
54,733,0.5
54,736,4.5
54,748,0.5
54,754,0.5
54,775,5.0
54,780,4.5
54,784,4.5
54,786,3.0
54,789,2.5
54,800,4.5
54,802,3.0
54,806,5.0
54,815,4.0
54,816,1.0
54,818,1.5
54,819,4.0
54,830,4.0
54,837,0.5
54,838,4.0
54,846,2.5
54,848,3.5
54,858,0.0
54,872,3.5
54,876,2.0
54,880,0.5
54,883,0.5
54,884,4.5
54,886,4.0
54,887,4.5
54,889,2.0
54,894,5.0
54,901,3.5
54,904,3.5
54,916,0.0
54,920,1.0
54,927,4.5
54,930,5.0
54,937,5.0
54,949,1.0
54,950,0.0
54,955,3.5
54,958,0.5
54,967,1.0
54,969,2.0
54,972,3.5
54,987,4.0
54,1002,2.5
54,1003,0.0
54,1005,3.5
54,1006,5.0
54,1019,5.0
54,1025,2.5
54,1035,0.5
54,1039,3.0
54,1041,4.5
54,1049,1.5
54,1058,4.5
54,1063,3.0
54,1082,3.5
54,1086,0.5
54,1087,4.0
54,1091,0.0
54,1101,1.0
54,1109,1.0
54,1122,2.5
54,1128,3.0
54,1129,3.0
54,1145,4.0
54,1150,3.5
54,1159,0.5
54,1166,3.5
54,1171,4.5
54,1194,4.5
54,1197,4.5
54,1199,4.5
54,1203,5.0
54,1208,2.0
54,1210,1.5
54,1213,2.0
54,1218,1.0
54,1226,1.5
54,1228,1.5
54,1235,5.0
54,1258,4.5
54,1261,1.0
54,1279,3.5
54,1284,3.5
54,1292,3.5
54,1302,2.5
54,1313,0.0
54,1315,3.0
54,1320,3.0
54,1321,3.5
54,1329,1.0
54,1342,1.0
54,1346,1.5
54,1351,5.0
54,1352,4.5
54,1358,4.0
54,1366,0.0
54,1373,0.5
54,1376,4.5
54,1389,1.0
54,1402,1.5
54,1405,1.5
54,1408,5.0
54,1410,4.5
54,1411,3.0
54,1416,2.0
54,1421,2.5
54,1426,0.0
54,1429,5.0
54,1433,3.0
54,1442,4.5
54,1467,2.5
54,1480,1.5
54,1484,2.5
54,1496,2.0
54,1501,3.5
54,1506,5.0
54,1512,3.0
54,1518,0.0
54,1529,2.0
54,1532,5.0
54,1542,4.0
54,1547,2.0
54,1561,1.5
54,1583,1.5
54,1585,3.5
54,1588,5.0
54,1601,4.0
54,1610,2.0
54,1622,2.5
54,1627,3.5
54,1630,3.0
54,1638,3.5
54,1639,5.0
54,1647,4.5
54,1653,2.5
54,1672,3.5
54,1677,4.5
54,1680,1.0
54,1681,5.0
54,1693,1.0
54,1696,0.0
54,1698,3.0
54,1710,4.0
54,1711,3.5
54,1717,4.0
54,1724,2.0
54,1734,2.0
54,1745,1.0
54,1766,3.5
54,1771,1.5
54,1776,0.5
54,1779,0.5
54,1791,1.0
54,1800,2.0
54,1802,4.5
54,1813,1.0
54,1817,2.5
54,1819,2.0
54,1820,0.5
54,1823,3.0
54,1832,2.0
54,1846,2.5
54,1855,0.0
54,1859,2.5
54,1865,2.5
54,1870,4.5
54,1872,2.5
54,1874,1.0
54,1909,3.0
54,1912,2.5
54,1918,1.0
54,1920,5.0
54,1921,3.5
54,1939,4.0
54,1949,4.5
54,1963,4.5
54,1969,4.0
54,1970,4.0
54,1988,3.5
54,1996,0.5
54,1997,4.5
54,2011,3.5
54,2023,3.5
54,2025,5.0
54,2032,1.0
54,2036,1.0
54,2040,5.0
54,2056,4.0
54,2062,4.5
54,2067,1.5
54,2078,5.0
54,2081,0.0
54,2083,1.5
54,2084,5.0
54,2099,0.5
54,2102,2.5
54,2104,1.0
54,2114,2.5
54,2134,1.5
54,2146,5.0
54,2164,3.0
54,2165,0.0
54,2173,3.0
54,2181,2.0
54,2187,0.5
54,2190,0.0
54,2202,0.5
54,2209,1.0
54,2216,3.5
54,2219,0.5
54,2222,3.0
54,2228,2.0
54,2231,5.0
54,2232,3.0
54,2240,4.5
54,2242,2.5
54,2251,3.5
54,2264,4.5
54,2266,0.0
54,2273,0.5
54,2275,4.5
54,2277,3.0
54,2281,4.0
54,2288,4.0
54,2294,0.0
54,2297,0.0
54,2308,0.0
54,2310,4.0
54,2343,0.5
54,2346,4.5
54,2358,0.0
54,2367,3.0
54,2368,0.0
54,2410,5.0
54,2416,0.5
54,2425,3.0
54,2426,0.0
54,2436,3.0
54,2444,3.0
54,2452,1.5
54,2495,3.5
54,2499,1.5
54,2512,0.5
54,2514,0.0
54,2525,1.0
54,2556,4.5
54,2559,4.0
54,2563,3.5
54,2574,2.0
54,2589,2.5
54,2596,3.0
54,2612,4.5
54,2614,1.5
54,2616,1.0
54,2626,0.5
54,2636,1.0
54,2637,3.5
54,2650,1.0
54,2659,4.0
54,2675,1.0
54,2676,5.0
54,2679,2.0
54,2682,3.5
54,2686,3.0
54,2694,4.0
54,2705,3.0
54,2712,0.0
54,2718,2.0
54,2735,4.5
54,2743,4.5
54,2747,3.0
54,2748,3.5
54,2755,1.5
54,2758,3.0
54,2771,3.5
54,2780,5.0
54,2796,3.5
54,2809,0.5
54,2829,0.5
54,2837,1.5
54,2864,5.0
54,2877,4.5
54,2885,5.0
54,2902,5.0
54,2910,3.0
54,2916,1.0
54,2926,5.0
54,2934,1.5
54,2941,5.0
54,2954,4.5
54,2958,4.0
54,2960,4.0
54,2962,3.0
54,2970,0.0
54,2976,5.0
54,2977,3.5
54,2992,0.5
54,2995,0.0
54,3002,5.0
54,3008,4.0
54,3014,0.5
54,3016,2.0
54,3026,0.5
54,3029,4.0
54,3041,2.0
54,3044,0.0
54,3047,2.5
54,3058,2.0
54,3072,4.5
54,3078,3.0
54,3080,3.5
54,3093,4.5
54,3101,2.0
54,3104,2.0
54,3109,1.0
54,3113,0.0
54,3114,0.0
54,3119,0.5
54,3121,4.0
54,3125,0.5
54,3131,2.5
54,3138,2.0
54,3146,5.0
54,3154,3.5
54,3158,2.0
54,3166,4.5
54,3168,3.5
54,3169,4.5
54,3179,2.5
54,3184,4.5
54,3201,1.5
54,3209,1.0
54,3210,4.5
54,3226,3.0
54,3231,0.0
54,3237,5.0
54,3239,4.5
54,3251,1.5
54,3252,4.5
54,3259,3.0
54,3265,4.5
54,3292,2.0
54,3297,1.0
54,3298,4.0
54,3300,2.0
54,3307,5.0
54,3310,2.5
54,3321,2.5
54,3323,2.5
54,3325,3.0
54,3349,1.5
54,3359,2.0
54,3361,3.5
54,3365,0.5
54,3370,0.5
54,3384,4.5
54,3386,1.0
54,3389,0.5
54,3392,4.0
54,3410,4.5
54,3414,4.5
54,3416,2.0
54,3428,4.5
54,3448,1.0
54,3455,1.0
54,3458,4.0
54,3470,4.5
54,3504,0.0
54,3509,2.5
54,3515,4.5
54,3521,0.0
54,3527,1.5
54,3530,2.0
54,3554,4.5
54,3555,0.5
54,3578,3.0
54,3581,3.0
54,3599,1.0
54,3608,5.0
54,3619,3.5
54,3622,4.0
54,3624,3.0
54,3627,1.0
54,3629,2.5
54,3647,3.5
54,3657,3.5
54,3658,0.0
54,3667,4.5
54,3669,2.5
54,3675,0.0
54,3697,1.5
54,3701,2.5
54,3703,2.0
54,3705,3.5
54,3730,2.5
54,3735,2.5
54,3740,3.0
54,3744,2.5
54,3762,2.0
54,3767,4.5
54,3770,4.5
54,3773,1.5
54,3780,1.5
54,3812,5.0
54,3821,4.0
54,3822,4.0
54,3823,4.0
54,3826,0.5
54,3836,0.5
54,3850,3.5
54,3856,3.5
54,3859,3.5
54,3860,1.5
54,3861,2.0
54,3871,2.0
54,3875,1.0
54,3881,2.0
54,3882,4.0
54,3893,5.0
54,3895,3.5
54,3906,0.0
54,3911,0.0
54,3938,0.0
54,3987,4.5
54,3994,0.0
55,4,0.0
55,28,2.5
55,34,1.5
55,36,4.5
55,45,3.0
55,49,3.5
55,55,2.0
55,62,2.5
55,68,2.0
55,76,0.0
55,95,3.0
55,105,1.5
55,107,1.0
55,108,0.5
55,110,4.5
55,112,0.0
55,115,3.5
55,118,4.0
55,133,4.5
55,142,5.0
55,149,4.0
55,152,1.5
55,171,4.0
55,190,2.0
55,195,5.0
55,207,4.5
55,229,2.5
55,233,2.5
55,241,0.5
55,244,2.0
55,269,0.0
55,273,3.5
55,277,1.5
55,280,4.0
55,295,1.0
55,303,5.0
55,324,1.0
55,327,4.0
55,336,5.0
55,349,3.5
55,353,2.5
55,362,1.0
55,366,2.0
55,375,0.0
55,383,5.0
55,385,0.0
55,404,3.5
55,411,1.5
55,414,1.5
55,425,3.0
55,432,3.0
55,437,1.0
55,451,3.5
55,454,3.5
55,455,3.5
55,457,3.0
55,466,3.0
55,470,4.5
55,476,0.5
55,478,2.5
55,482,0.0
55,484,2.0
55,491,3.5
55,495,1.0
55,503,3.0
55,509,2.5
55,512,1.5
55,515,3.0
55,517,4.0
55,528,3.5
55,534,4.0
55,538,4.0
55,544,4.0
55,547,4.5
55,551,4.5
55,562,2.5
55,598,5.0
55,600,1.5
55,618,0.0
55,624,0.0
55,633,4.0
55,643,3.5
55,651,5.0
55,669,4.5
55,677,1.5
55,679,4.0
55,685,3.0
55,696,5.0
55,705,1.5
55,708,3.5
55,727,2.5
55,729,1.0
55,732,1.5
55,736,3.5
55,737,2.5
55,748,3.0
55,754,0.5
55,762,3.0
55,768,0.0
55,788,3.0
55,795,3.5
55,806,1.0
55,815,4.5
55,816,0.5
55,830,4.0
55,838,1.5
55,850,4.0
55,884,1.5
55,888,4.5
55,889,5.0
55,901,1.0
55,904,4.0
55,911,3.5
55,919,4.5
55,941,2.5
55,949,1.0
55,966,1.5
55,968,4.0
55,972,0.0
55,983,3.5
55,987,4.5
55,998,2.5
55,1004,4.5
55,1005,4.5
55,1008,3.5
55,1018,1.5
55,1025,3.5
55,1049,2.5
55,1057,1.0
55,1062,3.5
55,1068,1.5
55,1086,3.5
55,1091,3.0
55,1101,1.5
55,1109,5.0
55,1111,1.5
55,1112,3.5
55,1129,3.5
55,1132,5.0
55,1150,0.5
55,1159,4.5
55,1166,1.5
55,1183,1.0
55,1199,3.5
55,1203,0.5
55,1204,1.0
55,1206,0.5
55,1213,2.0
55,1215,4.0
55,1218,0.0
55,1223,4.0
55,1228,0.5
55,1249,4.5
55,1269,4.5
55,1279,2.5
55,1292,2.0
55,1293,4.5
55,1308,1.5
55,1316,5.0
55,1333,0.0
55,1342,0.0
55,1346,4.5
55,1355,2.5
55,1366,5.0
55,1371,1.5
55,1373,4.5
55,1376,0.5
55,1379,2.5
55,1386,1.5
55,1395,2.5
55,1416,3.5
55,1423,0.0
55,1426,2.5
55,1427,4.0
55,1429,4.0
55,1431,1.5
55,1433,1.5
55,1444,5.0
55,1446,2.0
55,1447,1.5
55,1467,3.0
55,1483,0.5
55,1501,0.5
55,1512,0.0
55,1515,4.0
55,1516,0.0
55,1518,4.0
55,1523,2.5
55,1532,1.0
55,1540,4.0
55,1542,0.0
55,1583,1.5
55,1589,0.5
55,1602,1.0
55,1622,4.0
55,1623,2.0
55,1624,0.0
55,1627,0.0
55,1632,5.0
55,1647,3.5
55,1653,1.5
55,1654,5.0
55,1663,4.0
55,1672,3.0
55,1676,4.0
55,1693,0.5
55,1694,2.0
55,1696,1.0
55,1710,3.0
55,1717,2.0
55,1722,4.5
55,1727,1.5
55,1738,0.0
55,1751,1.0
55,1754,0.0
55,1763,0.5
55,1771,4.0
55,1779,0.5
55,1781,3.0
55,1782,3.5
55,1800,2.5
55,1808,0.5
55,1813,2.5
55,1819,3.0
55,1820,2.5
55,1832,1.0
55,1846,0.0
55,1866,2.5
55,1874,1.5
55,1880,4.0
55,1887,0.0
55,1909,1.0
55,1912,1.0
55,1913,2.5
55,1921,0.5
55,1928,0.0
55,1936,2.5
55,1954,1.5
55,1960,1.5
55,1969,4.5
55,1970,2.5
55,1988,3.0
55,1995,5.0
55,2018,1.0
55,2023,4.5
55,2025,3.0
55,2040,4.0
55,2056,4.0
55,2059,5.0
55,2069,4.0
55,2078,4.5
55,2081,4.5
55,2084,1.0
55,2087,0.0
55,2099,5.0
55,2105,3.5
55,2106,0.5
55,2117,2.5
55,2118,0.5
55,2119,2.5
55,2134,3.5
55,2146,4.0
55,2163,3.0
55,2164,5.0
55,2165,2.0
55,2173,1.5
55,2179,0.0
55,2181,2.0
55,2190,2.0
55,2195,3.0
55,2201,0.5
55,2209,5.0
55,2219,3.5
55,2222,0.0
55,2228,2.0
55,2254,4.5
55,2266,1.5
55,2271,3.5
55,2272,0.0
55,2273,3.0
55,2275,0.0
55,2276,0.0
55,2277,2.0
55,2278,3.5
55,2280,1.0
55,2289,2.0
55,2295,2.0
55,2297,1.0
55,2298,3.5
55,2304,0.0
55,2308,0.0
55,2314,4.5
55,2317,4.5
55,2337,0.5
55,2341,4.0
55,2343,4.5
55,2348,2.5
55,2353,2.5
55,2385,4.0
55,2387,3.0
55,2394,0.0
55,2409,3.5
55,2410,0.5
55,2416,4.5
55,2417,5.0
55,2425,0.0
55,2431,3.5
55,2432,4.5
55,2444,1.5
55,2456,5.0
55,2469,2.0
55,2476,5.0
55,2478,0.5
55,2482,5.0
55,2492,5.0
55,2499,3.0
55,2514,4.5
55,2525,4.0
55,2543,5.0
55,2553,3.0
55,2556,1.5
55,2588,0.5
55,2595,4.5
55,2601,1.0
55,2604,0.0
55,2612,0.0
55,2626,1.5
55,2633,2.0
55,2636,4.5
55,2638,2.0
55,2649,0.5
55,2650,3.0
55,2659,0.5
55,2679,2.5
55,2681,1.0
55,2686,2.5
55,2688,3.0
55,2694,3.5
55,2700,4.5
55,2705,4.5
55,2718,4.0
55,2730,5.0
55,2741,0.5
55,2755,2.5
55,2757,1.0
55,2758,0.5
55,2761,4.0
55,2763,3.0
55,2771,0.0
55,2779,4.5
55,2802,0.0
55,2803,0.5
55,2809,2.0
55,2812,0.0
55,2813,2.0
55,2851,1.5
55,2858,3.5
55,2864,3.5
55,2885,4.5
55,2890,2.0
55,2912,4.0
55,2916,4.5
55,2924,4.0
55,2932,2.5
55,2933,3.0
55,2934,3.5
55,2951,3.5
55,2955,0.5
55,2960,1.0
55,2970,1.5
55,2977,0.0
55,2981,1.5
55,2992,3.0
55,2993,0.0
55,2995,0.0
55,3014,4.0
55,3017,4.5
55,3033,4.0
55,3039,1.5
55,3043,3.5
55,3044,4.5
55,3046,1.5
55,3051,2.0
55,3052,3.5
55,3053,4.5
55,3054,3.5
55,3074,3.0
55,3106,2.0
55,3110,1.0
55,3114,0.5
55,3117,2.5
55,3122,3.0
55,3128,2.0
55,3133,3.5
55,3138,4.5
55,3142,3.0
55,3158,2.0
55,3167,1.0
55,3184,3.5
55,3191,4.0
55,3198,3.0
55,3201,1.5
55,3206,1.0
55,3212,1.0
55,3232,4.5
55,3237,4.0
55,3239,1.5
55,3252,0.0
55,3256,2.0
55,3263,4.0
55,3272,3.0
55,3275,3.0
55,3278,0.5
55,3280,2.5
55,3289,0.0
55,3298,3.0
55,3305,0.5
55,3311,0.0
55,3316,3.5
55,3322,4.0
55,3323,0.5
55,3324,3.0
55,3325,1.5
55,3327,1.0
55,3328,2.5
55,3349,2.5
55,3355,1.0
55,3356,4.5
55,3361,3.5
55,3365,2.5
55,3370,5.0
55,3386,3.5
55,3389,3.5
55,3400,2.0
55,3406,1.0
55,3410,2.0
55,3413,5.0
55,3446,4.0
55,3448,1.5
55,3453,1.5
55,3456,1.0
55,3482,4.0
55,3495,2.5
55,3500,4.0
55,3503,1.5
55,3504,1.5
55,3507,0.0
55,3515,2.0
55,3521,2.0
55,3523,1.0
55,3527,2.5
55,3530,3.0
55,3532,1.5
55,3533,3.5
55,3536,1.5
55,3539,5.0
55,3542,4.0
55,3548,5.0
55,3555,0.5
55,3563,2.5
55,3566,0.5
55,3592,2.5
55,3599,1.5
55,3608,5.0
55,3622,1.0
55,3624,4.0
55,3634,0.0
55,3643,3.5
55,3647,0.5
55,3651,0.5
55,3658,4.0
55,3675,4.5
55,3695,3.0
55,3701,2.0
55,3742,3.5
55,3750,0.0
55,3753,4.5
55,3762,1.0
55,3766,1.5
55,3781,3.5
55,3791,3.5
55,3797,4.0
55,3821,1.5
55,3822,1.0
55,3843,0.5
55,3856,3.5
55,3860,2.5
55,3867,2.0
55,3881,2.0
55,3893,4.0
55,3894,3.0
55,3907,2.0
55,3911,3.5
55,3918,3.5
55,3938,3.5
55,3957,0.5
55,3982,3.5
55,3987,2.5
56,6,2.0
56,9,2.5
56,11,0.0
56,28,3.0
56,42,2.0
56,45,3.0
56,63,0.5
56,68,0.5
56,70,3.0
56,95,3.0
56,105,1.5
56,108,1.5
56,115,1.0
56,118,5.0
56,124,4.5
56,133,2.0
56,140,4.5
56,145,3.0
56,148,3.0
56,165,0.5
56,195,5.0
56,207,0.0
56,209,5.0
56,233,1.5
56,235,2.5
56,241,0.5
56,256,1.0
56,265,5.0
56,269,3.0
56,273,1.0
56,277,3.5
56,280,3.0
56,288,1.0
56,298,2.0
56,303,4.0
56,319,3.5
56,327,0.5
56,346,1.5
56,347,1.0
56,349,4.0
56,371,4.0
56,373,1.0
56,375,0.0
56,377,1.0
56,383,5.0
56,389,1.5
56,401,0.0
56,409,3.5
56,420,0.5
56,425,0.0
56,428,2.0
56,443,0.5
56,444,0.5
56,455,4.5
56,457,1.0
56,465,0.5
56,466,5.0
56,476,3.0
56,477,1.5
56,478,3.5
56,479,4.0
56,482,2.0
56,484,2.5
56,489,0.5
56,503,1.5
56,504,4.0
56,509,2.0
56,512,1.0
56,514,1.5
56,515,3.5
56,517,1.0
56,534,0.0
56,538,5.0
56,540,0.5
56,544,1.5
56,562,3.5
56,569,5.0
56,573,2.0
56,576,5.0
56,582,0.0
56,600,0.0
56,616,1.0
56,619,3.0
56,624,0.5
56,631,2.5
56,633,4.0
56,642,3.5
56,643,0.5
56,681,2.0
56,682,3.5
56,702,2.0
56,708,1.5
56,729,4.0
56,731,4.0
56,732,4.5
56,737,2.5
56,739,4.0
56,748,3.5
56,749,5.0
56,751,1.5
56,755,2.0
56,762,0.5
56,764,4.0
56,768,3.5
56,775,2.0
56,786,0.5
56,788,4.5
56,795,1.0
56,800,1.5
56,818,3.0
56,837,2.0
56,838,5.0
56,848,0.5
56,851,3.5
56,859,5.0
56,872,4.0
56,880,2.5
56,883,5.0
56,886,1.0
56,887,0.0
56,889,1.0
56,896,2.5
56,911,3.5
56,919,1.5
56,920,5.0
56,927,5.0
56,937,4.5
56,949,3.0
56,955,0.5
56,983,5.0
56,998,4.5
56,1005,2.5
56,1008,3.0
56,1013,0.0
56,1018,1.5
56,1025,2.0
56,1039,5.0
56,1049,4.0
56,1057,1.5
56,1058,3.0
56,1071,0.0
56,1076,2.0
56,1082,4.0
56,1087,2.5
56,1112,3.5
56,1129,2.5
56,1146,2.5
56,1150,3.0
56,1159,1.5
56,1162,0.0
56,1171,0.0
56,1183,3.0
56,1198,0.5
56,1203,0.5
56,1208,1.5
56,1210,4.0
56,1215,2.5
56,1223,1.5
56,1235,3.5
56,1240,1.5
56,1245,3.0
56,1250,2.5
56,1253,0.5
56,1258,3.5
56,1261,3.0
56,1269,2.5
56,1278,1.5
56,1279,2.5
56,1280,4.5
56,1284,3.0
56,1292,1.5
56,1309,0.5
56,1313,0.0
56,1321,2.5
56,1329,1.0
56,1334,0.5
56,1358,1.5
56,1386,1.5
56,1416,1.0
56,1421,2.5
56,1423,0.5
56,1426,4.0
56,1429,2.5
56,1431,1.0
56,1442,2.0
56,1444,1.5
56,1446,0.5
56,1447,2.5
56,1455,1.0
56,1467,5.0
56,1475,5.0
56,1491,3.5
56,1496,1.0
56,1500,1.5
56,1540,2.5
56,1542,1.5
56,1574,2.0
56,1602,3.5
56,1608,3.5
56,1616,0.5
56,1622,5.0
56,1628,4.5
56,1630,1.5
56,1635,0.0
56,1647,5.0
56,1659,0.0
56,1666,4.0
56,1677,3.0
56,1682,3.5
56,1688,5.0
56,1693,3.0
56,1694,3.5
56,1696,3.5
56,1699,3.0
56,1710,0.5
56,1711,1.5
56,1716,4.5
56,1722,4.0
56,1724,3.5
56,1727,1.5
56,1737,4.5
56,1740,1.0
56,1741,1.5
56,1745,3.0
56,1750,0.0
56,1751,3.0
56,1766,1.5
56,1770,4.0
56,1776,4.0
56,1779,0.0
56,1781,0.0
56,1794,2.5
56,1808,0.0
56,1815,2.0
56,1817,2.5
56,1823,1.5
56,1841,4.5
56,1842,3.5
56,1850,2.0
56,1865,4.0
56,1872,4.0
56,1874,2.5
56,1878,1.5
56,1880,4.0
56,1900,4.5
56,1909,4.0
56,1912,5.0
56,1913,1.0
56,1921,4.5
56,1936,2.5
56,1939,3.0
56,1951,4.5
56,1960,3.0
56,1963,0.5
56,1970,3.5
56,1971,3.5
56,1988,4.5
56,1997,3.0
56,2018,3.0
56,2020,4.5
56,2025,3.5
56,2028,0.5
56,2040,2.5
56,2055,1.0
56,2078,2.5
56,2080,2.5
56,2081,5.0
56,2083,4.5
56,2106,4.0
56,2109,0.0
56,2135,1.0
56,2146,4.0
56,2165,1.5
56,2190,1.0
56,2195,1.5
56,2199,2.0
56,2202,2.5
56,2216,1.0
56,2218,3.5
56,2219,3.0
56,2222,1.0
56,2228,3.5
56,2231,0.0
56,2232,0.5
56,2242,3.0
56,2246,3.0
56,2251,2.0
56,2254,3.5
56,2261,3.5
56,2264,5.0
56,2266,1.5
56,2272,0.0
56,2276,3.0
56,2278,2.0
56,2280,2.0
56,2281,0.5
56,2285,0.5
56,2288,4.5
56,2292,1.0
56,2294,5.0
56,2306,3.0
56,2308,1.5
56,2310,3.5
56,2317,4.0
56,2329,5.0
56,2334,5.0
56,2337,0.5
56,2346,5.0
56,2348,2.0
56,2353,0.0
56,2358,3.0
56,2359,2.5
56,2367,3.0
56,2403,2.5
56,2409,3.0
56,2414,3.5
56,2425,4.0
56,2438,3.0
56,2444,1.5
56,2471,1.0
56,2472,3.5
56,2476,2.0
56,2478,4.5
56,2492,2.5
56,2496,1.5
56,2499,0.0
56,2503,4.5
56,2508,1.5
56,2512,4.5
56,2525,4.0
56,2541,4.5
56,2543,3.0
56,2544,2.0
56,2556,0.5
56,2563,2.5
56,2566,5.0
56,2574,3.5
56,2577,4.0
56,2596,3.5
56,2597,3.0
56,2601,4.5
56,2604,4.5
56,2612,3.0
56,2614,0.5
56,2619,3.5
56,2623,3.5
56,2625,4.0
56,2638,4.5
56,2650,2.0
56,2653,3.5
56,2667,0.5
56,2686,5.0
56,2712,3.5
56,2725,5.0
56,2744,3.0
56,2752,3.5
56,2755,3.5
56,2763,0.0
56,2771,1.5
56,2779,2.0
56,2780,2.5
56,2781,2.0
56,2794,2.0
56,2796,5.0
56,2802,1.0
56,2804,4.5
56,2812,1.0
56,2813,3.5
56,2818,3.5
56,2828,0.5
56,2829,2.0
56,2834,0.0
56,2842,5.0
56,2851,5.0
56,2858,2.0
56,2866,0.0
56,2867,1.5
56,2873,4.5
56,2885,1.5
56,2893,1.5
56,2910,1.5
56,2914,2.5
56,2924,2.5
56,2953,0.0
56,2954,3.5
56,2960,2.0
56,2975,2.5
56,2992,2.5
56,3008,0.5
56,3017,0.5
56,3026,3.5
56,3029,2.5
56,3036,3.5
56,3042,0.0
56,3046,1.0
56,3047,0.0
56,3050,3.5
56,3052,0.5
56,3054,3.5
56,3055,3.0
56,3058,3.0
56,3076,4.5
56,3078,0.0
56,3101,0.0
56,3102,5.0
56,3106,3.0
56,3109,0.0
56,3113,0.0
56,3114,0.0
56,3116,1.0
56,3125,3.0
56,3133,4.0
56,3138,1.0
56,3158,4.0
56,3162,1.5
56,3168,0.5
56,3169,5.0
56,3184,1.0
56,3191,5.0
56,3194,4.5
56,3198,4.0
56,3208,0.0
56,3209,4.0
56,3210,3.0
56,3215,2.0
56,3223,2.0
56,3224,0.5
56,3231,0.0
56,3237,0.0
56,3247,1.5
56,3265,1.0
56,3282,2.0
56,3297,2.5
56,3305,0.5
56,3310,5.0
56,3311,3.0
56,3313,5.0
56,3319,3.0
56,3323,3.0
56,3324,2.0
56,3325,5.0
56,3327,3.5
56,3328,4.0
56,3335,1.5
56,3342,2.0
56,3348,2.0
56,3349,1.5
56,3359,1.5
56,3367,4.0
56,3370,0.5
56,3375,3.5
56,3396,4.0
56,3402,0.0
56,3406,1.5
56,3413,1.5
56,3414,2.0
56,3416,2.0
56,3418,3.0
56,3446,2.0
56,3448,2.0
56,3453,2.5
56,3455,0.0
56,3456,2.0
56,3500,5.0
56,3507,1.5
56,3523,4.0
56,3527,3.0
56,3532,3.5
56,3533,5.0
56,3536,0.5
56,3539,0.0
56,3540,1.0
56,3554,3.0
56,3568,1.5
56,3580,2.5
56,3581,4.0
56,3587,0.5
56,3599,2.5
56,3627,3.5
56,3639,2.0
56,3644,4.5
56,3659,3.0
56,3661,4.0
56,3675,0.5
56,3683,3.0
56,3695,3.5
56,3705,5.0
56,3730,3.0
56,3732,4.0
56,3739,3.0
56,3740,0.5
56,3744,5.0
56,3747,1.0
56,3756,3.5
56,3759,2.5
56,3762,4.0
56,3767,1.5
56,3781,5.0
56,3792,4.5
56,3826,4.5
56,3850,1.5
56,3861,5.0
56,3867,4.5
56,3873,4.0
56,3875,2.0
56,3881,1.5
56,3884,1.0
56,3886,3.0
56,3894,2.0
56,3903,2.0
56,3911,2.5
56,3918,3.5
56,3951,5.0
56,3960,4.5
56,3965,2.5
56,3981,2.5
56,3982,0.5
56,3987,2.5
57,11,4.5
57,20,1.5
57,23,0.0
57,26,3.0
57,29,0.5
57,32,2.0
57,49,5.0
57,62,1.0
57,63,3.5
57,64,4.5
57,76,5.0
57,81,3.5
57,86,4.0
57,90,5.0
57,112,0.5
57,124,0.0
57,133,0.5
57,140,1.5
57,142,4.0
57,165,4.5
57,171,2.5
57,184,2.0
57,203,4.5
57,207,3.5
57,215,3.0
57,229,4.5
57,241,3.5
57,242,1.0
57,248,4.0
57,256,4.5
57,265,1.0
57,274,3.0
57,277,0.0
57,288,4.5
57,303,0.5
57,319,2.0
57,322,2.0
57,327,1.0
57,346,0.0
57,347,4.0
57,353,3.0
57,362,2.5
57,373,1.0
57,375,2.0
57,385,4.0
57,389,2.5
57,400,0.0
57,401,3.0
57,404,0.0
57,409,1.5
57,411,5.0
57,420,3.0
57,421,3.5
57,425,2.5
57,432,2.5
57,443,0.0
57,455,1.5
57,457,0.0
57,458,4.5
57,459,2.0
57,465,1.0
57,470,4.0
57,478,1.5
57,491,0.5
57,495,5.0
57,503,2.5
57,514,1.0
57,521,0.5
57,534,4.0
57,540,5.0
57,541,4.5
57,547,4.0
57,562,3.0
57,569,0.0
57,576,3.5
57,598,0.0
57,602,5.0
57,606,0.5
57,616,0.0
57,618,3.5
57,622,0.0
57,632,2.5
57,633,0.0
57,636,2.5
57,642,5.0
57,643,1.5
57,646,0.5
57,647,3.5
57,658,3.5
57,669,2.5
57,673,1.5
57,679,1.5
57,681,3.0
57,697,3.5
57,699,0.5
57,705,2.0
57,736,1.0
57,737,3.5
57,738,5.0
57,744,5.0
57,748,1.0
57,751,2.0
57,754,4.5
57,755,3.5
57,761,0.5
57,775,1.5
57,784,3.5
57,786,5.0
57,795,4.5
57,800,3.0
57,802,2.0
57,806,4.0
57,814,5.0
57,815,5.0
57,819,2.0
57,824,1.0
57,830,4.0
57,834,4.5
57,838,0.5
57,846,0.0
57,872,5.0
57,876,0.0
57,879,3.5
57,880,4.5
57,884,2.5
57,885,1.5
57,887,3.0
57,894,3.0
57,896,2.5
57,911,1.5
57,919,4.0
57,924,2.0
57,930,2.0
57,937,2.0
57,939,2.0
57,946,2.5
57,950,3.5
57,958,4.0
57,967,4.5
57,968,3.5
57,976,4.0
57,987,2.0
57,1003,2.5
57,1008,0.5
57,1013,3.0
57,1018,5.0
57,1025,0.5
57,1035,1.0
57,1039,0.5
57,1063,0.5
57,1068,2.0
57,1087,1.5
57,1091,4.5
57,1100,3.0
57,1109,3.5
57,1111,0.0
57,1112,1.5
57,1114,3.5
57,1122,3.5
57,1128,3.0
57,1145,0.0
57,1150,2.5
57,1161,3.0
57,1162,4.5
57,1166,4.5
57,1180,2.0
57,1199,5.0
57,1203,3.5
57,1204,0.0
57,1206,3.5
57,1213,4.0
57,1218,0.5
57,1223,4.5
57,1226,3.0
57,1228,1.0
57,1240,3.5
57,1251,2.5
57,1261,1.5
57,1274,2.0
57,1279,1.0
57,1282,0.5
57,1302,3.0
57,1308,1.5
57,1313,4.0
57,1315,0.5
57,1316,0.5
57,1328,0.5
57,1329,0.5
57,1333,0.5
57,1334,2.0
57,1346,4.5
57,1351,2.5
57,1355,0.5
57,1358,2.0
57,1373,2.5
57,1383,2.0
57,1386,4.0
57,1387,0.0
57,1402,0.0
57,1410,1.5
57,1411,3.5
57,1416,4.5
57,1421,0.5
57,1423,3.5
57,1426,3.5
57,1444,2.0
57,1446,4.0
57,1463,1.5
57,1467,1.5
57,1480,0.5
57,1484,1.5
57,1491,0.0
57,1500,0.5
57,1506,0.5
57,1512,0.0
57,1518,2.5
57,1523,4.0
57,1532,2.0
57,1538,0.5
57,1544,3.5
57,1562,5.0
57,1577,1.0
57,1585,4.0
57,1608,0.0
57,1609,4.0
57,1610,4.0
57,1616,4.5
57,1622,0.0
57,1623,2.0
57,1624,0.0
57,1627,0.5
57,1632,2.0
57,1639,0.5
57,1647,5.0
57,1649,2.0
57,1654,1.5
57,1663,2.0
57,1664,3.5
57,1676,3.5
57,1681,5.0
57,1688,1.0
57,1693,2.5
57,1703,2.0
57,1716,0.0
57,1722,0.5
57,1724,1.5
57,1735,4.0
57,1737,3.0
57,1738,1.5
57,1740,1.5
57,1741,4.0
57,1745,1.5
57,1750,3.5
57,1751,2.5
57,1760,2.5
57,1766,1.0
57,1771,2.5
57,1779,3.5
57,1781,5.0
57,1783,1.0
57,1791,2.0
57,1800,4.5
57,1802,2.0
57,1808,3.0
57,1813,0.5
57,1816,2.5
57,1817,3.5
57,1819,1.0
57,1842,1.0
57,1846,3.5
57,1849,2.5
57,1870,2.5
57,1872,1.5
57,1874,3.0
57,1880,4.5
57,1887,4.0
57,1894,4.5
57,1900,4.0
57,1918,4.5
57,1960,1.5
57,1963,4.0
57,1967,2.5
57,1969,1.5
57,1970,3.5
57,1980,3.0
57,1988,1.0
57,1991,2.0
57,1995,5.0
57,1996,0.0
57,1999,4.0
57,2011,1.0
57,2025,3.5
57,2028,2.0
57,2032,1.5
57,2036,2.0
57,2040,1.0
57,2043,2.5
57,2055,4.0
57,2056,5.0
57,2059,4.0
57,2060,1.5
57,2062,1.0
57,2067,0.5
57,2071,3.5
57,2078,1.5
57,2080,2.5
57,2084,1.5
57,2087,0.0
57,2095,4.5
57,2096,5.0
57,2104,0.0
57,2106,2.5
57,2117,2.0
57,2118,4.0
57,2134,4.5
57,2135,4.0
57,2143,3.0
57,2146,2.0
57,2164,1.0
57,2166,2.0
57,2173,1.5
57,2179,2.0
57,2181,0.5
57,2187,5.0
57,2195,3.0
57,2202,1.0
57,2209,4.0
57,2216,3.0
57,2219,0.0
57,2222,4.5
57,2224,3.0
57,2228,0.5
57,2231,0.5
57,2232,4.5
57,2240,2.0
57,2246,2.5
57,2261,1.0
57,2271,3.5
57,2273,0.5
57,2277,5.0
57,2278,0.5
57,2281,0.0
57,2285,1.5
57,2289,2.5
57,2294,1.5
57,2295,1.0
57,2297,4.5
57,2304,3.0
57,2306,4.5
57,2310,4.5
57,2314,5.0
57,2317,3.0
57,2329,2.5
57,2339,3.0
57,2341,4.0
57,2343,2.0
57,2351,2.0
57,2353,4.5
57,2359,4.5
57,2382,1.5
57,2394,5.0
57,2414,0.5
57,2416,3.0
57,2431,1.5
57,2446,2.5
57,2469,5.0
57,2470,2.5
57,2471,5.0
57,2472,3.5
57,2478,2.5
57,2482,0.0
57,2492,4.0
57,2493,1.5
57,2495,0.5
57,2497,0.0
57,2503,3.0
57,2508,3.5
57,2512,0.5
57,2525,1.0
57,2541,2.0
57,2543,0.5
57,2553,2.5
57,2559,3.0
57,2563,3.0
57,2574,0.0
57,2589,5.0
57,2592,0.5
57,2595,2.0
57,2596,4.5
57,2614,2.5
57,2616,5.0
57,2619,4.0
57,2623,1.5
57,2624,2.0
57,2626,2.5
57,2649,3.0
57,2653,0.0
57,2667,2.0
57,2675,2.5
57,2686,5.0
57,2697,3.0
57,2699,3.5
57,2718,0.0
57,2730,2.0
57,2741,1.5
57,2744,0.5
57,2747,3.0
57,2748,4.0
57,2752,4.0
57,2757,0.5
57,2761,4.5
57,2771,0.5
57,2779,1.0
57,2780,1.0
57,2781,4.0
57,2829,3.5
57,2851,3.0
57,2852,2.0
57,2858,5.0
57,2860,2.0
57,2864,2.0
57,2866,3.5
57,2902,1.0
57,2916,2.0
57,2919,3.0
57,2932,1.5
57,2933,2.5
57,2941,3.5
57,2951,1.5
57,2953,3.5
57,2958,0.5
57,2960,4.0
57,2970,2.5
57,2975,5.0
57,2976,1.0
57,2977,3.5
57,2981,5.0
57,2989,2.5
57,2992,0.5
57,3008,2.5
57,3026,3.0
57,3033,0.5
57,3036,3.5
57,3039,2.5
57,3041,2.5
57,3042,2.0
57,3043,2.5
57,3044,3.5
57,3046,2.0
57,3052,4.5
57,3053,5.0
57,3054,5.0
57,3055,0.0
57,3072,4.0
57,3101,4.0
57,3106,3.5
57,3113,2.0
57,3116,4.0
57,3117,3.0
57,3119,4.5
57,3122,2.5
57,3125,0.5
57,3128,4.0
57,3131,4.0
57,3133,4.5
57,3147,4.0
57,3150,3.0
57,3154,3.5
57,3162,4.5
57,3167,1.5
57,3168,5.0
57,3169,3.0
57,3184,2.0
57,3194,0.0
57,3203,3.0
57,3206,2.0
57,3208,4.0
57,3212,5.0
57,3226,5.0
57,3231,1.0
57,3239,5.0
57,3247,4.5
57,3252,4.5
57,3259,2.0
57,3262,0.0
57,3265,1.5
57,3267,3.0
57,3272,2.5
57,3275,1.0
57,3280,3.0
57,3289,1.0
57,3292,4.5
57,3298,2.0
57,3305,0.0
57,3311,3.5
57,3319,0.5
57,3321,4.0
57,3322,5.0
57,3324,4.5
57,3325,3.5
57,3335,4.5
57,3342,2.0
57,3345,1.0
57,3348,1.0
57,3349,2.0
57,3356,2.5
57,3386,4.5
57,3392,3.5
57,3393,2.0
57,3396,5.0
57,3400,5.0
57,3401,0.0
57,3402,4.5
57,3413,4.0
57,3414,2.5
57,3423,4.5
57,3445,5.0
57,3447,4.0
57,3458,4.0
57,3482,1.0
57,3495,3.5
57,3500,3.5
57,3504,1.5
57,3507,1.0
57,3509,1.0
57,3515,4.5
57,3527,1.5
57,3530,0.5
57,3542,4.5
57,3554,4.0
57,3563,3.5
57,3568,2.5
57,3572,5.0
57,3581,4.5
57,3587,0.5
57,3592,1.5
57,3605,4.5
57,3622,1.0
57,3627,0.5
57,3634,0.5
57,3640,4.0
57,3647,0.0
57,3648,3.5
57,3651,1.0
57,3676,1.5
57,3683,3.0
57,3693,2.5
57,3697,2.0
57,3701,2.0
57,3705,0.0
57,3717,4.0
57,3730,2.0
57,3732,0.5
57,3735,4.0
57,3740,3.5
57,3741,3.0
57,3742,3.0
57,3750,1.0
57,3753,3.5
57,3761,1.0
57,3762,4.0
57,3767,3.0
57,3770,2.5
57,3773,0.5
57,3780,1.5
57,3792,0.0
57,3812,3.0
57,3822,5.0
57,3826,0.0
57,3843,5.0
57,3856,0.5
57,3859,5.0
57,3860,1.5
57,3867,0.0
57,3871,1.5
57,3873,2.5
57,3875,2.5
57,3881,1.5
57,3889,2.5
57,3893,4.5
57,3906,0.5
57,3918,3.5
57,3965,3.0
57,3970,4.5
57,3981,3.0
57,3994,1.5
58,9,2.0
58,19,1.5
58,23,0.0
58,26,0.0
58,29,2.5
58,42,0.0
58,44,2.0
58,49,4.5
58,70,3.0
58,87,0.0
58,95,4.0
58,105,4.0
58,107,2.5
58,108,5.0
58,110,5.0
58,112,2.5
58,115,3.5
58,116,0.0
58,133,2.0
58,142,4.0
58,143,2.0
58,145,3.0
58,148,2.0
58,149,1.0
58,152,0.5
58,167,3.5
58,171,0.5
58,185,3.5
58,190,2.5
58,195,3.0
58,199,0.0
58,233,3.5
58,241,0.5
58,242,2.0
58,243,2.5
58,244,0.5
58,248,0.0
58,252,4.0
58,256,3.0
58,273,3.0
58,280,1.5
58,303,2.0
58,322,2.5
58,324,1.5
58,336,4.0
58,346,4.0
58,353,3.0
58,371,3.5
58,373,3.0
58,390,0.0
58,401,2.0
58,411,3.0
58,413,3.5
58,432,2.0
58,455,4.0
58,459,3.5
58,470,4.0
58,476,2.5
58,477,5.0
58,478,1.0
58,480,1.0
58,482,5.0
58,484,5.0
58,489,3.5
58,492,2.0
58,504,0.5
58,509,0.5
58,517,3.0
58,521,3.5
58,525,1.5
58,528,4.0
58,562,0.5
58,576,2.5
58,582,0.5
58,602,1.0
58,606,4.5
58,619,4.5
58,624,4.0
58,633,1.5
58,643,0.5
58,646,0.5
58,647,2.0
58,677,4.5
58,682,3.0
58,696,2.0
58,702,5.0
58,729,1.0
58,731,1.0
58,732,0.0
58,736,3.5
58,737,2.0
58,738,4.0
58,748,3.5
58,751,1.5
58,754,4.0
58,755,2.5
58,775,0.5
58,778,1.5
58,786,1.5
58,788,4.0
58,802,1.5
58,806,0.5
58,814,2.0
58,819,1.5
58,830,3.0
58,831,3.5
58,838,2.0
58,850,2.0
58,851,2.0
58,858,5.0
58,872,3.0
58,873,5.0
58,876,0.5
58,879,4.5
58,886,2.0
58,887,4.0
58,889,4.0
58,894,1.5
58,927,3.5
58,939,0.5
58,941,0.0
58,949,1.5
58,955,2.0
58,958,0.0
58,966,4.5
58,972,2.0
58,976,1.5
58,977,3.5
58,983,0.0
58,1003,0.5
58,1006,3.5
58,1008,4.0
58,1013,3.0
58,1019,1.5
58,1021,2.5
58,1025,1.5
58,1035,4.5
58,1041,0.5
58,1047,0.0
58,1057,2.5
58,1058,0.0
58,1062,3.0
58,1068,4.5
58,1076,2.5
58,1087,2.5
58,1105,5.0
58,1110,1.0
58,1111,3.0
58,1114,4.0
58,1122,2.0
58,1128,3.5
58,1132,0.5
58,1150,2.0
58,1161,2.0
58,1162,2.0
58,1183,4.0
58,1194,3.5
58,1197,2.0
58,1199,1.5
58,1204,5.0
58,1206,0.5
58,1208,0.5
58,1218,1.5
58,1219,2.0
58,1223,3.0
58,1226,4.5
58,1228,1.0
58,1235,4.0
58,1253,2.5
58,1258,0.5
58,1261,0.0
58,1284,0.5
58,1291,3.5
58,1313,0.5
58,1321,3.5
58,1328,0.5
58,1333,0.0
58,1342,1.0
58,1352,0.5
58,1355,0.5
58,1358,3.5
58,1365,3.5
58,1366,0.0
58,1376,5.0
58,1379,3.5
58,1383,2.0
58,1386,5.0
58,1405,1.0
58,1427,1.0
58,1429,3.0
58,1437,2.5
58,1442,5.0
58,1463,2.5
58,1467,4.5
58,1496,2.0
58,1500,2.0
58,1501,1.0
58,1515,1.5
58,1516,4.5
58,1518,5.0
58,1520,2.0
58,1529,3.5
58,1532,1.0
58,1540,5.0
58,1544,2.0
58,1577,3.5
58,1583,5.0
58,1588,0.5
58,1589,0.5
58,1601,4.5
58,1608,2.5
58,1610,0.5
58,1616,3.0
58,1624,1.0
58,1630,5.0
58,1632,3.5
58,1639,0.5
58,1647,1.0
58,1654,5.0
58,1663,0.5
58,1666,5.0
58,1677,2.5
58,1680,0.0
58,1681,0.5
58,1688,4.0
58,1690,4.0
58,1693,0.5
58,1694,2.5
58,1696,1.0
58,1698,0.0
58,1703,3.0
58,1711,2.0
58,1716,4.5
58,1722,4.0
58,1738,4.5
58,1758,1.0
58,1760,1.5
58,1763,1.5
58,1782,1.0
58,1794,0.0
58,1808,5.0
58,1813,3.5
58,1817,2.0
58,1820,1.0
58,1823,2.0
58,1838,3.5
58,1846,4.5
58,1847,0.0
58,1859,3.0
58,1870,3.0
58,1900,4.5
58,1909,2.5
58,1921,2.0
58,1928,1.0
58,1936,4.0
58,1959,4.5
58,1968,2.5
58,1988,0.0
58,1991,2.0
58,1996,5.0
58,1997,5.0
58,2018,4.0
58,2025,5.0
58,2030,5.0
58,2032,0.0
58,2036,1.0
58,2040,3.5
58,2055,0.5
58,2056,1.5
58,2059,3.0
58,2060,4.0
58,2078,3.0
58,2080,4.0
58,2083,0.5
58,2084,2.5
58,2087,2.0
58,2105,2.0
58,2109,4.0
58,2119,0.5
58,2142,4.0
58,2144,2.5
58,2164,0.5
58,2165,1.0
58,2173,3.5
58,2179,1.5
58,2187,4.0
58,2190,2.0
58,2195,0.5
58,2201,1.0
58,2202,1.0
58,2218,3.5
58,2219,0.5
58,2220,5.0
58,2224,1.5
58,2228,4.5
58,2231,4.5
58,2232,2.0
58,2242,4.5
58,2251,1.5
58,2266,5.0
58,2267,0.5
58,2271,2.5
58,2273,4.0
58,2277,4.0
58,2294,3.5
58,2295,4.5
58,2298,5.0
58,2304,1.5
58,2308,0.5
58,2337,5.0
58,2341,4.5
58,2348,1.0
58,2353,4.0
58,2368,3.5
58,2385,3.0
58,2409,1.5
58,2411,4.5
58,2414,4.0
58,2416,0.0
58,2426,5.0
58,2431,4.0
58,2432,3.5
58,2436,1.5
58,2446,1.5
58,2471,1.0
58,2472,4.5
58,2478,4.0
58,2482,4.5
58,2491,5.0
58,2492,4.5
58,2495,3.5
58,2497,0.5
58,2512,2.5
58,2543,0.5
58,2553,4.0
58,2563,0.0
58,2574,4.5
58,2577,3.5
58,2588,1.5
58,2592,1.0
58,2596,1.5
58,2597,5.0
58,2601,4.0
58,2614,0.0
58,2616,1.0
58,2623,4.0
58,2624,0.0
58,2626,2.0
58,2637,4.5
58,2638,4.5
58,2650,2.0
58,2676,0.5
58,2682,1.0
58,2686,3.0
58,2694,2.0
58,2698,3.0
58,2700,5.0
58,2725,2.5
58,2741,4.0
58,2743,1.0
58,2747,4.5
58,2748,2.0
58,2796,3.5
58,2799,1.0
58,2802,5.0
58,2803,4.5
58,2809,3.0
58,2818,2.0
58,2825,4.5
58,2828,4.0
58,2834,3.5
58,2837,3.5
58,2849,2.5
58,2858,4.0
58,2860,4.0
58,2866,0.5
58,2874,4.0
58,2877,4.0
58,2885,4.0
58,2893,5.0
58,2910,0.5
58,2912,5.0
58,2914,2.5
58,2919,2.5
58,2932,3.5
58,2933,0.5
58,2936,4.0
58,2951,3.5
58,2958,4.0
58,2960,4.0
58,2977,2.0
58,3002,1.5
58,3016,1.0
58,3017,2.5
58,3029,3.5
58,3039,3.0
58,3042,5.0
58,3043,0.0
58,3047,0.0
58,3051,3.5
58,3052,3.5
58,3054,0.0
58,3055,4.5
58,3058,3.0
58,3080,1.5
58,3102,0.5
58,3106,0.5
58,3108,0.5
58,3109,2.5
58,3113,1.0
58,3119,2.5
58,3121,0.5
58,3125,3.0
58,3126,5.0
58,3128,2.0
58,3134,1.5
58,3138,0.0
58,3142,4.0
58,3150,3.0
58,3154,4.5
58,3155,5.0
58,3162,2.5
58,3166,2.0
58,3167,3.0
58,3194,1.0
58,3198,4.5
58,3201,3.5
58,3208,0.0
58,3210,0.5
58,3215,2.5
58,3223,3.5
58,3231,1.5
58,3237,1.0
58,3251,1.5
58,3252,2.5
58,3258,1.0
58,3262,2.0
58,3263,5.0
58,3265,5.0
58,3272,1.5
58,3282,2.5
58,3284,1.0
58,3292,2.5
58,3300,2.5
58,3316,3.5
58,3319,1.5
58,3322,4.0
58,3325,4.0
58,3327,1.0
58,3335,0.5
58,3345,3.5
58,3349,4.5
58,3350,3.5
58,3355,4.5
58,3359,1.0
58,3361,3.0
58,3365,4.5
58,3367,0.0
58,3370,1.0
58,3375,1.0
58,3376,3.5
58,3384,5.0
58,3386,1.5
58,3392,0.0
58,3393,0.5
58,3396,3.5
58,3414,3.5
58,3418,2.0
58,3423,3.5
58,3445,0.5
58,3447,1.5
58,3470,0.0
58,3482,3.5
58,3494,1.5
58,3504,4.5
58,3509,1.5
58,3510,4.0
58,3515,2.5
58,3530,4.5
58,3532,3.0
58,3533,5.0
58,3542,0.0
58,3554,1.0
58,3568,0.0
58,3572,4.0
58,3605,5.0
58,3610,0.5
58,3627,0.0
58,3640,0.5
58,3644,2.5
58,3646,2.0
58,3647,2.5
58,3648,2.5
58,3661,3.5
58,3667,4.0
58,3683,3.0
58,3693,4.0
58,3695,2.0
58,3697,1.0
58,3717,0.0
58,3730,4.5
58,3732,2.0
58,3744,2.5
58,3767,2.0
58,3770,3.0
58,3792,0.5
58,3793,2.0
58,3821,4.5
58,3823,0.0
58,3826,4.5
58,3836,0.5
58,3841,1.5
58,3843,0.5
58,3856,2.0
58,3867,0.0
58,3871,3.5
58,3874,4.5
58,3875,0.0
58,3882,0.0
58,3889,4.5
58,3893,0.5
58,3894,4.0
58,3906,3.5
58,3907,0.5
58,3918,1.5
58,3938,4.0
58,3965,0.0
58,3982,0.0
58,3983,5.0
58,3986,3.0
59,4,2.5
59,11,1.0
59,20,0.5
59,34,1.5
59,36,2.5
59,49,1.0
59,63,1.0
59,64,1.5
59,76,5.0
59,86,2.0
59,90,4.0
59,105,0.0
59,116,4.5
59,124,1.5
59,143,3.0
59,148,4.0
59,149,4.5
59,185,3.0
59,190,0.5
59,207,3.5
59,209,4.0
59,226,4.5
59,233,0.5
59,235,2.5
59,241,2.5
59,248,2.5
59,256,3.0
59,269,3.5
59,270,5.0
59,273,4.0
59,275,1.5
59,277,3.5
59,280,0.0
59,303,1.0
59,314,2.0
59,319,2.5
59,322,1.5
59,327,2.0
59,347,1.5
59,362,0.0
59,371,1.5
59,383,0.5
59,385,0.0
59,390,5.0
59,411,3.0
59,413,0.0
59,425,2.0
59,428,2.5
59,437,2.0
59,455,5.0
59,465,4.0
59,466,1.5
59,470,4.0
59,477,3.5
59,479,4.0
59,482,0.5
59,484,4.5
59,489,4.0
59,491,5.0
59,492,0.0
59,503,0.0
59,509,2.5
59,512,2.0
59,514,2.5
59,515,4.5
59,521,0.0
59,528,4.5
59,541,3.0
59,544,0.0
59,547,4.0
59,551,2.0
59,562,3.0
59,566,3.5
59,576,0.5
59,582,4.5
59,596,2.0
59,600,0.5
59,602,1.0
59,612,5.0
59,616,5.0
59,619,0.5
59,622,4.5
59,631,0.0
59,632,2.0
59,636,4.0
59,643,1.5
59,646,3.5
59,651,4.5
59,658,2.5
59,668,3.5
59,669,4.0
59,673,0.5
59,677,4.5
59,679,4.0
59,680,0.5
59,681,1.5
59,682,1.5
59,685,2.0
59,702,4.0
59,705,1.0
59,716,0.0
59,729,2.5
59,731,0.5
59,732,3.5
59,737,4.5
59,738,0.5
59,744,3.5
59,748,1.0
59,761,2.5
59,764,0.5
59,775,1.5
59,780,5.0
59,788,1.5
59,789,4.5
59,800,4.0
59,802,5.0
59,806,4.0
59,818,4.0
59,830,1.0
59,831,4.0
59,834,2.5
59,837,5.0
59,838,3.5
59,851,1.5
59,859,1.0
59,872,5.0
59,876,0.5
59,879,1.5
59,883,2.0
59,885,0.0
59,886,0.5
59,887,3.5
59,888,3.5
59,896,2.5
59,911,0.0
59,920,3.5
59,924,0.0
59,939,3.5
59,941,5.0
59,955,4.0
59,968,0.5
59,969,5.0
59,998,0.5
59,1004,3.0
59,1025,2.0
59,1035,1.5
59,1041,3.5
59,1049,1.5
59,1057,1.5
59,1058,4.0
59,1071,1.0
59,1076,3.0
59,1100,0.5
59,1105,1.5
59,1109,3.5
59,1110,1.0
59,1112,3.0
59,1114,3.0
59,1122,0.0
59,1132,3.0
59,1137,4.0
59,1145,4.0
59,1159,0.5
59,1166,1.0
59,1171,4.0
59,1183,0.0
59,1191,4.5
59,1199,0.0
59,1203,3.0
59,1210,4.5
59,1215,2.0
59,1226,4.0
59,1235,3.5
59,1245,4.5
59,1251,4.5
59,1253,2.5
59,1258,1.0
59,1261,0.0
59,1264,5.0
59,1269,2.5
59,1284,3.5
59,1292,1.5
59,1302,0.0
59,1309,1.0
59,1313,3.0
59,1315,1.5
59,1316,4.0
59,1321,2.5
59,1329,1.5
59,1351,0.5
59,1352,3.5
59,1355,4.0
59,1366,1.5
59,1371,3.0
59,1373,0.5
59,1389,0.0
59,1395,2.5
59,1401,5.0
59,1402,4.5
59,1411,1.0
59,1423,3.5
59,1427,4.0
59,1429,4.0
59,1433,3.0
59,1444,3.5
59,1463,1.0
59,1480,4.0
59,1483,1.0
59,1491,5.0
59,1496,1.5
59,1506,1.5
59,1512,4.5
59,1514,4.0
59,1515,0.0
59,1516,3.0
59,1518,0.0
59,1520,2.0
59,1523,0.5
59,1532,0.0
59,1538,4.5
59,1542,4.5
59,1544,0.0
59,1547,5.0
59,1562,2.0
59,1574,3.5
59,1577,0.0
59,1583,0.5
59,1585,5.0
59,1589,1.0
59,1601,3.5
59,1602,3.5
59,1608,3.5
59,1609,5.0
59,1610,4.0
59,1615,0.5
59,1622,2.5
59,1623,2.0
59,1627,3.5
59,1630,2.0
59,1632,1.5
59,1635,0.0
59,1639,2.0
59,1643,3.5
59,1649,2.0
59,1654,4.5
59,1659,4.5
59,1664,3.5
59,1676,2.5
59,1682,4.5
59,1690,4.5
59,1693,5.0
59,1694,0.0
59,1696,0.5
59,1698,4.0
59,1699,0.0
59,1701,3.5
59,1710,1.5
59,1711,3.5
59,1722,3.0
59,1727,5.0
59,1738,4.0
59,1740,2.0
59,1741,1.5
59,1750,0.0
59,1758,3.5
59,1760,0.0
59,1764,3.0
59,1766,4.0
59,1770,1.5
59,1782,4.0
59,1791,0.5
59,1794,4.5
59,1820,1.0
59,1833,2.0
59,1841,1.0
59,1850,1.5
59,1855,4.0
59,1866,1.0
59,1870,3.0
59,1880,0.5
59,1909,1.0
59,1912,5.0
59,1936,5.0
59,1939,3.5
59,1949,4.0
59,1954,0.5
59,1963,2.0
59,1968,5.0
59,1969,1.0
59,1971,0.5
59,1980,2.5
59,1988,2.0
59,1991,3.5
59,1995,4.0
59,1996,1.5
59,1999,0.0
59,2018,2.0
59,2020,1.5
59,2025,5.0
59,2028,1.5
59,2032,2.5
59,2036,3.5
59,2040,2.5
59,2043,2.5
59,2044,2.5
59,2056,1.0
59,2060,1.0
59,2067,1.0
59,2078,0.5
59,2081,2.5
59,2099,1.5
59,2102,2.5
59,2105,1.0
59,2106,2.0
59,2114,0.5
59,2118,0.5
59,2119,0.0
59,2142,0.0
59,2174,1.5
59,2179,1.5
59,2187,0.5
59,2189,1.5
59,2195,3.5
59,2199,3.0
59,2201,0.0
59,2202,1.0
59,2209,2.5
59,2216,2.5
59,2219,1.0
59,2220,2.5
59,2222,0.0
59,2224,2.5
59,2228,1.0
59,2242,4.0
59,2257,3.0
59,2261,4.0
59,2264,2.5
59,2275,0.5
59,2276,0.0
59,2278,1.0
59,2280,0.5
59,2288,0.5
59,2289,5.0
59,2292,2.0
59,2298,2.5
59,2304,1.0
59,2306,3.5
59,2308,1.5
59,2319,2.0
59,2320,4.0
59,2334,5.0
59,2337,0.0
59,2341,1.5
59,2346,2.0
59,2348,2.0
59,2359,3.5
59,2363,0.0
59,2382,5.0
59,2385,2.0
59,2394,4.0
59,2403,4.0
59,2409,1.0
59,2414,4.0
59,2417,3.5
59,2425,0.0
59,2431,2.5
59,2432,3.5
59,2436,2.0
59,2438,0.5
59,2444,4.0
59,2452,2.5
59,2456,2.0
59,2469,4.0
59,2471,3.0
59,2472,1.5
59,2476,2.0
59,2482,4.0
59,2492,5.0
59,2495,1.0
59,2503,1.0
59,2512,3.0
59,2514,3.5
59,2543,3.0
59,2589,5.0
59,2592,2.0
59,2601,1.5
59,2604,0.5
59,2612,3.5
59,2623,1.5
59,2624,5.0
59,2626,4.5
59,2633,4.5
59,2636,1.5
59,2653,2.0
59,2667,0.5
59,2676,1.5
59,2679,4.5
59,2681,1.5
59,2688,3.5
59,2699,4.5
59,2741,4.0
59,2743,4.0
59,2747,3.5
59,2763,1.5
59,2767,2.0
59,2780,1.0
59,2794,2.5
59,2803,2.0
59,2804,2.5
59,2813,0.0
59,2837,4.5
59,2842,0.0
59,2860,5.0
59,2864,4.5
59,2866,4.5
59,2873,4.5
59,2874,1.0
59,2876,3.0
59,2885,3.0
59,2890,4.0
59,2893,3.5
59,2902,3.5
59,2910,2.0
59,2912,0.5
59,2914,3.5
59,2916,1.5
59,2926,2.5
59,2932,4.0
59,2941,1.0
59,2951,3.5
59,2955,1.0
59,2970,1.5
59,2975,2.5
59,2976,0.0
59,2977,0.5
59,2981,3.5
59,2992,4.0
59,2993,0.5
59,3002,0.0
59,3008,4.5
59,3014,2.5
59,3036,4.5
59,3039,4.5
59,3043,3.5
59,3047,5.0
59,3050,0.0
59,3054,2.5
59,3058,5.0
59,3072,2.0
59,3074,3.5
59,3076,2.5
59,3093,0.0
59,3101,1.0
59,3102,0.0
59,3104,4.5
59,3110,0.5
59,3113,1.5
59,3114,1.5
59,3116,1.5
59,3126,0.5
59,3128,4.5
59,3134,4.0
59,3138,0.5
59,3142,4.5
59,3150,2.0
59,3154,2.0
59,3166,4.0
59,3168,0.0
59,3169,1.5
59,3179,2.5
59,3201,5.0
59,3203,4.0
59,3206,3.5
59,3210,5.0
59,3212,3.5
59,3222,4.0
59,3223,4.5
59,3224,3.5
59,3232,3.5
59,3251,2.0
59,3255,4.0
59,3263,2.0
59,3272,4.5
59,3284,3.0
59,3289,5.0
59,3297,3.0
59,3298,3.5
59,3307,1.0
59,3310,3.0
59,3321,1.0
59,3324,3.0
59,3345,1.5
59,3355,4.5
59,3383,1.0
59,3384,0.5
59,3393,5.0
59,3396,0.5
59,3401,4.5
59,3406,3.0
59,3410,3.0
59,3413,0.5
59,3414,4.0
59,3416,5.0
59,3447,4.5
59,3453,0.5
59,3482,4.0
59,3495,4.5
59,3523,3.5
59,3527,4.5
59,3530,2.0
59,3539,0.0
59,3548,1.0
59,3555,1.0
59,3558,3.0
59,3563,3.0
59,3568,3.5
59,3578,0.5
59,3592,2.0
59,3599,0.5
59,3610,3.5
59,3619,5.0
59,3622,0.0
59,3624,5.0
59,3627,4.0
59,3643,4.5
59,3646,0.0
59,3651,1.5
59,3658,0.5
59,3667,1.5
59,3675,3.0
59,3676,5.0
59,3701,1.0
59,3703,2.0
59,3705,0.0
59,3712,2.5
59,3717,3.0
59,3730,4.0
59,3740,0.0
59,3744,4.0
59,3747,3.0
59,3753,1.0
59,3756,4.5
59,3759,2.5
59,3761,0.0
59,3766,1.0
59,3767,4.0
59,3770,5.0
59,3773,5.0
59,3780,0.0
59,3781,2.5
59,3791,3.0
59,3792,1.5
59,3793,3.0
59,3823,4.0
59,3841,5.0
59,3843,3.5
59,3850,0.0
59,3865,2.5
59,3867,2.0
59,3873,1.0
59,3884,5.0
59,3886,0.5
59,3903,4.0
59,3907,5.0
59,3911,0.5
59,3938,4.0
59,3960,1.0
59,3965,3.0
59,3981,2.5
59,3982,0.5
59,3994,0.0
59,3997,5.0
60,9,2.0
60,20,1.5
60,23,1.0
60,32,1.5
60,34,0.5
60,45,1.0
60,55,2.0
60,63,1.5
60,68,2.5
60,70,2.0
60,76,1.0
60,81,3.0
60,87,1.0
60,95,0.0
60,105,4.0
60,107,4.5
60,108,2.5
60,112,0.0
60,116,2.5
60,133,1.5
60,145,4.0
60,148,3.5
60,149,1.5
60,165,2.0
60,167,1.5
60,171,0.5
60,184,0.0
60,190,3.0
60,199,5.0
60,203,4.5
60,207,1.0
60,215,4.5
60,226,2.5
60,229,2.5
60,233,2.5
60,242,4.5
60,243,1.0
60,252,1.5
60,264,3.5
60,265,1.0
60,266,2.0
60,273,5.0
60,274,2.5
60,275,2.0
60,277,1.5
60,297,4.5
60,324,1.0
60,347,1.5
60,353,5.0
60,366,3.0
60,377,5.0
60,404,1.0
60,413,0.5
60,420,4.5
60,425,0.5
60,437,1.0
60,444,3.5
60,451,5.0
60,454,0.0
60,466,0.5
60,476,5.0
60,480,0.5
60,482,4.5
60,489,1.0
60,491,4.5
60,492,2.0
60,504,1.0
60,525,4.0
60,528,4.0
60,534,3.0
60,538,2.5
60,540,4.0
60,544,3.0
60,547,1.5
60,551,3.5
60,562,4.0
60,582,0.0
60,596,4.5
60,600,0.0
60,602,4.0
60,606,2.5
60,622,3.0
60,625,1.0
60,633,0.5
60,636,4.0
60,643,0.0
60,669,2.5
60,673,1.5
60,677,3.0
60,679,0.0
60,685,0.5
60,699,2.5
60,702,1.5
60,708,4.5
60,731,4.5
60,733,0.0
60,755,4.0
60,761,3.5
60,764,5.0
60,775,2.0
60,778,1.0
60,780,3.0
60,784,1.5
60,800,3.0
60,802,2.5
60,815,0.0
60,816,2.0
60,819,3.5
60,830,0.0
60,834,2.5
60,838,2.5
60,850,2.5
60,858,2.5
60,873,2.5
60,879,3.5
60,880,4.5
60,888,0.0
60,894,5.0
60,896,0.5
60,904,2.0
60,911,0.0
60,916,3.5
60,920,1.5
60,924,4.0
60,930,2.5
60,939,2.5
60,949,0.0
60,958,2.0
60,976,3.5
60,977,0.0
60,1002,3.0
60,1004,0.5
60,1005,4.0
60,1008,0.0
60,1018,0.0
60,1019,4.5
60,1021,5.0
60,1025,0.0
60,1028,2.5
60,1035,0.5
60,1041,3.0
60,1058,1.0
60,1086,1.5
60,1091,4.0
60,1101,1.0
60,1105,1.0
60,1112,4.5
60,1114,0.5
60,1128,2.5
60,1137,2.0
60,1145,5.0
60,1161,3.0
60,1191,2.5
60,1197,5.0
60,1198,1.5
60,1203,4.0
60,1204,5.0
60,1208,5.0
60,1213,2.5
60,1215,4.5
60,1218,3.0
60,1219,4.5
60,1258,3.0
60,1269,2.0
60,1274,2.5
60,1278,4.0
60,1279,2.0
60,1291,2.0
60,1292,3.0
60,1293,2.0
60,1309,0.0
60,1316,4.0
60,1329,4.5
60,1333,4.5
60,1355,2.5
60,1365,0.0
60,1366,3.0
60,1371,4.0
60,1376,1.5
60,1379,0.0
60,1386,4.5
60,1402,3.5
60,1429,1.0
60,1442,4.5
60,1446,1.0
60,1455,1.5
60,1475,0.0
60,1480,1.5
60,1483,4.0
60,1491,4.0
60,1496,0.0
60,1500,4.0
60,1514,0.0
60,1515,4.0
60,1531,0.5
60,1540,2.5
60,1544,3.0
60,1574,3.5
60,1577,1.5
60,1610,2.0
60,1623,5.0
60,1630,3.0
60,1632,1.5
60,1638,0.0
60,1647,0.0
60,1649,5.0
60,1664,5.0
60,1666,1.0
60,1676,3.5
60,1677,3.0
60,1681,1.0
60,1693,0.5
60,1694,0.5
60,1701,0.0
60,1703,0.5
60,1711,0.5
60,1717,1.0
60,1738,3.5
60,1750,3.5
60,1751,3.0
60,1754,4.0
60,1758,0.5
60,1782,2.5
60,1791,1.5
60,1794,2.5
60,1802,4.0
60,1817,3.5
60,1818,3.0
60,1820,5.0
60,1832,3.5
60,1838,5.0
60,1841,5.0
60,1842,3.5
60,1847,4.0
60,1866,2.5
60,1870,1.5
60,1872,3.0
60,1874,3.5
60,1887,4.0
60,1900,4.0
60,1912,1.5
60,1920,3.0
60,1939,0.0
60,1940,1.5
60,1959,3.0
60,1970,1.0
60,1971,1.5
60,1988,4.0
60,1996,2.0
60,2011,5.0
60,2018,1.5
60,2028,2.5
60,2032,1.0
60,2040,5.0
60,2044,5.0
60,2056,5.0
60,2062,0.0
60,2069,3.0
60,2080,3.5
60,2081,4.5
60,2083,3.5
60,2087,3.5
60,2096,3.0
60,2102,4.0
60,2109,0.5
60,2114,1.5
60,2118,2.0
60,2135,0.0
60,2146,3.5
60,2166,3.5
60,2173,2.0
60,2174,4.0
60,2179,3.5
60,2187,0.5
60,2195,2.0
60,2199,0.0
60,2201,2.0
60,2202,3.5
60,2216,4.5
60,2220,4.0
60,2224,4.0
60,2231,3.5
60,2240,3.0
60,2254,1.5
60,2261,3.0
60,2267,0.0
60,2273,3.5
60,2278,1.0
60,2285,1.5
60,2288,2.5
60,2292,2.0
60,2295,5.0
60,2298,0.0
60,2308,2.0
60,2329,5.0
60,2339,1.5
60,2346,1.5
60,2363,5.0
60,2368,4.0
60,2382,1.0
60,2403,3.5
60,2409,1.5
60,2410,1.0
60,2411,1.5
60,2425,4.5
60,2426,0.0
60,2432,4.0
60,2436,3.0
60,2444,3.0
60,2446,4.0
60,2452,1.0
60,2456,0.5
60,2471,2.0
60,2491,4.5
60,2492,3.5
60,2495,0.5
60,2496,1.5
60,2497,5.0
60,2508,0.5
60,2512,1.5
60,2525,1.5
60,2541,0.5
60,2544,0.5
60,2553,0.5
60,2574,3.0
60,2577,1.5
60,2589,0.0
60,2592,1.5
60,2597,4.5
60,2601,0.0
60,2604,2.0
60,2612,5.0
60,2616,2.0
60,2619,3.5
60,2625,4.5
60,2626,2.5
60,2633,1.0
60,2649,2.0
60,2653,0.5
60,2659,5.0
60,2667,2.0
60,2675,2.5
60,2676,2.5
60,2679,4.0
60,2682,3.0
60,2686,4.5
60,2688,1.5
60,2698,3.0
60,2725,1.5
60,2730,2.5
60,2735,5.0
60,2741,5.0
60,2743,1.0
60,2744,3.0
60,2757,5.0
60,2758,3.0
60,2761,2.5
60,2767,5.0
60,2771,4.5
60,2781,4.5
60,2794,2.0
60,2796,0.5
60,2803,4.5
60,2804,2.5
60,2809,1.5
60,2818,2.5
60,2834,4.0
60,2842,2.5
60,2852,2.0
60,2858,5.0
60,2866,0.5
60,2873,4.0
60,2876,1.5
60,2893,2.0
60,2910,2.5
60,2912,3.0
60,2914,2.0
60,2916,1.5
60,2919,3.0
60,2924,3.0
60,2933,1.5
60,2934,2.0
60,2953,4.0
60,2955,3.0
60,2958,4.5
60,2960,3.5
60,2970,2.0
60,2975,2.5
60,2976,0.5
60,2977,3.5
60,3014,5.0
60,3016,1.5
60,3026,4.5
60,3029,4.0
60,3036,1.0
60,3044,0.5
60,3046,4.0
60,3047,2.5
60,3051,4.0
60,3052,1.0
60,3054,4.0
60,3076,5.0
60,3078,1.5
60,3093,4.5
60,3102,3.0
60,3104,5.0
60,3108,3.0
60,3109,3.5
60,3113,4.5
60,3116,3.0
60,3125,3.5
60,3126,4.0
60,3128,1.0
60,3133,1.0
60,3134,3.0
60,3138,5.0
60,3146,1.5
60,3150,4.0
60,3155,4.0
60,3158,3.0
60,3162,2.0
60,3168,1.5
60,3179,2.5
60,3203,5.0
60,3209,3.0
60,3210,1.5
60,3224,0.0
60,3226,5.0
60,3232,4.5
60,3239,2.5
60,3252,4.0
60,3255,3.5
60,3256,2.5
60,3258,4.5
60,3259,3.0
60,3292,0.5
60,3297,1.5
60,3305,0.0
60,3321,3.0
60,3325,1.5
60,3335,4.5
60,3345,5.0
60,3347,3.0
60,3349,3.0
60,3365,1.5
60,3375,3.5
60,3376,0.0
60,3383,5.0
60,3384,2.0
60,3386,4.5
60,3402,2.0
60,3406,3.0
60,3410,3.0
60,3416,5.0
60,3428,2.5
60,3448,2.0
60,3453,3.5
60,3455,4.0
60,3458,3.0
60,3465,4.5
60,3482,0.5
60,3494,0.5
60,3500,4.5
60,3503,1.5
60,3504,0.5
60,3527,5.0
60,3530,2.0
60,3542,1.0
60,3558,1.5
60,3578,4.5
60,3587,1.0
60,3605,4.5
60,3619,1.0
60,3622,1.0
60,3627,0.5
60,3629,0.0
60,3640,3.0
60,3644,1.0
60,3646,2.5
60,3647,5.0
60,3648,1.5
60,3658,4.0
60,3659,4.0
60,3661,3.0
60,3669,5.0
60,3683,1.5
60,3697,3.0
60,3703,2.0
60,3705,3.0
60,3712,2.0
60,3717,2.5
60,3732,1.0
60,3739,4.0
60,3740,1.5
60,3753,1.5
60,3766,3.0
60,3767,5.0
60,3791,3.0
60,3792,0.5
60,3797,2.0
60,3822,4.0
60,3850,4.5
60,3852,2.5
60,3874,2.5
60,3882,1.5
60,3895,0.0
60,3907,2.0
60,3957,2.0
60,3970,0.5
60,3982,2.5
60,3986,1.5
60,3987,3.0
61,11,1.5
61,19,3.5
61,26,4.5
61,32,1.0
61,34,3.0
61,42,3.0
61,49,4.5
61,55,3.0
61,62,3.5
61,63,1.0
61,68,0.5
61,76,4.0
61,90,0.5
61,107,1.0
61,108,0.5
61,112,5.0
61,115,5.0
61,116,5.0
61,142,0.5
61,167,2.5
61,190,0.0
61,195,3.5
61,215,5.0
61,243,0.0
61,250,3.0
61,269,3.0
61,270,3.0
61,275,1.0
61,280,1.5
61,288,5.0
61,297,0.0
61,319,5.0
61,327,1.5
61,336,4.0
61,349,2.0
61,353,5.0
61,366,0.5
61,375,0.0
61,383,3.0
61,401,1.5
61,413,3.0
61,421,1.5
61,437,0.5
61,451,5.0
61,454,0.0
61,457,0.5
61,458,0.0
61,459,5.0
61,465,3.0
61,466,3.0
61,477,5.0
61,492,4.5
61,495,5.0
61,503,4.5
61,504,5.0
61,509,3.5
61,512,2.5
61,521,1.5
61,528,4.0
61,538,0.0
61,541,4.5
61,544,3.5
61,547,1.0
61,566,3.5
61,600,4.5
61,612,0.0
61,619,0.0
61,624,5.0
61,625,5.0
61,632,5.0
61,636,5.0
61,658,4.5
61,696,1.0
61,697,4.5
61,716,0.0
61,727,1.0
61,731,3.0
61,736,3.5
61,738,2.0
61,739,4.0
61,744,0.5
61,748,3.5
61,751,0.0
61,755,0.5
61,761,3.0
61,762,1.0
61,786,3.0
61,789,2.0
61,800,0.0
61,819,3.5
61,830,5.0
61,831,3.0
61,834,2.0
61,846,5.0
61,858,2.5
61,859,5.0
61,873,0.5
61,880,3.5
61,883,5.0
61,884,5.0
61,886,0.5
61,888,1.0
61,889,2.0
61,901,5.0
61,911,1.0
61,919,0.0
61,920,1.0
61,930,1.0
61,937,3.0
61,946,0.0
61,955,3.0
61,958,2.0
61,966,1.0
61,977,0.0
61,1003,1.5
61,1004,1.0
61,1006,0.5
61,1013,1.5
61,1021,1.0
61,1035,2.0
61,1047,3.0
61,1063,4.5
61,1082,0.5
61,1086,3.0
61,1087,2.5
61,1100,4.5
61,1101,0.5
61,1105,0.0
61,1111,0.0
61,1114,5.0
61,1129,5.0
61,1132,5.0
61,1145,3.5
61,1146,3.0
61,1159,2.0
61,1161,5.0
61,1180,3.5
61,1194,0.5
61,1199,5.0
61,1206,3.0
61,1213,1.5
61,1223,5.0
61,1226,2.5
61,1228,4.0
61,1240,3.5
61,1249,5.0
61,1250,1.5
61,1269,2.5
61,1282,1.5
61,1286,1.5
61,1293,4.5
61,1302,4.5
61,1308,2.0
61,1309,3.0
61,1321,0.0
61,1328,5.0
61,1334,0.5
61,1376,2.0
61,1383,2.0
61,1386,4.5
61,1405,2.5
61,1411,1.0
61,1416,4.5
61,1423,1.5
61,1426,4.0
61,1427,5.0
61,1433,5.0
61,1437,2.0
61,1444,3.5
61,1455,4.0
61,1480,1.5
61,1483,1.5
61,1491,2.5
61,1496,0.5
61,1500,1.0
61,1501,4.5
61,1515,2.5
61,1518,1.5
61,1531,3.5
61,1532,4.0
61,1538,1.0
61,1539,0.0
61,1540,2.5
61,1544,2.0
61,1583,2.5
61,1585,1.5
61,1588,3.0
61,1609,2.0
61,1615,2.0
61,1616,3.5
61,1627,5.0
61,1647,3.0
61,1663,2.0
61,1664,1.0
61,1690,1.0
61,1693,3.5
61,1694,4.0
61,1701,1.5
61,1717,4.5
61,1724,3.0
61,1737,3.0
61,1738,1.0
61,1741,5.0
61,1750,0.0
61,1760,5.0
61,1763,1.0
61,1781,1.0
61,1782,0.5
61,1783,4.5
61,1791,5.0
61,1794,4.0
61,1800,2.0
61,1808,4.0
61,1816,2.0
61,1833,1.0
61,1841,2.0
61,1847,0.0
61,1850,0.0
61,1859,2.5
61,1866,3.5
61,1870,2.5
61,1872,4.0
61,1874,0.5
61,1887,0.5
61,1894,0.5
61,1900,0.0
61,1918,1.5
61,1949,4.5
61,1959,3.5
61,1960,2.0
61,1967,2.5
61,1968,1.0
61,1969,5.0
61,1970,0.5
61,1991,1.5
61,1995,4.0
61,1996,0.5
61,1997,3.5
61,1999,1.0
61,2018,2.0
61,2020,3.5
61,2023,1.5
61,2028,3.0
61,2040,2.5
61,2056,0.0
61,2060,4.5
61,2069,5.0
61,2078,3.0
61,2080,5.0
61,2083,1.5
61,2084,5.0
61,2095,3.5
61,2099,2.0
61,2102,4.5
61,2104,4.5
61,2106,4.0
61,2109,2.5
61,2117,2.0
61,2142,4.0
61,2163,3.5
61,2174,4.0
61,2179,3.0
61,2181,1.0
61,2187,1.0
61,2190,5.0
61,2195,5.0
61,2202,0.5
61,2216,3.5
61,2219,2.0
61,2220,0.0
61,2224,4.5
61,2228,4.5
61,2231,4.0
61,2240,1.5
61,2254,3.0
61,2266,3.5
61,2271,4.0
61,2272,3.5
61,2273,4.0
61,2278,1.0
61,2280,1.5
61,2285,4.5
61,2294,0.0
61,2306,1.5
61,2308,1.0
61,2314,3.0
61,2317,2.5
61,2334,3.0
61,2339,3.0
61,2341,3.5
61,2348,4.5
61,2353,5.0
61,2363,4.5
61,2367,5.0
61,2387,0.5
61,2403,0.5
61,2410,4.0
61,2416,4.0
61,2425,4.5
61,2438,3.0
61,2444,3.0
61,2456,2.0
61,2471,0.0
61,2491,0.5
61,2493,0.5
61,2497,4.5
61,2499,3.0
61,2508,3.5
61,2514,3.5
61,2543,4.0
61,2556,1.0
61,2566,5.0
61,2574,3.5
61,2588,4.5
61,2595,0.5
61,2601,0.0
61,2612,4.5
61,2614,0.5
61,2619,5.0
61,2623,5.0
61,2625,1.0
61,2637,2.5
61,2649,4.0
61,2650,3.0
61,2653,0.0
61,2659,3.0
61,2681,5.0
61,2686,1.0
61,2688,2.0
61,2694,4.5
61,2698,0.5
61,2699,4.0
61,2700,2.0
61,2705,2.0
61,2730,3.0
61,2735,2.0
61,2743,4.0
61,2744,0.0
61,2748,2.0
61,2752,4.5
61,2755,3.5
61,2757,1.0
61,2758,5.0
61,2781,2.0
61,2785,2.5
61,2794,4.5
61,2813,3.5
61,2825,0.0
61,2829,1.5
61,2834,4.5
61,2842,3.5
61,2858,4.5
61,2864,3.5
61,2866,1.5
61,2873,4.5
61,2876,1.5
61,2877,0.5
61,2885,4.5
61,2890,4.5
61,2893,3.5
61,2902,1.5
61,2912,3.0
61,2919,4.0
61,2926,0.5
61,2934,0.0
61,2958,1.0
61,2962,2.5
61,2975,5.0
61,2981,4.0
61,2989,3.5
61,2995,4.0
61,3002,0.5
61,3008,0.5
61,3014,4.0
61,3017,3.0
61,3026,4.0
61,3042,1.0
61,3044,4.0
61,3051,0.0
61,3054,3.0
61,3076,5.0
61,3080,2.0
61,3093,3.5
61,3101,1.0
61,3106,4.5
61,3109,2.5
61,3113,3.5
61,3117,4.0
61,3119,0.0
61,3126,4.0
61,3131,5.0
61,3134,3.0
61,3142,0.5
61,3154,3.0
61,3166,3.5
61,3167,2.0
61,3169,2.5
61,3179,3.5
61,3201,4.5
61,3203,2.5
61,3206,1.0
61,3209,3.0
61,3215,3.5
61,3223,0.5
61,3226,0.5
61,3242,2.5
61,3247,2.5
61,3259,2.0
61,3265,4.5
61,3272,4.0
61,3278,0.0
61,3282,0.0
61,3284,4.0
61,3297,3.0
61,3298,0.5
61,3305,0.5
61,3310,4.5
61,3311,1.5
61,3322,2.0
61,3335,0.0
61,3342,4.5
61,3345,0.5
61,3347,5.0
61,3348,4.5
61,3349,0.5
61,3355,5.0
61,3359,4.5
61,3370,1.5
61,3376,0.5
61,3383,4.5
61,3386,0.0
61,3402,0.5
61,3410,3.5
61,3413,2.0
61,3416,2.5
61,3418,5.0
61,3423,2.5
61,3445,0.0
61,3453,3.0
61,3458,0.0
61,3482,2.5
61,3487,0.0
61,3494,1.0
61,3500,5.0
61,3504,1.5
61,3510,2.5
61,3515,3.5
61,3523,3.0
61,3532,0.5
61,3533,2.0
61,3539,4.0
61,3558,2.0
61,3563,1.0
61,3566,3.5
61,3578,3.5
61,3599,1.0
61,3622,2.5
61,3624,1.0
61,3627,3.5
61,3629,1.5
61,3644,3.5
61,3658,4.5
61,3661,5.0
61,3695,5.0
61,3730,1.5
61,3739,0.5
61,3740,3.0
61,3741,4.0
61,3744,4.0
61,3747,0.0
61,3753,2.5
61,3761,1.5
61,3766,0.0
61,3767,0.5
61,3773,0.5
61,3780,0.5
61,3797,1.5
61,3812,0.5
61,3821,3.0
61,3822,5.0
61,3826,0.5
61,3841,2.0
61,3850,0.0
61,3852,5.0
61,3856,1.5
61,3860,4.0
61,3865,2.5
61,3867,3.5
61,3871,0.5
61,3873,0.5
61,3875,2.5
61,3889,0.0
61,3891,1.5
61,3903,5.0
61,3906,4.5
61,3907,0.5
61,3918,4.0
61,3951,0.5
61,3983,1.5
61,3986,4.0
62,19,4.0
62,20,3.0
62,23,1.0
62,26,2.0
62,28,2.5
62,34,0.0
62,42,5.0
62,44,1.5
62,49,0.5
62,70,2.0
62,81,0.5
62,87,1.0
62,105,1.5
62,107,2.0
62,108,0.0
62,110,2.5
62,112,2.0
62,118,3.0
62,124,3.0
62,133,1.0
62,140,3.0
62,148,4.5
62,161,1.0
62,165,1.5
62,167,4.5
62,184,4.0
62,185,1.5
62,195,2.5
62,199,0.5
62,203,4.5
62,207,2.5
62,215,1.0
62,235,2.5
62,242,5.0
62,243,2.5
62,244,4.0
62,248,3.5
62,250,0.0
62,256,4.5
62,266,3.0
62,273,1.0
62,274,3.5
62,275,4.5
62,280,5.0
62,288,3.0
62,295,2.0
62,297,0.5
62,298,2.5
62,303,4.0
62,322,2.5
62,324,0.0
62,327,2.0
62,346,5.0
62,353,2.5
62,358,1.5
62,362,0.5
62,373,2.5
62,389,0.5
62,400,4.0
62,404,1.0
62,409,0.0
62,411,1.0
62,413,5.0
62,414,2.5
62,420,2.0
62,421,0.0
62,437,2.5
62,444,0.0
62,455,2.5
62,458,3.5
62,466,2.5
62,470,2.0
62,477,1.5
62,479,1.0
62,480,3.0
62,482,3.5
62,484,3.0
62,492,0.0
62,495,3.0
62,515,1.5
62,521,0.0
62,538,5.0
62,541,0.5
62,544,2.5
62,551,1.5
62,563,3.0
62,566,4.5
62,569,1.0
62,573,2.5
62,596,1.0
62,598,2.5
62,602,2.0
62,616,0.0
62,618,1.5
62,619,5.0
62,624,1.5
62,625,1.0
62,631,1.0
62,632,0.0
62,636,0.0
62,637,0.5
62,642,0.5
62,677,1.5
62,679,0.0
62,681,0.5
62,682,3.0
62,685,0.0
62,696,4.0
62,697,5.0
62,699,2.0
62,702,2.0
62,705,1.0
62,716,1.0
62,727,2.5
62,731,4.5
62,732,3.0
62,733,4.5
62,736,0.5
62,738,2.5
62,744,4.5
62,749,0.5
62,751,4.0
62,762,1.0
62,764,3.5
62,775,0.0
62,778,3.0
62,780,4.0
62,788,5.0
62,789,1.0
62,802,4.0
62,806,3.5
62,814,1.5
62,815,5.0
62,818,4.0
62,819,3.5
62,830,4.0
62,834,4.5
62,837,5.0
62,838,1.0
62,846,3.0
62,858,5.0
62,859,3.0
62,873,3.0
62,879,3.5
62,886,0.0
62,887,1.0
62,888,2.5
62,889,3.0
62,896,4.0
62,916,2.0
62,920,4.0
62,939,2.0
62,941,2.5
62,950,3.5
62,955,0.5
62,958,2.5
62,966,0.0
62,967,1.0
62,969,1.5
62,976,1.0
62,977,5.0
62,983,2.5
62,987,5.0
62,1002,1.0
62,1003,4.0
62,1035,3.0
62,1039,2.5
62,1047,4.5
62,1049,4.5
62,1057,2.0
62,1058,4.5
62,1062,5.0
62,1068,0.5
62,1071,1.5
62,1086,3.5
62,1087,3.5
62,1091,3.0
62,1111,0.0
62,1132,0.5
62,1150,2.0
62,1159,1.5
62,1161,2.0
62,1162,4.5
62,1183,2.5
62,1191,1.0
62,1197,3.0
62,1198,3.0
62,1199,4.5
62,1208,1.5
62,1210,4.5
62,1213,5.0
62,1215,4.0
62,1245,4.5
62,1249,0.5
62,1251,0.5
62,1264,0.5
62,1269,0.5
62,1278,2.0
62,1279,3.5
62,1284,1.5
62,1286,4.0
62,1308,1.0
62,1309,3.5
62,1315,0.5
62,1333,4.5
62,1334,2.0
62,1342,4.5
62,1346,1.5
62,1352,1.5
62,1355,2.0
62,1358,0.0
62,1365,4.5
62,1366,1.5
62,1371,4.0
62,1383,2.0
62,1386,0.0
62,1387,1.0
62,1395,1.0
62,1401,1.5
62,1408,4.5
62,1410,5.0
62,1412,0.0
62,1421,1.0
62,1426,2.5
62,1427,1.0
62,1429,4.5
62,1431,3.5
62,1437,2.0
62,1442,0.0
62,1446,2.5
62,1455,0.5
62,1467,4.5
62,1475,3.0
62,1480,2.5
62,1483,3.0
62,1484,4.0
62,1500,4.5
62,1514,2.5
62,1515,1.5
62,1516,0.5
62,1531,5.0
62,1532,4.5
62,1540,3.5
62,1544,4.0
62,1562,5.0
62,1577,2.0
62,1585,1.5
62,1588,4.5
62,1589,2.5
62,1601,0.0
62,1602,0.5
62,1608,3.5
62,1610,5.0
62,1616,5.0
62,1622,3.5
62,1624,0.0
62,1627,4.5
62,1630,3.5
62,1632,2.5
62,1635,4.5
62,1643,0.0
62,1649,2.0
62,1654,1.5
62,1663,4.5
62,1672,4.5
62,1677,3.5
62,1681,3.0
62,1682,1.0
62,1688,0.0
62,1693,5.0
62,1698,4.5
62,1701,3.0
62,1703,4.5
62,1710,4.5
62,1716,3.0
62,1722,2.5
62,1727,2.0
62,1734,2.5
62,1737,5.0
62,1741,5.0
62,1750,3.5
62,1751,1.5
62,1758,3.5
62,1764,1.0
62,1770,1.5
62,1776,4.0
62,1781,2.0
62,1791,4.0
62,1794,0.5
62,1800,0.0
62,1802,5.0
62,1808,2.0
62,1813,4.5
62,1816,5.0
62,1817,0.5
62,1818,2.0
62,1819,4.0
62,1820,2.0
62,1823,4.0
62,1838,4.5
62,1841,3.0
62,1842,5.0
62,1847,2.0
62,1878,3.5
62,1880,0.5
62,1900,2.5
62,1909,3.5
62,1912,3.5
62,1918,2.0
62,1920,3.5
62,1921,1.0
62,1928,3.0
62,1939,0.5
62,1949,2.5
62,1951,1.5
62,1963,5.0
62,1967,3.5
62,1970,4.5
62,1971,4.5
62,1988,4.0
62,1991,2.0
62,1995,0.5
62,1996,2.5
62,1997,0.0
62,1999,1.5
62,2011,3.5
62,2018,3.0
62,2032,0.5
62,2040,3.0
62,2044,5.0
62,2055,5.0
62,2060,0.0
62,2071,1.0
62,2083,3.5
62,2104,4.0
62,2105,2.5
62,2119,1.5
62,2143,1.5
62,2144,2.0
62,2146,1.5
62,2163,3.0
62,2166,4.0
62,2173,0.0
62,2187,2.5
62,2209,0.5
62,2216,4.5
62,2228,1.5
62,2251,4.5
62,2254,0.0
62,2257,0.0
62,2261,1.5
62,2264,1.5
62,2266,1.0
62,2267,1.5
62,2275,3.5
62,2276,1.5
62,2277,2.5
62,2281,4.0
62,2289,1.0
62,2292,3.5
62,2295,4.0
62,2297,3.5
62,2304,5.0
62,2306,0.5
62,2314,2.5
62,2319,4.5
62,2334,4.5
62,2337,4.0
62,2339,1.5
62,2343,1.0
62,2348,2.5
62,2351,3.5
62,2353,3.5
62,2358,2.0
62,2387,3.5
62,2394,3.0
62,2411,5.0
62,2417,4.0
62,2425,3.5
62,2432,1.0
62,2444,5.0
62,2469,0.0
62,2470,5.0
62,2476,3.5
62,2491,4.0
62,2496,4.5
62,2499,3.0
62,2503,1.0
62,2512,0.0
62,2514,4.5
62,2525,2.0
62,2541,3.0
62,2544,3.5
62,2553,1.0
62,2559,4.5
62,2566,3.5
62,2574,5.0
62,2577,4.5
62,2601,0.0
62,2604,2.0
62,2616,4.0
62,2619,1.0
62,2624,2.0
62,2626,1.0
62,2636,2.0
62,2637,0.0
62,2638,3.0
62,2667,2.5
62,2675,4.5
62,2681,2.5
62,2686,0.5
62,2688,4.0
62,2694,5.0
62,2697,2.5
62,2698,4.0
62,2699,3.0
62,2705,4.5
62,2712,2.5
62,2730,1.5
62,2735,2.0
62,2743,3.0
62,2752,2.0
62,2758,0.0
62,2771,4.5
62,2781,5.0
62,2785,2.0
62,2794,2.0
62,2802,3.0
62,2825,0.5
62,2849,4.5
62,2860,2.5
62,2864,2.5
62,2867,2.5
62,2876,1.5
62,2885,3.0
62,2890,0.5
62,2902,3.0
62,2910,2.5
62,2912,2.0
62,2916,3.5
62,2933,4.5
62,2934,4.0
62,2953,4.5
62,2954,0.5
62,2958,4.0
62,2962,1.5
62,2970,2.0
62,2975,5.0
62,2977,0.5
62,2989,2.0
62,2995,1.0
62,3008,1.5
62,3014,2.0
62,3017,3.5
62,3041,3.0
62,3046,0.0
62,3051,3.5
62,3052,0.5
62,3053,0.0
62,3072,3.0
62,3074,1.0
62,3078,1.5
62,3102,1.5
62,3106,0.0
62,3109,0.5
62,3110,1.0
62,3116,4.0
62,3117,4.0
62,3119,1.0
62,3125,4.0
62,3126,0.0
62,3128,0.0
62,3131,1.5
62,3142,1.0
62,3146,1.5
62,3147,1.0
62,3154,2.5
62,3184,0.0
62,3198,2.5
62,3206,5.0
62,3210,0.5
62,3224,5.0
62,3226,1.0
62,3232,5.0
62,3237,5.0
62,3242,1.0
62,3247,4.5
62,3251,1.0
62,3255,0.0
62,3256,2.5
62,3258,4.5
62,3262,4.0
62,3263,4.0
62,3272,4.0
62,3289,3.0
62,3292,3.0
62,3297,2.0
62,3307,2.0
62,3310,0.5
62,3311,2.0
62,3319,3.0
62,3335,2.5
62,3342,0.0
62,3345,1.0
62,3347,0.0
62,3349,2.5
62,3350,0.5
62,3356,3.0
62,3365,0.0
62,3370,3.0
62,3376,4.0
62,3383,3.5
62,3389,0.0
62,3400,0.0
62,3402,1.0
62,3406,1.0
62,3413,2.5
62,3414,2.0
62,3416,2.5
62,3418,4.0
62,3423,4.0
62,3445,1.0
62,3455,1.0
62,3456,2.5
62,3470,1.5
62,3487,4.0
62,3523,0.0
62,3527,2.5
62,3532,3.5
62,3533,4.5
62,3536,5.0
62,3542,3.5
62,3548,3.0
62,3555,0.0
62,3558,0.0
62,3580,0.5
62,3581,4.0
62,3592,4.5
62,3624,4.0
62,3629,5.0
62,3634,5.0
62,3639,5.0
62,3644,4.0
62,3646,0.5
62,3647,0.0
62,3648,2.5
62,3657,3.5
62,3659,1.5
62,3667,0.5
62,3669,3.0
62,3675,4.5
62,3695,1.5
62,3697,0.5
62,3712,3.5
62,3735,3.5
62,3740,5.0
62,3741,4.0
62,3742,1.0
62,3744,0.0
62,3761,5.0
62,3762,0.0
62,3766,0.0
62,3767,4.5
62,3773,1.5
62,3780,3.0
62,3791,4.5
62,3792,1.0
62,3793,4.5
62,3812,3.5
62,3826,1.5
62,3836,0.0
62,3852,3.0
62,3859,3.5
62,3860,0.5
62,3871,2.5
62,3873,5.0
62,3884,1.0
62,3891,1.5
62,3906,2.0
62,3907,3.5
62,3911,2.0
62,3960,0.5
62,3970,3.0
62,3983,2.5
62,3994,2.5
63,4,3.5
63,6,0.5
63,9,0.5
63,11,2.0
63,23,1.5
63,29,0.5
63,32,5.0
63,34,0.0
63,36,2.0
63,44,1.5
63,45,5.0
63,49,1.5
63,55,5.0
63,63,3.0
63,64,3.5
63,70,5.0
63,81,4.5
63,87,5.0
63,90,0.0
63,95,1.0
63,105,1.5
63,107,4.5
63,115,4.0
63,124,0.0
63,140,1.0
63,142,1.0
63,143,5.0
63,145,4.5
63,149,1.0
63,165,0.5
63,195,0.5
63,199,3.0
63,203,3.0
63,207,5.0
63,209,2.5
63,226,3.0
63,233,2.0
63,242,0.0
63,244,5.0
63,252,1.5
63,265,3.0
63,270,2.5
63,273,0.5
63,275,2.0
63,277,2.5
63,280,3.0
63,288,1.0
63,319,2.0
63,347,4.0
63,349,1.5
63,353,4.5
63,366,2.0
63,375,4.5
63,400,0.0
63,413,4.0
63,420,2.0
63,425,0.5
63,428,0.5
63,444,3.0
63,457,4.0
63,458,1.5
63,459,1.0
63,470,4.5
63,477,0.0
63,478,2.5
63,479,0.5
63,480,3.0
63,482,5.0
63,484,2.5
63,491,0.0
63,495,5.0
63,503,5.0
63,504,4.0
63,509,5.0
63,512,0.5
63,514,0.0
63,517,2.5
63,528,1.0
63,534,2.5
63,544,3.5
63,551,1.0
63,562,0.0
63,563,5.0
63,582,3.0
63,596,1.0
63,602,2.0
63,606,4.5
63,616,4.5
63,618,1.0
63,619,4.5
63,625,1.0
63,626,4.5
63,631,4.5
63,633,3.5
63,636,5.0
63,642,3.5
63,647,5.0
63,651,4.5
63,669,0.5
63,677,4.0
63,679,3.5
63,680,3.5
63,696,2.0
63,699,0.5
63,708,2.0
63,727,0.5
63,731,1.5
63,732,4.0
63,733,5.0
63,737,4.0
63,738,3.0
63,744,0.5
63,749,5.0
63,754,0.5
63,786,0.0
63,789,4.0
63,800,3.0
63,802,5.0
63,806,3.0
63,814,3.0
63,818,3.5
63,819,3.0
63,834,5.0
63,846,4.0
63,859,4.0
63,873,2.5
63,879,0.0
63,885,2.0
63,886,5.0
63,888,2.5
63,889,1.5
63,896,1.5
63,904,0.0
63,911,3.5
63,920,4.5
63,924,5.0
63,927,3.0
63,930,2.5
63,937,1.0
63,939,3.5
63,941,4.0
63,946,1.0
63,955,5.0
63,958,1.0
63,967,4.5
63,968,4.5
63,969,0.5
63,976,2.0
63,983,1.5
63,1003,3.0
63,1004,1.0
63,1005,0.0
63,1006,2.5
63,1018,3.0
63,1019,3.0
63,1021,3.5
63,1025,3.0
63,1028,1.5
63,1035,2.0
63,1041,3.5
63,1049,5.0
63,1057,0.5
63,1058,2.0
63,1062,4.0
63,1076,3.0
63,1086,5.0
63,1091,4.0
63,1100,1.0
63,1110,2.5
63,1111,2.0
63,1114,3.0
63,1129,3.5
63,1132,3.5
63,1161,4.0
63,1162,4.5
63,1197,1.5
63,1199,0.5
63,1203,0.0
63,1204,4.0
63,1206,1.0
63,1210,5.0
63,1218,4.0
63,1219,1.5
63,1223,0.0
63,1226,5.0
63,1235,3.0
63,1249,1.0
63,1250,2.5
63,1258,2.5
63,1261,0.0
63,1274,2.5
63,1278,1.0
63,1286,2.0
63,1293,2.5
63,1308,5.0
63,1309,2.0
63,1316,2.0
63,1320,0.5
63,1328,3.0
63,1329,3.5
63,1333,3.0
63,1346,3.5
63,1351,0.5
63,1352,2.5
63,1358,5.0
63,1366,2.0
63,1373,4.0
63,1376,4.5
63,1379,2.0
63,1386,1.5
63,1387,3.0
63,1389,0.5
63,1395,1.0
63,1402,1.0
63,1408,3.5
63,1412,1.5
63,1416,3.5
63,1421,2.0
63,1423,0.0
63,1426,4.0
63,1427,2.0
63,1429,3.5
63,1431,0.5
63,1442,1.0
63,1446,1.5
63,1455,3.5
63,1491,4.5
63,1506,4.5
63,1515,2.5
63,1516,2.5
63,1529,4.0
63,1532,5.0
63,1538,0.0
63,1540,2.5
63,1561,1.0
63,1577,3.5
63,1583,2.5
63,1588,5.0
63,1589,2.5
63,1601,4.5
63,1602,0.5
63,1608,4.0
63,1609,0.0
63,1615,1.0
63,1616,4.5
63,1622,2.5
63,1627,0.5
63,1628,2.0
63,1630,4.0
63,1632,5.0
63,1638,2.5
63,1639,2.0
63,1643,2.0
63,1649,1.0
63,1654,1.0
63,1659,5.0
63,1663,4.0
63,1664,1.0
63,1666,1.5
63,1672,1.0
63,1677,1.5
63,1681,3.5
63,1682,2.5
63,1690,2.5
63,1694,1.5
63,1703,0.5
63,1711,3.5
63,1716,0.5
63,1722,1.0
63,1724,1.5
63,1727,3.0
63,1734,2.0
63,1740,0.0
63,1741,3.5
63,1745,5.0
63,1758,0.0
63,1763,4.5
63,1766,1.5
63,1779,1.0
63,1782,4.0
63,1783,2.5
63,1794,1.5
63,1813,5.0
63,1820,3.0
63,1823,1.0
63,1838,0.0
63,1841,3.5
63,1842,4.5
63,1849,3.0
63,1855,1.0
63,1865,4.0
63,1900,2.5
63,1921,3.0
63,1928,3.0
63,1939,4.0
63,1940,3.5
63,1960,5.0
63,1967,0.0
63,1969,3.5
63,1970,4.5
63,1971,4.0
63,1995,2.0
63,1997,3.0
63,2011,4.5
63,2020,2.0
63,2028,1.0
63,2030,0.0
63,2032,4.5
63,2036,5.0
63,2043,5.0
63,2059,4.0
63,2060,1.5
63,2067,2.5
63,2078,0.0
63,2080,2.0
63,2081,0.0
63,2083,0.0
63,2095,2.0
63,2096,2.0
63,2105,1.5
63,2109,1.5
63,2119,1.0
63,2135,3.5
63,2143,3.0
63,2146,0.5
63,2160,4.5
63,2163,1.0
63,2165,0.0
63,2173,5.0
63,2181,0.0
63,2189,1.0
63,2190,4.0
63,2246,3.5
63,2254,1.5
63,2261,5.0
63,2266,1.5
63,2267,3.0
63,2271,3.5
63,2275,0.0
63,2276,0.5
63,2280,0.0
63,2281,5.0
63,2285,2.0
63,2288,0.5
63,2292,3.0
63,2297,4.0
63,2304,2.5
63,2306,3.0
63,2310,0.5
63,2314,4.0
63,2319,1.0
63,2334,0.5
63,2337,0.5
63,2339,4.5
63,2341,0.0
63,2346,4.5
63,2348,4.0
63,2351,3.5
63,2358,4.0
63,2394,0.5
63,2409,2.5
63,2410,4.0
63,2411,4.5
63,2417,3.0
63,2426,1.0
63,2432,4.0
63,2436,1.5
63,2438,5.0
63,2444,1.5
63,2446,0.0
63,2456,0.5
63,2469,1.0
63,2470,4.5
63,2471,0.0
63,2472,4.5
63,2476,3.5
63,2482,2.5
63,2492,0.5
63,2493,1.0
63,2495,4.5
63,2497,4.5
63,2503,0.5
63,2541,5.0
63,2543,4.5
63,2553,5.0
63,2566,0.5
63,2589,1.0
63,2592,0.0
63,2596,3.0
63,2597,3.5
63,2601,1.0
63,2614,1.0
63,2616,3.0
63,2623,2.5
63,2626,0.5
63,2637,0.5
63,2650,1.0
63,2653,1.5
63,2676,3.5
63,2681,4.5
63,2686,1.0
63,2697,5.0
63,2712,3.5
63,2718,4.5
63,2725,4.0
63,2741,0.0
63,2743,3.0
63,2744,3.0
63,2747,4.0
63,2752,2.5
63,2755,2.5
63,2758,1.5
63,2771,1.0
63,2779,0.5
63,2796,0.0
63,2799,0.5
63,2803,3.0
63,2804,4.5
63,2809,4.0
63,2812,3.0
63,2813,0.5
63,2837,2.5
63,2842,5.0
63,2851,1.0
63,2852,0.5
63,2858,3.5
63,2860,4.5
63,2864,3.5
63,2867,4.5
63,2873,5.0
63,2874,5.0
63,2885,3.0
63,2912,2.0
63,2914,1.5
63,2936,0.0
63,2951,2.0
63,2954,0.0
63,2955,3.5
63,2958,3.5
63,2962,2.0
63,2975,0.5
63,2981,4.0
63,2989,4.0
63,2992,4.0
63,2995,2.0
63,3002,5.0
63,3008,5.0
63,3014,5.0
63,3026,4.0
63,3029,3.0
63,3036,5.0
63,3039,0.0
63,3046,5.0
63,3051,5.0
63,3054,2.0
63,3055,2.0
63,3072,2.5
63,3078,0.5
63,3080,1.0
63,3093,2.5
63,3101,0.5
63,3102,2.5
63,3104,0.0
63,3106,4.0
63,3108,5.0
63,3109,4.0
63,3110,2.0
63,3114,1.0
63,3117,4.0
63,3119,2.5
63,3122,2.5
63,3125,4.5
63,3126,2.5
63,3128,4.0
63,3134,0.5
63,3138,4.0
63,3150,0.0
63,3154,5.0
63,3155,3.5
63,3158,4.0
63,3162,0.0
63,3167,5.0
63,3168,3.5
63,3184,0.0
63,3201,4.0
63,3203,4.5
63,3209,5.0
63,3212,0.5
63,3222,3.0
63,3223,3.0
63,3226,0.5
63,3237,5.0
63,3239,1.5
63,3242,1.5
63,3256,3.5
63,3259,5.0
63,3267,3.0
63,3275,4.0
63,3278,5.0
63,3282,0.5
63,3284,1.5
63,3298,2.0
63,3305,5.0
63,3316,2.0
63,3319,4.0
63,3321,2.5
63,3322,2.0
63,3328,2.5
63,3345,3.5
63,3347,3.5
63,3359,1.5
63,3367,0.5
63,3384,0.5
63,3386,4.0
63,3389,4.0
63,3393,2.0
63,3396,2.5
63,3401,3.5
63,3423,3.0
63,3447,0.5
63,3448,0.0
63,3455,1.0
63,3470,3.0
63,3487,2.5
63,3494,3.0
63,3495,1.5
63,3500,0.5
63,3509,3.0
63,3527,5.0
63,3539,4.5
63,3540,4.5
63,3548,3.5
63,3572,1.0
63,3580,1.0
63,3581,1.5
63,3587,1.0
63,3599,1.5
63,3605,5.0
63,3608,0.0
63,3610,0.5
63,3622,2.5
63,3627,3.0
63,3629,2.5
63,3634,2.0
63,3639,3.5
63,3643,5.0
63,3644,2.0
63,3647,1.0
63,3658,2.5
63,3661,5.0
63,3667,3.5
63,3675,3.5
63,3676,1.5
63,3695,5.0
63,3697,0.5
63,3717,2.0
63,3730,5.0
63,3732,0.5
63,3739,3.5
63,3740,0.5
63,3741,0.0
63,3742,4.5
63,3759,2.0
63,3761,3.0
63,3762,4.0
63,3766,1.0
63,3770,2.5
63,3792,4.0
63,3793,2.5
63,3812,0.0
63,3822,4.5
63,3823,2.5
63,3826,4.5
63,3841,3.5
63,3850,3.0
63,3852,2.0
63,3856,4.5
63,3859,2.0
63,3860,2.5
63,3861,4.0
63,3867,1.5
63,3871,4.0
63,3881,5.0
63,3882,1.5
63,3884,5.0
63,3889,3.5
63,3891,2.5
63,3893,3.5
63,3894,2.0
63,3903,0.5
63,3911,2.0
63,3938,1.5
63,3957,4.0
63,3960,4.0
63,3965,0.0
63,3970,1.0
63,3982,1.0
63,3997,5.0
64,4,2.5
64,9,0.0
64,26,4.0
64,28,2.5
64,42,1.5
64,45,0.0
64,49,0.5
64,55,0.5
64,62,3.5
64,63,1.0
64,64,0.5
64,86,0.0
64,90,5.0
64,95,3.0
64,105,0.5
64,107,4.5
64,108,2.5
64,112,4.5
64,116,3.5
64,118,1.5
64,124,1.0
64,142,2.0
64,143,1.0
64,145,1.0
64,148,2.0
64,152,3.0
64,165,3.0
64,185,3.0
64,199,4.5
64,203,4.5
64,207,0.0
64,226,4.0
64,229,4.0
64,241,5.0
64,248,4.5
64,250,1.0
64,252,2.5
64,256,5.0
64,264,1.0
64,266,4.5
64,269,4.5
64,274,5.0
64,275,3.5
64,295,2.5
64,297,5.0
64,298,2.5
64,324,3.0
64,327,5.0
64,347,5.0
64,349,2.5
64,362,1.0
64,375,4.0
64,383,0.5
64,385,1.0
64,389,0.5
64,390,4.0
64,400,1.5
64,401,3.5
64,409,1.0
64,411,0.0
64,414,3.5
64,420,3.5
64,425,2.5
64,428,5.0
64,432,4.5
64,437,0.5
64,451,3.5
64,454,1.5
64,455,4.5
64,457,2.5
64,458,4.0
64,465,4.5
64,476,3.0
64,479,0.0
64,480,3.0
64,484,3.5
64,489,2.0
64,492,0.0
64,504,2.0
64,509,1.0
64,512,5.0
64,534,1.0
64,540,0.5
64,563,4.5
64,566,2.5
64,573,3.0
64,576,1.5
64,598,1.5
64,600,1.5
64,606,4.0
64,616,1.0
64,619,2.0
64,624,5.0
64,631,4.0
64,632,4.5
64,633,4.5
64,636,2.5
64,637,4.0
64,643,4.5
64,647,4.0
64,658,3.0
64,669,3.0
64,673,4.0
64,677,3.5
64,679,0.5
64,680,2.0
64,697,1.0
64,705,5.0
64,708,1.5
64,727,2.5
64,729,4.0
64,731,4.0
64,732,2.0
64,733,1.0
64,737,2.0
64,739,4.0
64,744,2.0
64,749,3.0
64,751,1.5
64,762,3.5
64,768,1.0
64,778,1.5
64,780,0.0
64,784,0.5
64,788,4.0
64,795,5.0
64,800,4.0
64,802,2.0
64,814,0.0
64,816,1.0
64,818,5.0
64,819,2.5
64,830,4.0
64,834,2.5
64,838,0.5
64,846,0.0
64,848,0.5
64,850,2.0
64,872,4.5
64,873,4.0
64,876,5.0
64,880,4.5
64,884,4.5
64,888,3.5
64,889,4.0
64,896,3.5
64,901,1.5
64,927,4.5
64,930,3.0
64,937,3.0
64,939,1.5
64,941,4.0
64,946,1.0
64,949,3.5
64,950,1.0
64,955,0.5
64,958,5.0
64,967,0.5
64,969,5.0
64,977,4.5
64,983,1.5
64,987,4.5
64,998,0.5
64,1002,0.0
64,1003,1.0
64,1005,0.0
64,1006,5.0
64,1008,3.0
64,1018,4.0
64,1019,1.5
64,1021,5.0
64,1028,4.5
64,1035,0.0
64,1039,1.0
64,1041,4.0
64,1047,2.0
64,1049,2.5
64,1057,2.0
64,1063,4.5
64,1068,5.0
64,1071,5.0
64,1076,1.0
64,1086,1.0
64,1105,5.0
64,1122,2.5
64,1128,1.0
64,1137,4.5
64,1145,0.0
64,1150,1.5
64,1161,2.5
64,1162,4.5
64,1171,1.5
64,1183,0.5
64,1194,0.5
64,1198,1.0
64,1204,2.0
64,1208,1.0
64,1210,3.5
64,1213,0.5
64,1215,4.5
64,1218,3.0
64,1219,0.5
64,1226,4.0
64,1228,0.0
64,1249,3.5
64,1251,0.0
64,1253,5.0
64,1258,1.0
64,1274,4.0
64,1278,4.0
64,1279,0.0
64,1280,0.0
64,1282,1.5
64,1284,4.5
64,1309,1.5
64,1320,4.5
64,1321,3.0
64,1328,1.0
64,1355,0.5
64,1358,1.5
64,1365,2.0
64,1373,3.0
64,1376,4.5
64,1386,1.0
64,1395,2.5
64,1402,4.5
64,1405,1.5
64,1408,0.0
64,1411,0.0
64,1427,2.5
64,1431,2.5
64,1437,0.5
64,1444,3.0
64,1446,2.5
64,1455,4.5
64,1463,4.0
64,1467,4.0
64,1475,1.0
64,1480,2.0
64,1483,5.0
64,1506,0.0
64,1512,4.5
64,1515,3.5
64,1520,4.0
64,1529,1.5
64,1531,2.5
64,1532,2.0
64,1538,2.5
64,1574,2.0
64,1583,1.0
64,1585,0.0
64,1589,1.5
64,1609,2.5
64,1610,5.0
64,1615,3.0
64,1616,2.5
64,1624,2.0
64,1628,4.0
64,1632,4.5
64,1635,3.0
64,1649,1.5
64,1663,2.0
64,1672,1.0
64,1677,1.5
64,1680,0.0
64,1681,5.0
64,1682,2.5
64,1690,3.0
64,1693,3.5
64,1696,4.0
64,1701,4.0
64,1703,4.5
64,1711,0.0
64,1717,2.5
64,1727,4.0
64,1734,3.5
64,1735,0.5
64,1737,4.0
64,1741,5.0
64,1750,5.0
64,1758,0.5
64,1760,2.0
64,1764,2.5
64,1766,4.0
64,1770,2.0
64,1776,2.0
64,1783,4.0
64,1800,4.5
64,1815,0.0
64,1816,5.0
64,1817,2.0
64,1818,4.0
64,1832,2.0
64,1833,0.5
64,1841,1.5
64,1842,1.0
64,1846,0.5
64,1847,2.0
64,1859,1.5
64,1872,1.5
64,1874,2.0
64,1880,4.0
64,1894,1.5
64,1912,1.0
64,1918,1.5
64,1936,3.5
64,1939,1.5
64,1949,3.5
64,1951,2.5
64,1954,4.0
64,1959,3.0
64,1960,1.5
64,1963,0.0
64,1967,3.5
64,1970,1.0
64,1971,3.5
64,1988,4.5
64,1991,3.5
64,1995,4.5
64,1996,1.5
64,1999,3.0
64,2023,2.0
64,2028,3.0
64,2032,3.0
64,2055,2.5
64,2056,4.5
64,2060,0.5
64,2062,4.0
64,2071,4.5
64,2078,3.0
64,2080,0.5
64,2087,3.0
64,2095,3.5
64,2096,2.0
64,2099,1.0
64,2102,3.5
64,2105,3.5
64,2106,1.5
64,2109,5.0
64,2114,4.0
64,2146,0.0
64,2165,4.5
64,2166,0.5
64,2174,5.0
64,2179,5.0
64,2181,2.5
64,2187,4.5
64,2189,3.0
64,2199,0.0
64,2216,1.0
64,2222,0.5
64,2228,3.0
64,2232,3.0
64,2246,4.0
64,2266,1.5
64,2267,1.0
64,2273,0.5
64,2275,1.0
64,2276,0.0
64,2277,4.0
64,2285,0.0
64,2288,3.0
64,2289,0.5
64,2292,0.5
64,2294,2.0
64,2298,1.5
64,2304,4.0
64,2306,1.5
64,2317,1.0
64,2329,4.5
64,2334,2.0
64,2337,2.5
64,2341,4.5
64,2343,3.0
64,2346,5.0
64,2348,5.0
64,2353,3.5
64,2358,1.5
64,2363,0.0
64,2385,0.5
64,2394,4.0
64,2410,2.0
64,2411,5.0
64,2417,4.5
64,2426,4.0
64,2431,3.0
64,2432,0.0
64,2436,1.0
64,2452,2.0
64,2456,4.0
64,2476,2.0
64,2478,3.5
64,2482,4.0
64,2493,0.5
64,2496,5.0
64,2497,3.0
64,2499,1.5
64,2503,1.0
64,2508,4.5
64,2514,1.0
64,2541,0.0
64,2543,4.0
64,2544,3.5
64,2556,2.0
64,2559,2.0
64,2563,4.5
64,2566,1.5
64,2577,5.0
64,2589,2.0
64,2595,0.0
64,2597,0.5
64,2604,0.5
64,2612,1.5
64,2616,2.5
64,2625,5.0
64,2633,4.5
64,2636,4.5
64,2653,3.0
64,2659,5.0
64,2676,3.0
64,2681,1.5
64,2682,5.0
64,2694,0.5
64,2698,4.5
64,2699,2.0
64,2700,2.0
64,2725,5.0
64,2735,4.5
64,2743,1.5
64,2744,2.0
64,2747,0.0
64,2748,1.0
64,2752,4.5
64,2755,3.5
64,2761,0.5
64,2785,3.5
64,2802,2.0
64,2809,5.0
64,2813,2.0
64,2818,3.5
64,2825,3.0
64,2828,3.5
64,2834,3.0
64,2837,1.5
64,2860,2.0
64,2864,0.0
64,2867,1.0
64,2876,4.5
64,2877,2.0
64,2893,1.0
64,2912,4.5
64,2934,3.0
64,2953,1.0
64,2954,4.5
64,2960,2.5
64,2962,3.0
64,2975,2.5
64,2977,1.5
64,2992,2.0
64,2993,2.5
64,3002,4.5
64,3008,3.5
64,3014,0.0
64,3026,4.0
64,3033,4.0
64,3036,2.0
64,3039,1.0
64,3043,3.5
64,3050,3.0
64,3051,4.5
64,3052,5.0
64,3058,1.0
64,3078,3.5
64,3093,4.0
64,3102,0.0
64,3104,3.5
64,3109,1.5
64,3113,4.5
64,3117,4.5
64,3122,0.5
64,3126,1.0
64,3128,2.0
64,3131,4.0
64,3133,0.0
64,3134,1.5
64,3138,4.0
64,3146,0.0
64,3154,1.5
64,3155,3.0
64,3158,3.0
64,3167,4.0
64,3168,1.5
64,3169,1.0
64,3179,0.5
64,3184,1.0
64,3201,0.0
64,3203,4.0
64,3206,3.5
64,3208,3.0
64,3210,5.0
64,3222,2.5
64,3232,0.5
64,3239,3.0
64,3242,4.5
64,3251,0.0
64,3252,5.0
64,3256,1.5
64,3262,3.0
64,3263,1.5
64,3278,3.0
64,3280,3.5
64,3282,2.0
64,3289,2.5
64,3292,4.0
64,3297,1.5
64,3300,3.0
64,3305,0.0
64,3307,4.5
64,3310,3.5
64,3316,4.5
64,3319,5.0
64,3323,2.0
64,3324,5.0
64,3325,5.0
64,3327,0.0
64,3359,5.0
64,3365,3.0
64,3375,3.5
64,3376,1.0
64,3384,0.0
64,3386,1.0
64,3389,0.5
64,3393,2.0
64,3401,1.0
64,3402,4.0
64,3406,3.5
64,3410,0.5
64,3413,4.0
64,3418,2.5
64,3447,2.5
64,3448,4.0
64,3455,1.0
64,3456,5.0
64,3470,5.0
64,3482,2.5
64,3495,4.5
64,3510,2.5
64,3521,3.0
64,3527,0.5
64,3530,4.5
64,3532,0.5
64,3533,0.5
64,3539,1.0
64,3542,0.0
64,3548,1.5
64,3554,4.5
64,3558,3.5
64,3568,2.5
64,3587,4.5
64,3605,1.0
64,3608,2.0
64,3610,2.5
64,3627,1.0
64,3629,0.5
64,3634,4.0
64,3644,0.5
64,3646,0.5
64,3647,5.0
64,3657,4.0
64,3667,4.0
64,3669,3.5
64,3675,3.5
64,3693,2.0
64,3697,1.0
64,3703,1.5
64,3705,4.5
64,3712,3.0
64,3717,2.0
64,3740,3.0
64,3750,3.0
64,3756,4.5
64,3761,5.0
64,3762,4.0
64,3767,3.5
64,3780,3.0
64,3781,3.5
64,3791,1.5
64,3792,4.5
64,3793,4.0
64,3821,4.0
64,3826,4.5
64,3836,3.0
64,3841,0.0
64,3852,3.5
64,3859,4.0
64,3860,1.5
64,3861,2.0
64,3873,0.5
64,3891,3.0
64,3893,0.5
64,3895,2.0
64,3903,0.5
64,3907,4.5
64,3911,3.0
64,3918,1.0
64,3951,2.5
64,3965,3.0
64,3982,3.0
64,3983,2.5
64,3994,1.0
65,6,4.5
65,9,3.5
65,20,3.5
65,26,3.0
65,32,0.0
65,34,4.5
65,49,0.5
65,55,2.0
65,64,1.0
65,70,2.5
65,81,4.5
65,87,1.5
65,95,4.0
65,116,1.0
65,143,3.5
65,145,4.0
65,148,1.5
65,149,5.0
65,152,1.0
65,161,2.0
65,185,0.5
65,195,0.0
65,203,0.5
65,235,1.0
65,250,4.5
65,256,4.5
65,264,5.0
65,266,3.0
65,270,5.0
65,273,0.0
65,274,4.0
65,280,5.0
65,295,3.5
65,297,1.0
65,314,0.5
65,322,5.0
65,349,2.5
65,362,1.0
65,373,2.0
65,389,4.0
65,400,1.5
65,401,5.0
65,404,3.5
65,409,2.5
65,420,3.5
65,421,0.0
65,425,1.5
65,432,3.5
65,437,3.5
65,443,0.5
65,444,4.0
65,451,5.0
65,457,1.0
65,477,1.0
65,479,0.5
65,480,2.5
65,482,2.5
65,491,1.5
65,495,4.0
65,503,4.5
65,514,5.0
65,515,0.0
65,517,5.0
65,521,3.0
65,540,2.5
65,547,2.5
65,566,0.5
65,573,0.0
65,576,2.0
65,598,3.5
65,602,4.0
65,606,0.0
65,612,0.5
65,622,4.5
65,624,0.0
65,633,4.5
65,636,4.5
65,651,0.5
65,673,2.0
65,682,2.0
65,685,3.5
65,696,5.0
65,697,2.5
65,708,2.5
65,729,0.0
65,733,2.0
65,736,0.5
65,739,4.0
65,748,1.5
65,754,5.0
65,755,4.5
65,761,2.5
65,764,4.0
65,768,1.5
65,786,3.0
65,789,5.0
65,802,5.0
65,806,3.5
65,814,4.0
65,837,3.5
65,848,0.5
65,858,0.5
65,872,0.0
65,873,3.0
65,876,4.0
65,880,3.0
65,884,4.5
65,885,0.5
65,886,4.5
65,887,5.0
65,888,1.0
65,889,3.0
65,894,5.0
65,911,4.5
65,920,3.5
65,930,4.0
65,939,4.0
65,950,2.5
65,955,0.5
65,966,5.0
65,983,1.5
65,998,0.5
65,1005,2.5
65,1006,4.0
65,1018,4.0
65,1035,2.5
65,1039,4.5
65,1041,4.5
65,1057,4.5
65,1058,0.0
65,1063,4.5
65,1068,1.0
65,1071,0.0
65,1082,2.0
65,1101,3.5
65,1114,2.0
65,1122,3.5
65,1129,3.5
65,1137,2.5
65,1145,3.0
65,1150,4.5
65,1159,2.5
65,1161,4.5
65,1162,3.0
65,1166,0.5
65,1183,0.0
65,1198,2.5
65,1204,1.5
65,1208,1.5
65,1210,1.0
65,1213,4.5
65,1215,5.0
65,1226,5.0
65,1235,1.0
65,1245,4.5
65,1249,4.0
65,1251,1.5
65,1253,0.0
65,1258,0.0
65,1264,4.0
65,1278,3.5
65,1280,0.5
65,1282,3.5
65,1286,3.0
65,1291,2.0
65,1293,4.5
65,1302,1.0
65,1308,1.5
65,1309,4.5
65,1315,0.5
65,1320,5.0
65,1321,1.5
65,1342,3.5
65,1346,3.0
65,1358,1.5
65,1365,3.0
65,1373,2.5
65,1379,2.5
65,1383,1.5
65,1386,0.5
65,1389,2.0
65,1401,0.0
65,1402,3.0
65,1405,0.0
65,1408,3.0
65,1411,4.5
65,1412,5.0
65,1416,3.0
65,1421,5.0
65,1426,3.5
65,1427,1.0
65,1431,2.0
65,1475,4.5
65,1480,2.5
65,1496,1.0
65,1500,1.5
65,1506,2.0
65,1512,2.5
65,1515,0.5
65,1518,2.5
65,1532,2.5
65,1539,0.5
65,1542,1.5
65,1544,4.0
65,1547,2.5
65,1574,1.5
65,1583,0.0
65,1608,4.0
65,1622,0.5
65,1623,2.5
65,1627,0.5
65,1628,0.5
65,1639,5.0
65,1643,1.0
65,1664,1.5
65,1688,1.0
65,1698,4.0
65,1699,1.5
65,1701,5.0
65,1716,2.5
65,1722,5.0
65,1724,2.5
65,1727,1.0
65,1734,1.0
65,1738,0.0
65,1750,2.0
65,1758,0.0
65,1760,4.5
65,1766,2.0
65,1770,3.5
65,1776,0.5
65,1781,3.0
65,1783,1.5
65,1791,1.0
65,1808,3.5
65,1816,3.0
65,1817,1.5
65,1818,2.5
65,1819,1.5
65,1823,2.0
65,1833,5.0
65,1841,2.5
65,1842,3.0
65,1847,3.0
65,1849,2.0
65,1850,4.5
65,1855,2.0
65,1872,4.0
65,1878,0.5
65,1909,1.0
65,1912,5.0
65,1921,3.5
65,1936,3.0
65,1940,3.5
65,1960,3.5
65,1968,2.5
65,1969,4.5
65,1971,1.0
65,1988,0.5
65,1991,5.0
65,1996,1.0
65,2018,2.0
65,2020,0.0
65,2023,3.0
65,2025,0.5
65,2028,1.0
65,2030,3.5
65,2032,1.5
65,2036,3.5
65,2044,4.0
65,2059,3.5
65,2060,0.0
65,2062,3.0
65,2067,1.0
65,2069,0.5
65,2071,1.5
65,2078,3.5
65,2080,5.0
65,2084,4.0
65,2096,0.5
65,2102,0.5
65,2104,0.0
65,2105,3.0
65,2119,3.5
65,2144,0.5
65,2146,4.0
65,2160,3.0
65,2163,2.0
65,2165,4.0
65,2166,0.0
65,2187,1.5
65,2195,2.5
65,2201,3.5
65,2202,4.5
65,2216,3.0
65,2218,3.5
65,2219,3.5
65,2220,2.5
65,2232,4.0
65,2240,1.5
65,2246,5.0
65,2261,5.0
65,2264,0.0
65,2271,2.0
65,2273,1.5
65,2280,0.5
65,2285,2.5
65,2288,2.5
65,2292,3.0
65,2298,5.0
65,2314,2.5
65,2317,3.5
65,2319,5.0
65,2339,4.5
65,2341,4.5
65,2351,1.0
65,2353,0.5
65,2363,4.0
65,2382,0.5
65,2385,3.5
65,2387,4.5
65,2403,1.5
65,2409,2.5
65,2411,0.0
65,2417,2.5
65,2431,0.0
65,2438,3.0
65,2444,2.5
65,2446,3.5
65,2456,4.5
65,2471,4.5
65,2472,3.5
65,2478,5.0
65,2496,1.0
65,2543,0.5
65,2544,1.5
65,2553,3.5
65,2556,4.0
65,2566,3.5
65,2592,4.5
65,2595,0.0
65,2597,4.5
65,2616,4.5
65,2619,0.0
65,2623,0.0
65,2624,4.5
65,2625,2.5
65,2633,0.5
65,2638,1.5
65,2679,5.0
65,2682,3.5
65,2688,3.5
65,2694,0.5
65,2698,3.0
65,2700,1.0
65,2705,3.5
65,2718,0.5
65,2725,0.0
65,2748,0.5
65,2755,4.0
65,2757,0.5
65,2761,3.5
65,2781,4.5
65,2794,2.0
65,2802,4.0
65,2809,4.5
65,2813,2.5
65,2818,3.0
65,2828,1.0
65,2829,0.0
65,2834,5.0
65,2842,5.0
65,2849,4.0
65,2851,2.5
65,2858,0.0
65,2866,0.0
65,2867,3.0
65,2873,1.5
65,2902,3.5
65,2926,4.5
65,2932,1.5
65,2936,2.0
65,2954,4.0
65,2955,4.5
65,2958,3.5
65,2962,4.0
65,2976,4.5
65,2977,0.0
65,2992,4.0
65,3002,5.0
65,3008,2.5
65,3014,1.0
65,3051,4.0
65,3052,1.5
65,3053,2.0
65,3054,4.5
65,3055,3.0
65,3072,5.0
65,3074,0.5
65,3076,2.5
65,3080,4.5
65,3093,2.5
65,3104,4.5
65,3106,2.0
65,3108,0.0
65,3109,4.5
65,3116,0.0
65,3122,2.0
65,3126,4.0
65,3133,3.5
65,3142,4.0
65,3147,4.0
65,3150,3.5
65,3155,3.0
65,3166,1.0
65,3184,1.0
65,3194,1.5
65,3198,1.5
65,3203,4.0
65,3206,3.0
65,3224,0.5
65,3237,0.0
65,3239,1.0
65,3251,4.5
65,3255,1.5
65,3262,0.0
65,3263,1.0
65,3265,0.0
65,3267,3.0
65,3278,4.5
65,3280,1.5
65,3284,3.0
65,3292,4.5
65,3297,4.0
65,3323,5.0
65,3324,3.0
65,3327,0.0
65,3328,1.5
65,3342,2.5
65,3345,0.0
65,3349,3.0
65,3350,1.0
65,3355,3.5
65,3356,2.0
65,3359,0.5
65,3365,3.0
65,3370,0.5
65,3375,0.0
65,3376,0.5
65,3383,5.0
65,3389,1.0
65,3410,3.5
65,3413,3.5
65,3418,2.5
65,3428,2.5
65,3455,1.0
65,3456,3.0
65,3482,2.0
65,3487,4.5
65,3509,0.5
65,3523,4.5
65,3530,3.0
65,3533,0.5
65,3536,0.0
65,3539,2.0
65,3548,1.5
65,3555,1.0
65,3558,2.0
65,3563,0.0
65,3566,2.5
65,3568,2.5
65,3572,3.5
65,3581,2.0
65,3587,0.5
65,3608,5.0
65,3622,4.0
65,3624,2.0
65,3634,2.0
65,3639,4.0
65,3640,0.0
65,3643,2.5
65,3644,3.5
65,3646,3.5
65,3647,1.5
65,3657,4.5
65,3659,3.5
65,3661,3.5
65,3667,4.5
65,3669,5.0
65,3683,5.0
65,3695,0.0
65,3697,5.0
65,3705,3.0
65,3717,0.5
65,3730,0.5
65,3739,3.5
65,3740,1.5
65,3742,4.5
65,3744,2.5
65,3747,4.0
65,3756,5.0
65,3761,4.0
65,3766,4.5
65,3781,3.5
65,3792,0.0
65,3826,1.5
65,3836,4.0
65,3841,4.5
65,3843,0.5
65,3856,2.0
65,3859,1.5
65,3860,2.5
65,3861,0.5
65,3865,3.5
65,3873,3.0
65,3875,1.5
65,3884,0.5
65,3886,4.5
65,3889,2.0
65,3906,4.5
65,3938,0.0
65,3965,1.0
65,3981,2.5
65,3982,5.0
65,3983,0.5
65,3986,1.0
66,23,1.0
66,26,0.5
66,28,2.0
66,32,2.0
66,34,4.0
66,44,4.5
66,45,1.0
66,62,0.0
66,70,5.0
66,76,2.0
66,81,4.5
66,86,3.5
66,87,3.0
66,108,0.0
66,112,3.0
66,116,1.5
66,140,4.0
66,142,2.5
66,143,3.5
66,148,2.0
66,161,1.5
66,165,4.0
66,185,4.5
66,203,1.0
66,207,0.0
66,229,2.5
66,233,3.5
66,243,4.0
66,248,0.5
66,256,4.0
66,264,1.5
66,265,4.5
66,269,4.0
66,270,0.0
66,273,1.0
66,274,1.5
66,277,2.5
66,280,3.0
66,295,3.5
66,297,1.5
66,319,5.0
66,327,4.0
66,336,3.0
66,346,1.0
66,362,4.5
66,373,0.0
66,389,4.5
66,390,2.5
66,400,0.5
66,401,2.0
66,404,3.5
66,409,4.5
66,411,2.0
66,421,0.0
66,425,1.5
66,432,5.0
66,437,1.5
66,443,2.0
66,444,2.0
66,451,2.0
66,454,3.5
66,457,2.0
66,458,2.5
66,459,5.0
66,465,1.0
66,470,0.0
66,476,4.0
66,478,2.5
66,489,2.5
66,495,4.5
66,503,2.5
66,504,4.0
66,512,3.5
66,514,5.0
66,525,0.5
66,534,2.0
66,538,0.5
66,541,2.0
66,547,2.5
66,551,3.0
66,566,3.5
66,573,0.0
66,576,2.5
66,582,0.0
66,600,2.5
66,612,1.0
66,622,1.0
66,624,4.0
66,625,1.0
66,626,3.0
66,632,3.5
66,636,1.5
66,637,0.0
66,643,0.0
66,646,3.5
66,668,0.0
66,669,2.5
66,673,1.5
66,677,4.5
66,679,2.0
66,680,3.0
66,697,2.0
66,699,5.0
66,702,2.0
66,708,2.0
66,731,2.5
66,733,2.0
66,737,3.5
66,738,4.0
66,739,1.0
66,748,2.0
66,751,0.5
66,754,0.0
66,755,2.5
66,761,1.5
66,764,4.0
66,768,2.5
66,775,0.5
66,778,4.5
66,784,2.0
66,800,4.0
66,802,2.5
66,806,2.5
66,814,5.0
66,818,1.0
66,824,3.5
66,838,2.5
66,851,4.0
66,859,2.5
66,872,2.0
66,873,4.5
66,876,4.0
66,879,2.5
66,880,1.5
66,883,4.0
66,885,3.5
66,887,0.0
66,888,3.5
66,889,0.0
66,894,2.5
66,916,2.5
66,924,3.0
66,939,0.5
66,941,0.5
66,950,2.5
66,955,2.0
66,972,0.0
66,1013,4.0
66,1018,4.0
66,1021,2.5
66,1028,4.5
66,1039,0.5
66,1049,2.5
66,1058,4.5
66,1063,0.5
66,1068,1.0
66,1071,4.0
66,1076,2.0
66,1087,0.5
66,1091,2.0
66,1101,2.0
66,1110,3.5
66,1112,1.0
66,1146,5.0
66,1150,1.5
66,1159,4.5
66,1161,1.5
66,1162,0.0
66,1183,2.0
66,1191,1.5
66,1194,5.0
66,1198,2.5
66,1199,4.0
66,1208,3.0
66,1210,1.0
66,1213,1.5
66,1218,0.5
66,1219,2.0
66,1223,3.5
66,1226,0.5
66,1228,0.5
66,1235,2.0
66,1240,4.5
66,1245,4.0
66,1249,1.0
66,1251,4.5
66,1253,3.5
66,1269,0.5
66,1278,2.5
66,1279,0.5
66,1284,1.0
66,1286,2.0
66,1292,5.0
66,1309,2.0
66,1315,5.0
66,1320,0.0
66,1321,2.0
66,1329,1.0
66,1346,5.0
66,1351,0.5
66,1352,4.0
66,1355,0.0
66,1358,5.0
66,1366,4.5
66,1373,4.0
66,1376,4.5
66,1386,4.5
66,1387,1.5
66,1389,1.0
66,1395,1.0
66,1401,0.5
66,1402,1.5
66,1405,2.0
66,1410,1.5
66,1411,2.0
66,1416,5.0
66,1423,4.0
66,1426,0.5
66,1427,0.0
66,1442,4.0
66,1463,4.0
66,1475,1.5
66,1484,1.0
66,1491,1.5
66,1500,1.5
66,1501,5.0
66,1506,0.5
66,1512,0.5
66,1520,3.5
66,1531,2.5
66,1532,1.0
66,1538,2.5
66,1542,2.5
66,1544,0.0
66,1547,4.5
66,1561,2.5
66,1562,4.0
66,1577,3.0
66,1583,2.5
66,1585,4.0
66,1588,1.5
66,1602,4.5
66,1615,2.0
66,1622,3.0
66,1627,3.5
66,1628,2.5
66,1635,3.0
66,1639,2.5
66,1647,3.0
66,1654,2.5
66,1659,2.5
66,1676,4.0
66,1677,2.0
66,1680,4.0
66,1688,3.0
66,1690,5.0
66,1693,2.5
66,1696,1.0
66,1699,2.5
66,1701,1.5
66,1724,0.0
66,1734,2.5
66,1735,1.5
66,1738,4.0
66,1740,3.5
66,1745,3.5
66,1750,3.5
66,1751,2.5
66,1760,2.5
66,1763,0.5
66,1770,0.0
66,1771,1.5
66,1776,0.0
66,1791,3.0
66,1794,1.5
66,1802,2.5
66,1808,2.5
66,1816,3.0
66,1817,1.5
66,1820,1.5
66,1823,5.0
66,1832,0.0
66,1850,4.5
66,1855,5.0
66,1878,4.0
66,1880,0.0
66,1887,0.0
66,1894,4.5
66,1913,3.5
66,1918,0.0
66,1939,0.0
66,1949,4.0
66,1951,2.5
66,1954,1.0
66,1960,4.5
66,1967,2.0
66,1969,5.0
66,1970,1.5
66,1995,4.5
66,2030,2.0
66,2040,2.0
66,2043,4.0
66,2044,2.5
66,2060,4.5
66,2062,1.0
66,2067,1.0
66,2071,3.5
66,2078,5.0
66,2083,1.5
66,2102,4.5
66,2104,3.0
66,2105,4.0
66,2109,5.0
66,2117,1.5
66,2118,3.0
66,2134,5.0
66,2163,3.0
66,2174,0.0
66,2181,5.0
66,2190,1.5
66,2195,0.0
66,2199,3.0
66,2201,4.5
66,2202,1.5
66,2209,4.5
66,2218,4.5
66,2219,0.5
66,2220,1.0
66,2224,0.0
66,2228,5.0
66,2246,4.5
66,2254,3.5
66,2261,3.0
66,2266,4.5
66,2267,5.0
66,2271,4.5
66,2273,2.0
66,2276,2.5
66,2277,0.5
66,2288,4.0
66,2289,1.0
66,2294,2.5
66,2297,4.0
66,2298,1.0
66,2306,2.5
66,2308,2.5
66,2314,3.0
66,2317,1.0
66,2334,1.0
66,2337,1.5
66,2341,2.5
66,2343,2.0
66,2346,2.0
66,2348,2.0
66,2351,2.5
66,2359,5.0
66,2385,4.5
66,2394,4.5
66,2410,2.5
66,2411,2.0
66,2416,0.0
66,2426,3.0
66,2436,1.5
66,2452,1.5
66,2456,2.0
66,2470,2.0
66,2472,4.5
66,2491,5.0
66,2493,1.5
66,2495,3.5
66,2497,3.0
66,2508,0.0
66,2512,5.0
66,2514,3.5
66,2525,2.0
66,2556,4.0
66,2559,1.5
66,2574,3.5
66,2577,3.5
66,2589,3.5
66,2592,3.5
66,2597,3.5
66,2604,2.5
66,2612,3.5
66,2614,5.0
66,2624,3.0
66,2625,0.0
66,2626,1.0
66,2636,2.0
66,2650,0.5
66,2667,2.0
66,2675,4.5
66,2676,4.5
66,2679,0.0
66,2682,2.5
66,2700,2.0
66,2712,2.0
66,2718,5.0
66,2730,2.5
66,2735,4.5
66,2741,5.0
66,2748,1.5
66,2752,4.0
66,2755,4.0
66,2761,4.0
66,2767,1.0
66,2771,2.5
66,2794,3.0
66,2796,4.5
66,2803,4.5
66,2804,4.5
66,2829,0.5
66,2834,2.5
66,2842,2.0
66,2849,3.5
66,2851,3.5
66,2852,1.0
66,2873,3.0
66,2885,3.5
66,2890,0.5
66,2893,5.0
66,2902,1.5
66,2912,2.0
66,2916,0.0
66,2933,2.0
66,2941,1.5
66,2951,3.5
66,2954,4.5
66,2955,4.5
66,2958,2.5
66,2960,0.5
66,2975,0.0
66,2995,4.5
66,3014,5.0
66,3026,3.5
66,3029,3.0
66,3033,2.5
66,3036,4.5
66,3046,4.0
66,3050,4.5
66,3051,0.0
66,3052,0.5
66,3058,0.0
66,3074,2.0
66,3076,0.5
66,3080,2.0
66,3102,1.0
66,3106,4.5
66,3108,4.0
66,3109,3.5
66,3110,1.0
66,3114,3.0
66,3117,4.5
66,3119,5.0
66,3122,3.0
66,3125,2.5
66,3126,5.0
66,3128,4.0
66,3131,1.0
66,3133,0.5
66,3138,3.0
66,3142,2.5
66,3150,5.0
66,3154,4.5
66,3155,1.5
66,3166,1.0
66,3167,2.0
66,3191,2.5
66,3201,1.5
66,3206,0.0
66,3208,2.0
66,3210,3.5
66,3215,3.0
66,3224,2.0
66,3226,4.0
66,3231,4.0
66,3237,2.0
66,3239,1.0
66,3242,2.0
66,3247,0.0
66,3259,0.5
66,3262,3.0
66,3265,2.5
66,3272,1.5
66,3282,1.0
66,3297,3.5
66,3300,1.5
66,3307,3.5
66,3311,5.0
66,3316,4.0
66,3321,5.0
66,3323,0.5
66,3324,2.5
66,3350,3.5
66,3355,3.0
66,3356,3.0
66,3359,5.0
66,3361,4.5
66,3365,0.5
66,3367,0.5
66,3370,4.5
66,3376,2.5
66,3383,2.5
66,3386,4.5
66,3389,2.5
66,3392,3.5
66,3393,1.5
66,3400,4.0
66,3406,2.5
66,3410,3.5
66,3413,2.0
66,3414,2.5
66,3416,3.0
66,3418,2.0
66,3428,2.0
66,3447,1.0
66,3453,0.5
66,3455,4.0
66,3465,1.0
66,3470,2.0
66,3487,3.0
66,3495,3.5
66,3500,1.0
66,3507,1.0
66,3515,1.0
66,3521,0.5
66,3532,0.5
66,3539,2.5
66,3542,3.5
66,3555,2.0
66,3558,1.5
66,3563,1.5
66,3568,2.0
66,3572,0.0
66,3581,2.0
66,3587,0.5
66,3608,1.0
66,3610,0.5
66,3622,0.5
66,3634,3.5
66,3639,1.0
66,3640,1.5
66,3646,2.5
66,3667,3.0
66,3675,3.5
66,3693,3.5
66,3695,3.5
66,3703,1.0
66,3705,1.5
66,3712,0.5
66,3717,0.0
66,3741,5.0
66,3742,2.0
66,3747,5.0
66,3753,2.0
66,3761,5.0
66,3766,0.5
66,3770,5.0
66,3773,0.0
66,3780,0.5
66,3781,0.0
66,3792,1.5
66,3797,4.0
66,3821,2.0
66,3826,0.0
66,3843,2.5
66,3856,3.0
66,3860,1.0
66,3861,3.5
66,3865,0.0
66,3874,0.5
66,3881,3.0
66,3882,0.5
66,3884,1.0
66,3889,2.5
66,3903,3.5
66,3907,1.5
66,3951,4.0
66,3960,1.0
66,3970,1.5
66,3987,2.5
66,3994,0.0
67,4,1.0
67,19,3.0
67,20,5.0
67,26,2.0
67,28,4.0
67,36,3.5
67,44,1.5
67,49,1.5
67,62,1.5
67,64,0.5
67,68,0.0
67,76,4.0
67,81,4.0
67,87,0.5
67,90,1.0
67,105,3.5
67,118,5.0
67,124,4.5
67,143,2.5
67,145,2.0
67,148,5.0
67,149,1.0
67,152,2.0
67,165,4.5
67,190,4.0
67,203,4.0
67,215,1.5
67,226,0.5
67,233,0.5
67,241,4.0
67,242,3.5
67,248,4.0
67,250,0.5
67,264,1.0
67,265,3.5
67,273,2.0
67,274,2.0
67,275,2.0
67,280,0.0
67,288,0.5
67,297,4.0
67,303,0.5
67,314,0.0
67,319,3.0
67,322,2.5
67,324,4.0
67,327,3.0
67,349,2.5
67,362,0.5
67,375,3.5
67,377,1.0
67,389,4.0
67,400,2.0
67,409,4.5
67,413,4.5
67,414,4.0
67,421,1.5
67,432,5.0
67,444,0.0
67,451,1.5
67,455,4.0
67,457,4.5
67,458,4.0
67,465,3.5
67,470,1.0
67,476,0.5
67,477,2.0
67,478,5.0
67,480,1.5
67,489,4.5
67,491,3.5
67,492,4.0
67,495,0.5
67,504,3.5
67,514,3.5
67,534,3.5
67,551,4.0
67,569,1.0
67,576,4.5
67,582,2.5
67,602,4.5
67,606,3.0
67,612,2.5
67,622,1.5
67,624,4.5
67,625,0.0
67,636,1.5
67,642,5.0
67,643,4.0
67,646,2.0
67,658,5.0
67,669,4.5
67,677,1.5
67,679,0.0
67,680,3.5
67,682,5.0
67,685,3.0
67,702,0.0
67,705,0.0
67,708,3.0
67,729,2.0
67,739,1.0
67,748,4.0
67,749,2.5
67,754,0.5
67,764,3.5
67,778,0.0
67,786,4.0
67,789,2.0
67,814,1.0
67,815,2.0
67,816,3.5
67,818,1.5
67,824,5.0
67,830,3.0
67,831,2.0
67,837,4.0
67,846,4.5
67,872,0.0
67,884,1.5
67,886,2.0
67,888,2.0
67,896,1.5
67,904,2.5
67,911,4.0
67,920,1.0
67,924,2.0
67,927,3.0
67,930,5.0
67,937,3.5
67,946,0.5
67,949,1.0
67,955,1.0
67,958,3.5
67,972,5.0
67,1008,3.5
67,1013,3.0
67,1028,4.5
67,1035,2.5
67,1047,2.5
67,1057,1.0
67,1062,1.0
67,1068,2.0
67,1071,2.0
67,1076,2.5
67,1082,2.0
67,1105,1.0
67,1109,1.0
67,1114,5.0
67,1122,0.0
67,1128,4.0
67,1129,0.0
67,1137,0.0
67,1150,3.5
67,1161,1.5
67,1162,2.0
67,1197,3.5
67,1198,1.0
67,1206,2.0
67,1213,1.0
67,1218,1.0
67,1226,4.5
67,1228,5.0
67,1240,0.5
67,1261,2.5
67,1278,1.5
67,1279,4.5
67,1280,0.0
67,1282,1.5
67,1286,3.5
67,1291,2.5
67,1292,2.5
67,1293,2.5
67,1302,4.0
67,1313,2.0
67,1316,3.5
67,1320,3.5
67,1328,4.0
67,1334,5.0
67,1342,1.5
67,1351,1.5
67,1352,4.0
67,1355,4.5
67,1358,0.5
67,1365,1.5
67,1366,3.0
67,1373,3.5
67,1376,2.5
67,1379,3.0
67,1386,0.0
67,1389,4.0
67,1412,4.5
67,1416,3.5
67,1423,4.0
67,1426,2.0
67,1447,2.0
67,1467,0.0
67,1484,1.0
67,1491,1.0
67,1500,2.0
67,1501,0.5
67,1506,3.5
67,1515,2.5
67,1516,2.5
67,1518,0.5
67,1523,0.0
67,1531,4.0
67,1547,5.0
67,1574,3.0
67,1577,0.0
67,1583,3.0
67,1602,0.5
67,1608,0.5
67,1616,0.0
67,1622,3.5
67,1628,4.5
67,1639,2.5
67,1643,4.5
67,1647,0.5
67,1649,1.0
67,1659,3.5
67,1663,4.0
67,1666,4.5
67,1681,4.0
67,1696,2.0
67,1698,0.0
67,1711,4.0
67,1716,4.0
67,1717,4.0
67,1737,1.5
67,1738,1.0
67,1741,0.0
67,1745,1.0
67,1764,3.5
67,1766,3.0
67,1776,2.5
67,1783,1.5
67,1815,0.5
67,1816,3.0
67,1818,0.0
67,1823,2.0
67,1838,5.0
67,1850,5.0
67,1859,0.0
67,1866,4.5
67,1872,5.0
67,1874,0.0
67,1878,2.0
67,1912,4.5
67,1913,3.5
67,1920,5.0
67,1928,0.5
67,1939,3.0
67,1940,3.0
67,1959,4.5
67,1960,3.0
67,1968,4.5
67,1969,1.5
67,1970,1.5
67,1980,3.0
67,1988,1.5
67,2018,1.5
67,2025,1.0
67,2036,1.5
67,2040,1.0
67,2043,1.5
67,2055,2.5
67,2059,3.0
67,2067,0.5
67,2078,1.0
67,2083,4.0
67,2095,2.0
67,2109,2.0
67,2114,4.5
67,2118,5.0
67,2135,2.5
67,2142,1.5
67,2143,3.5
67,2160,3.5
67,2163,4.5
67,2165,2.0
67,2173,3.0
67,2179,4.0
67,2181,2.5
67,2190,4.0
67,2195,3.0
67,2209,1.0
67,2231,4.5
67,2232,1.0
67,2242,3.0
67,2251,1.0
67,2254,3.5
67,2264,0.5
67,2271,0.5
67,2275,3.5
67,2280,1.5
67,2285,4.5
67,2288,2.5
67,2292,0.5
67,2304,0.0
67,2306,3.5
67,2320,0.0
67,2334,1.5
67,2339,5.0
67,2341,0.0
67,2351,4.5
67,2385,1.0
67,2387,2.0
67,2394,3.5
67,2409,0.5
67,2416,2.0
67,2417,1.0
67,2432,3.5
67,2444,0.5
67,2452,0.0
67,2456,3.0
67,2469,5.0
67,2471,3.5
67,2482,5.0
67,2492,4.5
67,2493,3.5
67,2495,2.0
67,2499,2.0
67,2543,3.5
67,2553,2.0
67,2559,3.0
67,2566,0.0
67,2574,3.5
67,2577,2.0
67,2595,1.5
67,2597,2.0
67,2601,0.0
67,2616,4.5
67,2623,2.5
67,2624,0.5
67,2650,2.0
67,2653,4.0
67,2659,4.0
67,2667,1.0
67,2675,1.5
67,2679,2.5
67,2681,5.0
67,2682,2.0
67,2686,0.5
67,2697,3.0
67,2705,4.5
67,2718,4.0
67,2735,4.0
67,2744,4.5
67,2763,2.0
67,2767,4.0
67,2781,5.0
67,2799,0.0
67,2804,3.5
67,2809,4.0
67,2812,2.5
67,2813,1.0
67,2818,3.5
67,2828,0.0
67,2829,4.5
67,2849,3.0
67,2851,4.5
67,2852,3.0
67,2860,0.5
67,2864,3.5
67,2866,4.5
67,2867,0.5
67,2873,0.0
67,2874,5.0
67,2877,4.0
67,2885,0.5
67,2890,0.5
67,2893,1.5
67,2910,2.0
67,2912,0.5
67,2919,5.0
67,2926,4.0
67,2951,2.0
67,2955,2.5
67,2960,2.5
67,2976,0.5
67,2981,3.0
67,2989,0.0
67,2992,2.5
67,2993,1.0
67,3016,1.5
67,3017,1.5
67,3029,1.0
67,3041,1.5
67,3042,3.0
67,3043,4.5
67,3052,1.5
67,3053,5.0
67,3054,0.5
67,3055,1.5
67,3074,1.0
67,3076,1.5
67,3078,2.5
67,3093,5.0
67,3101,2.5
67,3102,2.5
67,3110,3.0
67,3121,1.0
67,3122,4.0
67,3125,0.5
67,3128,0.0
67,3131,5.0
67,3138,3.5
67,3142,0.5
67,3147,1.0
67,3150,2.5
67,3166,3.5
67,3169,5.0
67,3191,4.5
67,3206,4.0
67,3209,1.5
67,3212,2.5
67,3223,3.0
67,3232,3.5
67,3237,5.0
67,3242,1.5
67,3247,0.0
67,3251,1.5
67,3259,4.0
67,3265,0.0
67,3275,2.5
67,3284,4.5
67,3292,1.5
67,3297,5.0
67,3298,0.5
67,3305,4.5
67,3307,5.0
67,3313,1.0
67,3319,1.5
67,3323,5.0
67,3324,0.0
67,3325,0.5
67,3342,0.0
67,3345,4.0
67,3347,4.5
67,3350,1.5
67,3355,1.5
67,3365,4.5
67,3375,1.5
67,3383,3.5
67,3396,3.5
67,3400,0.5
67,3416,3.5
67,3423,2.0
67,3448,4.0
67,3456,4.0
67,3465,2.0
67,3487,4.5
67,3500,3.5
67,3504,4.5
67,3507,4.5
67,3510,5.0
67,3521,2.0
67,3527,4.5
67,3530,1.5
67,3532,0.5
67,3536,3.5
67,3540,3.0
67,3542,0.0
67,3548,1.5
67,3566,3.5
67,3568,0.5
67,3580,1.5
67,3587,0.5
67,3599,3.5
67,3608,3.5
67,3619,1.5
67,3627,1.5
67,3634,2.0
67,3640,5.0
67,3644,4.5
67,3646,1.5
67,3647,2.5
67,3648,4.0
67,3659,2.0
67,3667,4.5
67,3669,4.0
67,3676,4.5
67,3697,0.5
67,3705,1.5
67,3712,4.5
67,3717,1.0
67,3735,4.5
67,3741,3.0
67,3742,0.0
67,3744,3.0
67,3756,2.5
67,3761,3.0
67,3762,3.0
67,3767,5.0
67,3780,0.5
67,3841,4.0
67,3850,5.0
67,3871,2.0
67,3873,1.5
67,3882,0.0
67,3891,4.0
67,3893,3.0
67,3895,5.0
67,3911,2.5
67,3965,4.5
67,3981,1.5
67,3986,2.0
67,3994,1.5
68,9,2.0
68,11,3.0
68,34,0.0
68,36,1.0
68,44,1.5
68,45,4.5
68,49,5.0
68,64,5.0
68,68,0.0
68,76,1.5
68,81,2.5
68,86,3.0
68,87,4.5
68,95,1.5
68,105,3.5
68,107,3.5
68,118,1.0
68,140,4.0
68,142,2.5
68,149,1.5
68,161,3.0
68,184,0.0
68,190,2.5
68,199,0.5
68,203,0.5
68,207,5.0
68,209,3.5
68,226,3.0
68,233,0.5
68,235,1.5
68,241,2.0
68,242,2.5
68,256,1.0
68,265,5.0
68,266,5.0
68,269,0.0
68,273,3.5
68,277,3.0
68,295,4.0
68,297,1.0
68,322,5.0
68,327,4.0
68,347,1.0
68,353,5.0
68,358,1.5
68,371,1.0
68,375,1.5
68,377,4.5
68,385,0.0
68,390,1.0
68,400,1.5
68,401,1.5
68,404,0.5
68,409,2.0
68,411,5.0
68,413,4.0
68,420,1.5
68,425,4.5
68,432,3.0
68,437,4.5
68,451,5.0
68,454,5.0
68,458,0.0
68,470,5.0
68,477,4.0
68,478,4.5
68,484,1.5
68,489,1.0
68,492,0.0
68,504,0.5
68,512,4.0
68,514,5.0
68,515,4.0
68,521,3.0
68,544,3.5
68,547,4.5
68,551,0.0
68,563,2.0
68,569,2.0
68,576,2.0
68,582,3.5
68,598,5.0
68,612,0.5
68,616,3.5
68,625,0.5
68,632,4.0
68,636,1.0
68,637,2.5
68,642,0.0
68,651,0.5
68,658,4.0
68,673,2.0
68,680,2.5
68,682,3.5
68,685,2.5
68,696,1.5
68,697,4.5
68,699,0.5
68,702,3.5
68,739,3.5
68,744,2.0
68,748,0.0
68,751,4.5
68,754,4.5
68,755,2.0
68,762,1.5
68,764,4.5
68,768,0.0
68,775,2.0
68,784,4.0
68,786,0.0
68,795,5.0
68,802,2.5
68,815,1.0
68,816,1.5
68,824,4.5
68,837,0.0
68,850,3.5
68,858,0.0
68,859,3.5
68,876,5.0
68,879,1.5
68,883,4.5
68,884,0.0
68,887,3.0
68,888,3.0
68,896,5.0
68,901,1.0
68,911,4.5
68,916,1.0
68,919,2.5
68,920,3.5
68,937,4.5
68,939,0.5
68,949,4.0
68,955,2.0
68,958,4.0
68,966,5.0
68,969,3.5
68,972,2.0
68,977,1.5
68,983,0.5
68,987,3.5
68,1002,1.5
68,1004,5.0
68,1018,1.5
68,1035,0.5
68,1041,2.0
68,1047,1.5
68,1057,4.0
68,1062,3.5
68,1091,0.5
68,1105,0.0
68,1110,5.0
68,1111,2.0
68,1112,2.5
68,1114,4.0
68,1122,4.5
68,1128,0.0
68,1129,4.0
68,1137,4.5
68,1145,1.0
68,1146,1.5
68,1161,2.5
68,1162,3.5
68,1166,3.0
68,1171,4.5
68,1180,1.5
68,1183,4.5
68,1191,0.5
68,1198,0.0
68,1203,3.0
68,1210,1.0
68,1215,0.5
68,1218,3.5
68,1223,1.5
68,1249,1.5
68,1258,1.5
68,1261,4.5
68,1264,0.0
68,1279,3.0
68,1280,1.0
68,1286,0.5
68,1293,3.5
68,1308,1.0
68,1313,5.0
68,1315,0.0
68,1333,4.5
68,1342,1.5
68,1346,0.0
68,1351,0.5
68,1355,0.0
68,1358,1.5
68,1373,4.5
68,1379,0.0
68,1389,2.0
68,1401,2.0
68,1405,0.5
68,1408,3.0
68,1412,1.5
68,1423,1.5
68,1427,1.5
68,1429,3.0
68,1437,4.5
68,1442,3.0
68,1444,1.5
68,1447,3.0
68,1463,1.0
68,1475,3.0
68,1480,5.0
68,1484,3.0
68,1500,5.0
68,1501,2.0
68,1506,0.0
68,1514,3.5
68,1515,1.5
68,1516,0.0
68,1518,2.5
68,1520,5.0
68,1529,4.5
68,1539,2.5
68,1542,0.0
68,1544,4.5
68,1547,0.0
68,1561,4.5
68,1588,2.0
68,1589,0.0
68,1601,0.0
68,1602,3.0
68,1609,2.0
68,1610,2.5
68,1615,0.5
68,1616,0.0
68,1623,5.0
68,1628,1.5
68,1630,1.0
68,1632,0.5
68,1635,2.0
68,1638,5.0
68,1643,0.0
68,1649,1.0
68,1653,0.5
68,1659,0.0
68,1666,4.0
68,1677,3.5
68,1680,4.5
68,1688,2.0
68,1694,5.0
68,1696,2.5
68,1698,4.0
68,1699,4.5
68,1711,4.0
68,1717,5.0
68,1727,0.5
68,1737,2.5
68,1741,2.0
68,1751,4.5
68,1764,0.0
68,1766,0.5
68,1770,3.0
68,1776,0.0
68,1779,4.0
68,1781,2.0
68,1782,4.0
68,1783,1.5
68,1800,4.5
68,1802,1.5
68,1808,0.5
68,1818,2.5
68,1832,2.5
68,1833,2.0
68,1842,3.0
68,1847,1.5
68,1850,4.0
68,1859,0.5
68,1870,0.5
68,1872,3.5
68,1880,2.0
68,1887,3.0
68,1894,3.0
68,1900,1.5
68,1912,1.5
68,1918,1.5
68,1921,2.0
68,1936,3.5
68,1940,0.0
68,1954,1.0
68,1959,2.5
68,1969,2.5
68,1970,3.5
68,1971,0.0
68,1988,0.0
68,1991,4.0
68,1999,4.0
68,2011,4.0
68,2018,5.0
68,2028,0.5
68,2036,0.5
68,2040,1.0
68,2043,5.0
68,2044,2.0
68,2055,1.0
68,2056,5.0
68,2062,2.0
68,2069,3.5
68,2071,3.5
68,2078,4.0
68,2080,0.0
68,2084,0.5
68,2095,0.5
68,2096,0.5
68,2099,4.5
68,2104,2.5
68,2105,1.5
68,2106,0.5
68,2109,0.0
68,2114,1.5
68,2119,4.0
68,2143,2.5
68,2174,3.0
68,2179,1.5
68,2181,1.0
68,2189,1.5
68,2201,1.5
68,2202,2.0
68,2216,3.5
68,2218,5.0
68,2222,2.0
68,2228,1.0
68,2231,2.5
68,2240,4.0
68,2242,2.0
68,2266,3.5
68,2272,0.0
68,2276,5.0
68,2277,2.0
68,2278,4.0
68,2280,1.5
68,2285,4.5
68,2288,0.0
68,2298,0.0
68,2306,4.5
68,2308,0.5
68,2310,1.0
68,2314,3.0
68,2317,3.0
68,2319,0.5
68,2320,2.0
68,2343,4.5
68,2346,1.5
68,2353,2.0
68,2367,5.0
68,2382,4.5
68,2387,2.5
68,2394,4.0
68,2409,5.0
68,2410,0.0
68,2414,2.0
68,2417,0.5
68,2436,1.5
68,2446,0.5
68,2452,0.5
68,2470,0.0
68,2471,1.0
68,2476,5.0
68,2478,4.0
68,2491,3.0
68,2493,5.0
68,2496,3.0
68,2499,1.5
68,2508,2.0
68,2525,1.0
68,2543,0.5
68,2544,0.0
68,2556,4.0
68,2563,3.5
68,2577,0.0
68,2588,3.5
68,2589,3.0
68,2592,4.0
68,2597,4.0
68,2604,3.5
68,2612,3.0
68,2616,4.5
68,2619,3.0
68,2623,3.5
68,2636,3.0
68,2637,5.0
68,2650,3.0
68,2675,3.0
68,2676,3.5
68,2679,2.0
68,2686,4.0
68,2694,3.5
68,2697,4.5
68,2700,1.0
68,2705,2.0
68,2730,0.0
68,2744,4.5
68,2747,3.5
68,2752,5.0
68,2757,0.5
68,2758,4.0
68,2779,3.5
68,2781,5.0
68,2785,5.0
68,2796,2.5
68,2799,3.5
68,2802,3.0
68,2803,1.0
68,2812,3.5
68,2825,2.0
68,2828,2.0
68,2842,0.5
68,2858,2.0
68,2860,1.5
68,2864,4.5
68,2873,3.5
68,2874,0.5
68,2877,3.0
68,2910,2.5
68,2914,3.5
68,2916,1.5
68,2919,5.0
68,2924,3.5
68,2932,2.5
68,2933,4.5
68,2934,2.0
68,2951,0.5
68,2953,4.0
68,2954,4.5
68,2955,2.5
68,2960,3.0
68,2970,3.5
68,2992,0.5
68,2995,5.0
68,3002,5.0
68,3016,2.0
68,3026,3.0
68,3029,1.0
68,3036,1.0
68,3041,1.0
68,3042,3.0
68,3043,2.5
68,3046,1.0
68,3047,4.5
68,3051,1.0
68,3052,4.0
68,3053,4.5
68,3054,4.5
68,3072,5.0
68,3074,0.5
68,3078,5.0
68,3080,0.0
68,3093,1.0
68,3104,0.0
68,3106,4.0
68,3108,1.5
68,3113,2.5
68,3114,3.5
68,3116,4.0
68,3119,4.0
68,3126,0.0
68,3133,0.5
68,3150,4.5
68,3154,4.5
68,3158,1.5
68,3166,4.0
68,3167,3.5
68,3179,2.5
68,3184,1.0
68,3198,5.0
68,3203,2.5
68,3208,1.0
68,3209,1.5
68,3222,1.5
68,3223,2.5
68,3239,1.0
68,3242,2.0
68,3255,4.0
68,3256,1.0
68,3258,4.0
68,3262,4.0
68,3263,1.0
68,3267,3.5
68,3275,0.5
68,3278,4.0
68,3280,0.0
68,3284,5.0
68,3300,1.0
68,3311,3.0
68,3313,1.5
68,3322,1.5
68,3323,2.0
68,3324,4.5
68,3325,0.0
68,3349,0.5
68,3350,2.0
68,3355,3.5
68,3370,0.5
68,3375,3.5
68,3386,2.0
68,3389,1.0
68,3392,0.0
68,3396,2.5
68,3400,1.0
68,3401,2.5
68,3410,1.5
68,3413,3.5
68,3414,4.5
68,3416,0.0
68,3418,1.5
68,3428,0.0
68,3446,4.5
68,3447,1.5
68,3453,1.5
68,3455,3.5
68,3456,4.5
68,3482,0.0
68,3494,1.5
68,3500,0.0
68,3509,5.0
68,3510,3.5
68,3527,0.5
68,3536,4.5
68,3539,4.5
68,3540,4.0
68,3542,5.0
68,3558,1.0
68,3563,2.5
68,3566,3.0
68,3568,0.0
68,3587,3.0
68,3592,2.0
68,3605,5.0
68,3608,4.0
68,3610,1.5
68,3619,5.0
68,3622,0.5
68,3644,5.0
68,3646,3.0
68,3657,0.0
68,3659,0.0
68,3661,3.0
68,3669,2.5
68,3675,2.0
68,3676,0.0
68,3693,4.5
68,3697,0.0
68,3701,2.0
68,3705,0.5
68,3712,3.0
68,3717,1.0
68,3735,1.0
68,3739,2.0
68,3741,1.0
68,3742,3.5
68,3744,5.0
68,3759,0.5
68,3762,0.5
68,3766,2.5
68,3780,5.0
68,3791,3.5
68,3792,2.0
68,3821,0.0
68,3843,2.5
68,3856,3.0
68,3859,4.5
68,3860,3.0
68,3861,1.5
68,3867,0.0
68,3874,0.0
68,3882,2.0
68,3884,0.5
68,3886,1.5
68,3891,4.5
68,3893,4.5
68,3894,1.5
68,3895,1.0
68,3903,0.5
68,3911,1.0
68,3938,2.0
68,3960,0.5
68,3981,2.0
68,3982,3.5
68,3994,2.5
68,3997,4.0
69,4,4.5
69,9,4.5
69,23,2.0
69,26,5.0
69,28,0.5
69,36,3.0
69,42,5.0
69,49,1.5
69,70,1.5
69,81,4.5
69,90,2.0
69,105,5.0
69,107,2.0
69,108,5.0
69,112,2.5
69,115,4.0
69,116,2.5
69,118,1.5
69,124,0.0
69,133,3.5
69,143,0.5
69,148,3.0
69,152,2.5
69,161,1.5
69,165,4.0
69,171,2.0
69,184,4.5
69,185,5.0
69,190,3.5
69,209,2.0
69,226,1.5
69,229,3.0
69,233,4.0
69,241,4.0
69,242,0.0
69,243,4.5
69,248,2.0
69,252,5.0
69,256,0.5
69,266,0.5
69,270,0.0
69,273,0.5
69,274,5.0
69,277,2.5
69,280,3.0
69,288,2.0
69,295,2.5
69,303,3.0
69,314,1.5
69,327,1.0
69,347,3.5
69,353,2.0
69,358,1.0
69,362,5.0
69,371,1.0
69,383,2.5
69,400,1.5
69,413,4.5
69,414,5.0
69,420,4.0
69,425,4.0
69,443,5.0
69,459,4.0
69,476,4.5
69,477,2.0
69,479,3.0
69,489,2.5
69,491,4.0
69,495,4.5
69,512,3.0
69,517,1.5
69,525,2.0
69,528,4.5
69,541,5.0
69,547,3.0
69,551,1.0
69,563,1.0
69,573,2.0
69,582,4.5
69,600,2.5
69,602,4.0
69,612,2.0
69,616,4.0
69,624,1.5
69,626,3.0
69,631,1.0
69,637,3.0
69,677,0.0
69,680,1.5
69,685,0.5
69,696,0.5
69,705,5.0
69,708,2.5
69,716,1.0
69,727,3.5
69,729,4.5
69,733,0.5
69,738,2.0
69,739,0.0
69,744,5.0
69,748,0.5
69,751,4.0
69,754,1.5
69,762,0.0
69,764,4.5
69,768,2.5
69,775,0.0
69,780,4.0
69,784,3.0
69,786,1.5
69,800,1.0
69,802,2.0
69,806,4.0
69,816,2.5
69,818,4.0
69,831,3.0
69,837,1.5
69,850,3.5
69,851,4.0
69,858,2.5
69,873,1.5
69,876,5.0
69,883,1.0
69,886,1.5
69,887,4.0
69,888,2.5
69,894,2.0
69,896,0.5
69,901,3.5
69,919,5.0
69,924,5.0
69,927,0.5
69,930,3.5
69,939,1.5
69,949,3.5
69,950,0.0
69,955,2.5
69,958,0.0
69,966,4.5
69,968,1.0
69,1002,5.0
69,1003,3.0
69,1004,3.5
69,1005,1.5
69,1019,5.0
69,1025,1.0
69,1035,2.0
69,1041,1.5
69,1049,3.5
69,1062,4.0
69,1063,5.0
69,1076,1.0
69,1086,3.5
69,1087,0.0
69,1100,0.0
69,1105,1.0
69,1110,2.0
69,1122,4.5
69,1132,4.0
69,1137,0.0
69,1145,3.0
69,1150,2.0
69,1162,2.0
69,1194,2.0
69,1197,0.0
69,1198,5.0
69,1199,4.5
69,1203,1.0
69,1206,3.0
69,1210,3.5
69,1218,3.0
69,1219,1.0
69,1223,2.0
69,1235,1.0
69,1240,5.0
69,1249,4.0
69,1250,5.0
69,1253,3.5
69,1261,1.0
69,1274,4.0
69,1278,2.0
69,1284,3.0
69,1286,1.0
69,1291,1.5
69,1292,0.5
69,1293,3.5
69,1302,5.0
69,1313,1.0
69,1316,0.5
69,1320,3.0
69,1329,3.5
69,1376,3.5
69,1383,4.5
69,1387,3.5
69,1395,1.5
69,1405,1.0
69,1416,3.5
69,1426,0.5
69,1427,4.0
69,1429,2.5
69,1437,4.0
69,1447,3.0
69,1455,0.5
69,1484,3.0
69,1491,3.0
69,1496,4.5
69,1501,3.0
69,1516,3.5
69,1520,1.5
69,1532,2.5
69,1538,1.5
69,1539,1.0
69,1540,2.0
69,1544,5.0
69,1574,0.0
69,1608,3.5
69,1609,4.5
69,1610,0.0
69,1615,0.0
69,1638,3.5
69,1639,2.0
69,1643,3.5
69,1649,2.0
69,1663,1.0
69,1666,0.5
69,1677,2.0
69,1680,1.5
69,1681,1.0
69,1688,4.5
69,1693,3.0
69,1694,4.5
69,1698,5.0
69,1699,1.5
69,1701,3.0
69,1710,4.5
69,1711,1.0
69,1727,1.5
69,1734,0.0
69,1735,1.0
69,1738,4.5
69,1740,4.0
69,1741,2.0
69,1751,2.5
69,1766,1.5
69,1770,1.5
69,1782,0.0
69,1800,4.5
69,1813,2.0
69,1816,1.5
69,1820,4.0
69,1823,0.0
69,1833,5.0
69,1838,1.0
69,1841,3.0
69,1846,3.0
69,1849,3.5
69,1850,0.5
69,1870,2.5
69,1880,3.0
69,1887,0.5
69,1900,2.5
69,1921,3.0
69,1940,3.0
69,1949,4.0
69,1951,5.0
69,1959,0.5
69,1970,0.5
69,1971,0.5
69,2011,3.0
69,2020,0.0
69,2023,2.5
69,2032,1.5
69,2036,2.0
69,2060,4.5
69,2069,0.0
69,2078,3.5
69,2084,2.0
69,2099,2.5
69,2102,1.0
69,2104,0.0
69,2109,1.0
69,2117,3.0
69,2118,3.0
69,2135,3.0
69,2164,5.0
69,2165,4.5
69,2174,2.5
69,2179,4.5
69,2202,0.5
69,2209,1.0
69,2216,2.0
69,2218,1.0
69,2219,3.0
69,2224,4.5
69,2228,1.0
69,2232,1.0
69,2254,4.5
69,2266,4.0
69,2275,0.5
69,2276,1.0
69,2280,2.0
69,2281,2.0
69,2289,1.0
69,2294,0.0
69,2295,3.0
69,2308,2.0
69,2334,0.0
69,2339,0.5
69,2343,5.0
69,2346,4.0
69,2351,1.0
69,2358,5.0
69,2363,3.5
69,2385,1.5
69,2387,0.0
69,2403,2.0
69,2409,4.0
69,2414,4.0
69,2417,3.0
69,2438,4.5
69,2456,3.0
69,2471,2.5
69,2472,5.0
69,2478,2.5
69,2482,4.5
69,2491,3.0
69,2495,0.0
69,2496,0.0
69,2525,2.0
69,2541,0.5
69,2556,1.5
69,2563,3.0
69,2577,2.0
69,2592,2.5
69,2595,3.5
69,2596,0.5
69,2597,1.5
69,2612,5.0
69,2633,4.5
69,2637,2.0
69,2650,3.5
69,2659,3.0
69,2667,1.5
69,2675,2.0
69,2676,1.0
69,2681,2.5
69,2682,5.0
69,2688,0.5
69,2697,2.5
69,2698,3.5
69,2699,4.5
69,2700,2.5
69,2712,3.0
69,2718,2.0
69,2730,2.5
69,2735,3.0
69,2743,2.0
69,2747,0.0
69,2748,0.0
69,2761,4.0
69,2763,5.0
69,2771,1.5
69,2780,1.5
69,2781,1.0
69,2785,1.5
69,2796,1.0
69,2802,5.0
69,2803,4.5
69,2804,4.5
69,2813,3.0
69,2829,2.5
69,2834,5.0
69,2849,2.5
69,2851,3.5
69,2860,4.5
69,2873,1.5
69,2877,1.5
69,2885,4.0
69,2890,4.0
69,2910,2.0
69,2912,0.5
69,2914,4.5
69,2916,0.5
69,2919,1.5
69,2941,4.0
69,2960,1.0
69,2962,2.5
69,2970,4.0
69,2975,2.5
69,2976,3.0
69,2977,5.0
69,2981,1.5
69,2992,1.0
69,2993,2.5
69,2995,0.0
69,3002,1.0
69,3016,5.0
69,3017,0.0
69,3029,4.0
69,3036,4.0
69,3041,5.0
69,3042,0.5
69,3043,2.0
69,3051,4.0
69,3053,5.0
69,3074,1.0
69,3076,3.0
69,3078,3.0
69,3102,1.5
69,3108,4.5
69,3109,0.5
69,3110,3.5
69,3114,3.5
69,3121,0.0
69,3122,3.0
69,3125,1.5
69,3128,5.0
69,3138,3.0
69,3142,2.5
69,3146,0.0
69,3150,4.0
69,3162,5.0
69,3166,4.0
69,3167,3.5
69,3169,2.5
69,3179,4.0
69,3191,2.0
69,3203,1.5
69,3209,0.0
69,3215,3.5
69,3223,5.0
69,3224,0.0
69,3232,2.5
69,3239,1.0
69,3247,3.0
69,3251,3.5
69,3256,3.5
69,3262,3.5
69,3263,1.0
69,3267,1.5
69,3289,1.5
69,3300,1.5
69,3305,2.0
69,3316,2.5
69,3319,4.5
69,3322,5.0
69,3324,2.0
69,3325,1.0
69,3347,4.0
69,3359,4.0
69,3361,5.0
69,3365,0.0
69,3367,1.5
69,3376,4.5
69,3383,4.0
69,3386,4.5
69,3406,2.5
69,3416,3.5
69,3423,2.5
69,3445,1.0
69,3448,5.0
69,3453,2.0
69,3455,1.5
69,3456,1.5
69,3465,3.0
69,3470,3.5
69,3482,0.5
69,3500,2.0
69,3507,0.0
69,3530,5.0
69,3536,2.5
69,3539,4.0
69,3558,4.0
69,3566,3.0
69,3581,4.0
69,3592,4.0
69,3599,4.0
69,3619,2.5
69,3627,1.0
69,3634,4.0
69,3644,3.5
69,3646,1.0
69,3648,0.0
69,3651,1.0
69,3658,4.0
69,3659,3.5
69,3661,3.5
69,3667,5.0
69,3669,2.5
69,3676,4.5
69,3683,4.0
69,3695,2.0
69,3697,3.5
69,3701,2.5
69,3705,4.5
69,3730,3.5
69,3732,2.5
69,3735,2.5
69,3739,3.5
69,3741,3.5
69,3742,3.5
69,3756,0.0
69,3762,2.0
69,3770,3.5
69,3780,4.5
69,3797,1.5
69,3812,5.0
69,3821,3.5
69,3822,3.5
69,3823,3.0
69,3841,2.0
69,3861,3.5
69,3867,5.0
69,3871,1.5
69,3886,4.0
69,3891,5.0
69,3893,5.0
69,3894,2.0
69,3911,2.5
69,3951,4.0
69,3960,4.5
69,3970,1.0
69,3981,0.5
69,3982,3.0
69,3986,2.0
69,3997,2.5
70,4,3.5
70,19,0.5
70,20,0.0
70,28,0.0
70,32,3.0
70,36,0.0
70,44,4.0
70,45,2.5
70,49,0.5
70,62,4.0
70,63,3.0
70,81,2.0
70,86,3.5
70,90,5.0
70,95,0.0
70,112,3.0
70,118,4.0
70,124,3.0
70,140,1.0
70,142,5.0
70,143,3.0
70,149,0.5
70,161,0.0
70,165,3.5
70,167,2.0
70,185,0.0
70,195,1.0
70,199,4.5
70,207,4.5
70,226,1.0
70,235,0.5
70,241,2.0
70,242,2.0
70,243,4.5
70,252,4.5
70,264,5.0
70,265,3.0
70,270,3.0
70,273,2.0
70,274,1.0
70,280,0.5
70,288,4.0
70,295,0.5
70,297,1.0
70,298,2.5
70,303,1.0
70,314,0.0
70,322,3.0
70,324,4.5
70,346,3.0
70,358,1.0
70,362,1.0
70,366,5.0
70,371,1.5
70,373,2.0
70,375,0.5
70,377,0.5
70,383,2.0
70,385,3.5
70,390,2.5
70,413,2.5
70,425,5.0
70,428,3.0
70,432,2.5
70,443,1.0
70,451,3.0
70,454,0.5
70,455,3.5
70,458,5.0
70,465,2.5
70,470,4.0
70,480,2.5
70,484,1.5
70,492,4.5
70,503,0.0
70,504,2.0
70,512,2.0
70,514,2.5
70,515,2.5
70,517,3.0
70,528,2.0
70,544,0.5
70,551,1.5
70,563,1.5
70,569,0.0
70,573,0.5
70,582,2.0
70,596,0.5
70,598,0.0
70,606,4.0
70,612,3.0
70,619,4.5
70,624,4.5
70,631,0.5
70,633,2.0
70,636,4.5
70,642,1.5
70,647,2.5
70,658,2.5
70,668,3.5
70,677,2.0
70,680,5.0
70,682,2.5
70,702,4.0
70,708,0.5
70,716,5.0
70,727,4.5
70,729,4.0
70,731,4.0
70,732,3.0
70,736,0.0
70,738,2.0
70,739,0.5
70,748,1.0
70,755,1.0
70,762,4.5
70,764,1.0
70,768,2.5
70,784,1.0
70,800,3.5
70,806,5.0
70,815,1.5
70,816,4.5
70,818,1.5
70,819,4.0
70,824,3.5
70,831,2.5
70,837,3.0
70,838,0.0
70,850,4.0
70,851,4.5
70,858,4.0
70,859,2.0
70,872,1.5
70,876,5.0
70,879,3.5
70,883,4.5
70,884,3.5
70,887,3.5
70,894,1.5
70,896,4.0
70,911,2.5
70,916,4.0
70,920,1.0
70,927,0.5
70,946,1.5
70,949,4.5
70,955,2.0
70,966,3.5
70,969,3.0
70,983,4.0
70,998,2.5
70,1004,5.0
70,1006,4.5
70,1008,1.5
70,1018,3.0
70,1025,2.5
70,1035,2.5
70,1039,0.0
70,1041,1.0
70,1047,2.0
70,1049,3.0
70,1057,0.5
70,1058,1.0
70,1062,4.5
70,1063,0.5
70,1082,5.0
70,1086,0.0
70,1087,3.5
70,1100,0.0
70,1114,3.0
70,1122,2.0
70,1128,4.0
70,1146,0.0
70,1150,2.0
70,1159,3.0
70,1161,0.5
70,1162,2.5
70,1166,1.0
70,1171,0.5
70,1180,3.0
70,1206,2.0
70,1208,0.5
70,1218,3.5
70,1223,2.0
70,1226,3.5
70,1240,2.5
70,1245,1.5
70,1249,2.0
70,1251,3.0
70,1253,0.5
70,1261,3.0
70,1278,2.0
70,1279,3.0
70,1280,1.5
70,1286,4.5
70,1293,0.0
70,1321,4.5
70,1328,3.0
70,1329,4.5
70,1334,1.5
70,1346,4.0
70,1352,0.5
70,1355,3.5
70,1373,5.0
70,1379,1.5
70,1386,4.0
70,1389,4.0
70,1401,0.5
70,1411,2.5
70,1437,4.0
70,1446,1.0
70,1447,1.5
70,1467,5.0
70,1475,0.0
70,1483,1.0
70,1484,2.5
70,1514,3.0
70,1515,4.5
70,1523,4.5
70,1532,0.5
70,1538,1.5
70,1542,3.0
70,1547,3.0
70,1561,4.5
70,1577,1.0
70,1589,0.0
70,1602,1.5
70,1608,5.0
70,1609,4.0
70,1616,4.0
70,1623,3.0
70,1624,1.0
70,1627,4.5
70,1628,4.0
70,1632,4.0
70,1635,3.0
70,1639,3.5
70,1654,2.0
70,1659,4.5
70,1663,5.0
70,1664,0.5
70,1666,0.0
70,1680,3.0
70,1682,5.0
70,1690,5.0
70,1693,2.0
70,1701,4.0
70,1703,3.5
70,1716,2.0
70,1722,2.0
70,1727,0.5
70,1734,2.0
70,1735,4.5
70,1737,1.5
70,1740,4.0
70,1754,2.5
70,1760,2.0
70,1763,1.5
70,1764,2.0
70,1766,3.0
70,1771,0.5
70,1781,2.0
70,1782,0.0
70,1783,2.0
70,1791,5.0
70,1800,1.0
70,1802,2.0
70,1808,1.5
70,1815,5.0
70,1818,3.0
70,1819,3.0
70,1820,4.0
70,1833,4.5
70,1842,2.5
70,1859,4.0
70,1865,4.0
70,1874,0.5
70,1880,0.5
70,1894,0.5
70,1900,3.0
70,1909,5.0
70,1913,0.0
70,1918,1.0
70,1936,2.5
70,1954,2.0
70,1959,2.5
70,1960,2.5
70,1963,0.5
70,1967,5.0
70,1969,1.5
70,1970,2.0
70,1991,4.0
70,1996,4.0
70,1997,2.5
70,2011,0.5
70,2018,1.0
70,2020,4.5
70,2025,2.5
70,2028,5.0
70,2032,2.0
70,2043,1.5
70,2055,3.0
70,2080,4.0
70,2083,5.0
70,2095,4.5
70,2102,2.0
70,2104,3.0
70,2118,4.5
70,2119,5.0
70,2134,3.0
70,2142,3.5
70,2143,2.0
70,2146,2.0
70,2164,0.5
70,2165,1.0
70,2174,0.5
70,2181,1.5
70,2195,2.5
70,2199,2.0
70,2218,4.5
70,2222,4.5
70,2224,5.0
70,2228,2.5
70,2231,5.0
70,2257,4.0
70,2261,4.0
70,2271,1.0
70,2272,0.5
70,2276,3.0
70,2285,2.0
70,2289,0.0
70,2292,2.0
70,2295,3.0
70,2297,1.5
70,2298,0.0
70,2304,2.5
70,2314,1.0
70,2317,4.0
70,2329,4.5
70,2334,4.5
70,2337,0.5
70,2343,1.5
70,2346,4.5
70,2367,0.0
70,2385,4.0
70,2409,5.0
70,2410,4.0
70,2411,4.5
70,2417,2.0
70,2425,0.5
70,2426,1.5
70,2431,1.5
70,2432,4.5
70,2436,1.0
70,2438,2.0
70,2444,4.5
70,2446,2.5
70,2469,1.0
70,2470,0.0
70,2471,3.5
70,2472,3.5
70,2478,1.0
70,2482,3.0
70,2491,1.0
70,2492,1.5
70,2503,2.5
70,2525,4.0
70,2541,2.5
70,2556,1.5
70,2559,1.0
70,2588,4.5
70,2592,2.0
70,2596,2.0
70,2597,4.5
70,2601,1.0
70,2616,3.5
70,2623,3.0
70,2625,1.0
70,2626,0.0
70,2637,0.0
70,2638,2.0
70,2653,1.5
70,2659,3.0
70,2667,5.0
70,2679,2.5
70,2681,3.5
70,2686,4.0
70,2688,4.0
70,2697,2.0
70,2698,2.0
70,2718,1.0
70,2735,0.0
70,2743,4.5
70,2744,4.5
70,2747,0.0
70,2752,2.0
70,2757,5.0
70,2758,1.0
70,2763,3.5
70,2780,3.0
70,2785,1.0
70,2796,3.5
70,2799,3.0
70,2804,2.5
70,2809,3.0
70,2813,1.5
70,2818,0.5
70,2825,0.0
70,2829,4.5
70,2834,1.5
70,2842,0.5
70,2851,2.0
70,2864,1.0
70,2866,2.0
70,2867,5.0
70,2873,5.0
70,2874,1.0
70,2893,1.5
70,2902,4.0
70,2910,2.5
70,2912,0.0
70,2914,1.5
70,2919,1.0
70,2924,4.5
70,2933,1.5
70,2934,0.5
70,2936,3.0
70,2953,3.5
70,2954,0.5
70,2958,1.5
70,2970,1.5
70,2975,1.5
70,2976,3.5
70,2977,2.0
70,2989,3.5
70,2992,1.5
70,2995,1.0
70,3008,3.5
70,3017,3.0
70,3033,4.0
70,3036,1.0
70,3043,2.0
70,3054,0.5
70,3055,4.5
70,3074,4.0
70,3078,5.0
70,3106,2.5
70,3108,3.5
70,3109,2.5
70,3114,4.5
70,3117,1.0
70,3119,3.0
70,3121,1.0
70,3125,3.0
70,3126,2.0
70,3133,2.5
70,3155,0.5
70,3158,0.5
70,3168,4.0
70,3184,1.5
70,3206,5.0
70,3209,1.5
70,3222,1.0
70,3237,2.5
70,3242,3.5
70,3256,1.0
70,3263,3.0
70,3275,4.5
70,3282,3.0
70,3289,1.5
70,3297,1.0
70,3298,2.5
70,3300,4.5
70,3307,1.0
70,3310,4.0
70,3319,4.0
70,3321,0.5
70,3323,0.5
70,3324,4.5
70,3325,3.0
70,3335,2.5
70,3342,1.5
70,3347,1.5
70,3355,3.5
70,3359,4.0
70,3383,1.5
70,3384,2.5
70,3386,2.5
70,3392,1.0
70,3396,2.0
70,3401,0.0
70,3406,3.5
70,3410,0.0
70,3416,1.0
70,3428,1.5
70,3446,0.5
70,3448,4.5
70,3470,1.5
70,3494,0.0
70,3509,2.0
70,3515,1.5
70,3521,2.0
70,3532,4.5
70,3533,0.5
70,3566,2.5
70,3572,2.5
70,3578,5.0
70,3581,3.0
70,3592,5.0
70,3622,4.5
70,3624,1.5
70,3627,0.5
70,3634,2.5
70,3639,4.5
70,3640,0.0
70,3647,4.5
70,3651,0.5
70,3667,5.0
70,3693,2.0
70,3730,4.5
70,3732,4.5
70,3735,2.0
70,3739,2.0
70,3740,3.0
70,3742,4.0
70,3750,4.5
70,3756,0.5
70,3759,5.0
70,3766,1.5
70,3770,2.5
70,3781,4.5
70,3791,5.0
70,3793,0.0
70,3797,2.0
70,3823,1.0
70,3836,1.0
70,3860,4.5
70,3881,2.5
70,3882,5.0
70,3884,4.0
70,3895,0.5
70,3907,1.5
70,3918,3.5
70,3957,1.5
70,3960,2.5
70,3983,5.0
70,3986,2.0
70,3987,1.0
70,3994,3.0
70,3997,2.0
71,6,2.5
71,9,3.0
71,11,3.0
71,19,4.5
71,20,1.0
71,26,5.0
71,28,3.5
71,55,2.5
71,62,0.5
71,70,5.0
71,90,5.0
71,95,1.0
71,105,2.0
71,108,1.0
71,115,2.0
71,118,4.5
71,124,4.5
71,143,0.0
71,165,4.5
71,171,3.0
71,185,0.0
71,190,1.0
71,195,0.5
71,199,4.0
71,203,0.5
71,207,1.0
71,226,3.5
71,244,5.0
71,248,3.5
71,250,2.5
71,264,2.0
71,265,2.5
71,270,0.0
71,274,3.0
71,275,4.0
71,277,1.5
71,280,5.0
71,288,4.0
71,297,0.0
71,298,0.0
71,303,4.5
71,314,5.0
71,319,1.0
71,327,0.5
71,349,2.5
71,353,2.5
71,358,0.0
71,362,4.5
71,371,0.0
71,375,5.0
71,389,1.0
71,401,1.5
71,411,3.0
71,414,1.0
71,420,2.5
71,437,1.0
71,443,3.5
71,455,2.5
71,457,0.0
71,458,0.0
71,459,0.0
71,466,3.0
71,470,3.0
71,477,3.0
71,478,1.5
71,503,4.5
71,517,5.0
71,525,4.0
71,528,3.0
71,538,5.0
71,541,3.0
71,569,0.0
71,573,0.0
71,576,1.0
71,598,1.5
71,600,4.5
71,602,4.5
71,616,4.5
71,618,1.0
71,622,0.5
71,624,3.5
71,625,0.5
71,632,0.5
71,633,0.5
71,636,2.5
71,642,3.5
71,643,3.0
71,646,0.0
71,658,3.5
71,668,3.5
71,681,2.0
71,682,0.5
71,697,0.0
71,699,0.0
71,702,4.5
71,705,0.5
71,708,4.0
71,731,4.0
71,733,3.0
71,736,0.5
71,738,3.0
71,754,1.0
71,761,1.5
71,762,2.0
71,775,3.5
71,778,4.0
71,780,1.5
71,786,2.5
71,789,1.5
71,800,3.5
71,814,4.5
71,816,0.5
71,818,4.0
71,834,3.0
71,851,0.0
71,883,3.0
71,884,1.5
71,885,3.5
71,889,5.0
71,904,0.5
71,919,1.5
71,924,2.5
71,937,0.5
71,950,0.0
71,958,0.0
71,987,1.0
71,1003,1.0
71,1005,3.0
71,1013,4.5
71,1021,0.0
71,1028,0.0
71,1035,2.0
71,1039,4.5
71,1041,1.0
71,1047,1.5
71,1057,4.5
71,1063,4.5
71,1076,4.5
71,1087,5.0
71,1091,2.5
71,1101,0.5
71,1111,3.5
71,1114,2.0
71,1122,2.0
71,1129,5.0
71,1180,4.5
71,1194,2.0
71,1197,2.5
71,1199,1.5
71,1203,3.5
71,1204,3.0
71,1206,1.5
71,1208,1.5
71,1210,4.5
71,1213,1.0
71,1228,4.0
71,1251,4.5
71,1261,2.0
71,1286,3.5
71,1292,5.0
71,1308,4.0
71,1313,1.5
71,1320,2.5
71,1321,3.5
71,1333,5.0
71,1334,5.0
71,1342,1.0
71,1346,4.5
71,1351,0.0
71,1352,1.0
71,1355,0.5
71,1371,0.0
71,1376,0.5
71,1386,4.0
71,1387,2.0
71,1395,3.5
71,1411,0.0
71,1421,2.5
71,1423,0.0
71,1427,4.5
71,1431,2.5
71,1442,2.0
71,1444,5.0
71,1446,0.5
71,1447,3.0
71,1463,4.5
71,1467,0.5
71,1483,4.5
71,1484,5.0
71,1496,0.0
71,1518,2.0
71,1531,4.0
71,1532,3.0
71,1542,0.0
71,1547,3.5
71,1562,0.0
71,1577,1.0
71,1589,4.5
71,1601,2.0
71,1608,0.0
71,1610,2.5
71,1615,4.5
71,1616,3.0
71,1623,1.0
71,1635,3.0
71,1638,2.0
71,1647,5.0
71,1649,1.0
71,1659,1.5
71,1664,3.0
71,1666,1.0
71,1676,1.5
71,1682,5.0
71,1688,1.0
71,1690,4.0
71,1694,1.5
71,1696,0.0
71,1698,4.5
71,1699,4.0
71,1701,1.0
71,1703,1.5
71,1716,1.5
71,1717,3.5
71,1722,0.5
71,1724,3.5
71,1734,2.0
71,1735,2.0
71,1738,3.0
71,1741,0.5
71,1745,0.5
71,1751,3.0
71,1754,4.5
71,1758,1.5
71,1760,4.5
71,1763,3.5
71,1770,4.5
71,1771,2.0
71,1781,4.5
71,1783,1.0
71,1800,0.0
71,1802,0.0
71,1808,2.0
71,1815,5.0
71,1816,1.0
71,1818,2.5
71,1819,1.5
71,1832,3.5
71,1833,3.0
71,1846,1.0
71,1847,0.5
71,1849,3.5
71,1855,3.5
71,1859,5.0
71,1866,1.0
71,1874,3.5
71,1878,4.5
71,1880,3.5
71,1894,4.0
71,1900,1.5
71,1912,4.5
71,1918,3.5
71,1920,1.0
71,1928,3.0
71,1936,3.5
71,1960,0.0
71,1963,4.5
71,1967,3.5
71,1970,0.0
71,1971,2.5
71,1991,4.5
71,1995,4.5
71,1997,3.5
71,2011,0.5
71,2018,4.0
71,2023,3.5
71,2030,0.0
71,2040,2.5
71,2044,0.5
71,2055,3.0
71,2056,5.0
71,2059,2.0
71,2060,0.5
71,2071,3.0
71,2083,1.5
71,2095,1.5
71,2102,2.5
71,2104,3.0
71,2105,3.5
71,2119,5.0
71,2144,1.5
71,2160,5.0
71,2163,0.0
71,2165,4.0
71,2166,3.5
71,2179,2.0
71,2190,3.0
71,2202,3.5
71,2209,0.0
71,2220,1.5
71,2222,0.5
71,2228,0.5
71,2232,3.5
71,2246,1.0
71,2271,1.0
71,2272,3.5
71,2276,3.0
71,2278,3.5
71,2288,1.5
71,2304,0.5
71,2314,0.0
71,2317,2.0
71,2319,0.0
71,2320,0.5
71,2329,2.5
71,2348,3.0
71,2351,2.5
71,2353,3.5
71,2368,3.0
71,2385,1.0
71,2387,1.5
71,2403,4.5
71,2411,4.0
71,2416,4.0
71,2417,3.0
71,2446,0.5
71,2452,3.5
71,2470,2.0
71,2478,3.0
71,2493,4.5
71,2497,0.0
71,2503,3.0
71,2508,5.0
71,2512,4.5
71,2525,1.5
71,2541,5.0
71,2543,2.5
71,2559,0.0
71,2563,1.5
71,2574,0.5
71,2588,4.0
71,2589,2.5
71,2597,2.0
71,2604,0.5
71,2614,3.5
71,2616,1.0
71,2619,3.0
71,2626,4.5
71,2653,1.0
71,2667,0.0
71,2675,2.5
71,2676,4.5
71,2679,1.0
71,2681,2.5
71,2699,1.5
71,2700,2.5
71,2712,2.0
71,2735,3.5
71,2755,1.5
71,2758,4.0
71,2763,0.0
71,2767,1.5
71,2771,0.5
71,2780,4.5
71,2794,1.0
71,2802,3.5
71,2803,3.5
71,2804,3.5
71,2809,3.5
71,2812,0.0
71,2813,0.0
71,2842,3.5
71,2858,0.5
71,2860,3.0
71,2866,0.0
71,2867,1.0
71,2876,2.0
71,2877,1.0
71,2885,0.5
71,2890,3.5
71,2893,4.0
71,2914,4.0
71,2916,5.0
71,2919,2.0
71,2924,1.5
71,2926,4.5
71,2932,0.0
71,2936,2.0
71,2941,5.0
71,2962,4.5
71,2970,4.0
71,2976,4.5
71,2992,2.0
71,3002,5.0
71,3014,2.5
71,3016,1.0
71,3026,5.0
71,3033,3.5
71,3039,0.5
71,3041,0.0
71,3044,3.0
71,3046,2.0
71,3050,4.0
71,3053,1.5
71,3054,4.5
71,3055,2.5
71,3093,1.0
71,3101,3.5
71,3104,0.0
71,3113,3.5
71,3119,4.5
71,3121,0.5
71,3125,2.5
71,3126,0.0
71,3146,0.0
71,3154,3.0
71,3155,4.0
71,3162,3.5
71,3166,4.0
71,3167,5.0
71,3194,4.0
71,3198,4.5
71,3201,2.5
71,3203,5.0
71,3208,4.0
71,3209,0.5
71,3210,5.0
71,3239,1.0
71,3251,0.0
71,3262,5.0
71,3280,3.5
71,3284,2.0
71,3298,3.5
71,3305,0.0
71,3307,2.0
71,3311,2.5
71,3313,3.5
71,3322,0.0
71,3324,1.5
71,3325,5.0
71,3342,5.0
71,3345,0.5
71,3350,0.0
71,3356,2.0
71,3361,3.5
71,3365,5.0
71,3367,2.5
71,3370,2.0
71,3375,0.0
71,3384,4.0
71,3389,3.0
71,3392,4.5
71,3402,4.5
71,3418,2.0
71,3445,2.0
71,3446,3.0
71,3447,5.0
71,3453,5.0
71,3465,2.0
71,3487,4.0
71,3495,3.5
71,3500,0.0
71,3509,2.5
71,3521,3.0
71,3527,3.5
71,3530,1.0
71,3536,3.0
71,3542,3.5
71,3548,5.0
71,3554,1.0
71,3555,5.0
71,3558,1.0
71,3563,1.5
71,3568,1.0
71,3572,1.5
71,3580,1.0
71,3581,4.5
71,3587,4.0
71,3622,1.0
71,3624,0.0
71,3629,4.0
71,3646,0.5
71,3648,2.5
71,3658,0.0
71,3667,4.5
71,3669,2.5
71,3675,4.5
71,3695,0.0
71,3701,2.0
71,3703,4.0
71,3705,2.0
71,3712,4.5
71,3717,4.0
71,3732,4.0
71,3756,1.0
71,3759,5.0
71,3766,1.5
71,3767,4.5
71,3773,1.0
71,3791,2.5
71,3792,2.5
71,3812,3.5
71,3821,4.0
71,3823,0.5
71,3841,2.0
71,3843,5.0
71,3852,0.5
71,3856,4.0
71,3860,2.5
71,3865,3.0
71,3873,4.0
71,3875,5.0
71,3889,4.0
71,3894,2.0
71,3906,4.0
71,3911,4.5
71,3918,1.5
71,3938,0.0
71,3957,4.5
71,3960,0.5
71,3970,1.0
71,3986,3.5
71,3987,0.5
71,3994,3.0
71,3997,3.5
72,6,1.5
72,9,3.0
72,11,2.5
72,19,1.5
72,20,0.5
72,26,4.5
72,28,1.0
72,32,1.0
72,44,2.0
72,45,2.0
72,55,4.0
72,62,4.0
72,68,3.0
72,70,4.0
72,76,4.5
72,87,3.5
72,95,1.0
72,112,2.5
72,115,5.0
72,118,2.5
72,124,0.5
72,140,4.0
72,142,2.5
72,143,2.0
72,149,0.0
72,152,4.0
72,165,3.0
72,184,1.5
72,190,2.0
72,199,1.5
72,203,2.0
72,215,4.5
72,235,5.0
72,241,0.5
72,250,5.0
72,269,2.0
72,273,1.5
72,275,0.0
72,280,5.0
72,288,0.0
72,295,0.5
72,324,3.5
72,327,2.0
72,336,4.5
72,347,3.0
72,353,4.5
72,358,2.0
72,362,0.0
72,366,1.5
72,371,0.0
72,375,0.5
72,385,5.0
72,389,4.0
72,390,5.0
72,409,0.5
72,413,5.0
72,421,4.0
72,428,3.0
72,443,4.0
72,451,5.0
72,454,0.0
72,455,4.0
72,457,3.0
72,465,3.5
72,470,3.5
72,478,1.5
72,479,4.5
72,489,5.0
72,495,2.0
72,503,2.5
72,504,4.0
72,509,2.5
72,514,4.0
72,515,0.5
72,521,5.0
72,525,0.5
72,540,1.5
72,544,3.0
72,551,1.0
72,563,3.5
72,566,2.0
72,573,4.0
72,582,3.5
72,596,1.0
72,598,0.0
72,602,0.0
72,612,2.0
72,616,3.0
72,618,1.0
72,619,1.5
72,624,1.0
72,626,1.5
72,631,3.5
72,636,4.5
72,643,2.0
72,651,3.0
72,658,1.0
72,669,2.0
72,673,0.0
72,679,1.5
72,680,5.0
72,682,2.5
72,696,1.0
72,705,0.5
72,708,0.5
72,716,1.0
72,731,1.0
72,733,1.0
72,736,2.5
72,739,3.0
72,749,5.0
72,755,0.0
72,768,1.0
72,778,0.0
72,780,3.0
72,784,2.0
72,800,5.0
72,818,0.0
72,819,0.5
72,824,2.5
72,838,3.5
72,851,0.0
72,872,2.5
72,879,2.0
72,883,4.5
72,888,2.5
72,889,4.0
72,894,5.0
72,896,0.5
72,919,1.5
72,930,1.5
72,937,1.0
72,939,2.5
72,950,1.0
72,955,1.5
72,967,2.0
72,972,5.0
72,976,1.0
72,998,3.0
72,1005,3.0
72,1008,0.0
72,1018,4.5
72,1025,4.5
72,1039,5.0
72,1068,5.0
72,1076,0.0
72,1087,4.0
72,1100,3.0
72,1105,0.0
72,1111,5.0
72,1112,0.0
72,1129,0.5
72,1145,2.0
72,1150,0.0
72,1171,0.0
72,1183,3.0
72,1197,2.5
72,1198,2.0
72,1210,4.0
72,1215,5.0
72,1223,1.0
72,1228,0.0
72,1235,1.0
72,1249,5.0
72,1279,3.0
72,1284,3.5
72,1291,0.5
72,1293,4.0
72,1302,1.5
72,1308,5.0
72,1309,0.5
72,1315,1.0
72,1329,4.0
72,1352,4.0
72,1365,0.5
72,1373,5.0
72,1376,1.5
72,1379,4.5
72,1383,1.0
72,1386,3.0
72,1389,1.5
72,1402,0.5
72,1410,2.0
72,1411,0.5
72,1416,3.5
72,1421,4.0
72,1429,5.0
72,1444,0.0
72,1467,2.0
72,1484,0.5
72,1496,2.0
72,1501,1.5
72,1515,3.5
72,1516,0.5
72,1518,0.0
72,1532,4.5
72,1547,0.0
72,1561,2.5
72,1562,1.0
72,1574,3.0
72,1588,1.0
72,1589,4.5
72,1601,3.5
72,1608,4.5
72,1609,0.5
72,1610,3.0
72,1622,2.5
72,1623,1.5
72,1638,4.5
72,1639,2.5
72,1647,2.0
72,1653,1.5
72,1663,0.0
72,1664,3.5
72,1666,3.0
72,1672,2.5
72,1676,2.0
72,1690,1.5
72,1694,4.5
72,1699,1.5
72,1701,4.5
72,1703,3.5
72,1710,1.0
72,1738,5.0
72,1740,3.5
72,1750,1.0
72,1751,2.0
72,1754,0.0
72,1766,0.0
72,1782,2.0
72,1791,0.0
72,1800,5.0
72,1802,0.0
72,1815,3.0
72,1817,0.5
72,1832,2.5
72,1842,1.0
72,1850,1.0
72,1855,2.0
72,1865,0.0
72,1866,2.5
72,1880,0.5
72,1887,3.5
72,1894,5.0
72,1900,4.5
72,1909,1.5
72,1918,3.5
72,1939,3.0
72,1951,3.5
72,1960,0.0
72,1971,0.5
72,1988,1.0
72,1991,2.5
72,1995,1.5
72,1996,2.0
72,2011,4.5
72,2025,1.0
72,2028,3.0
72,2030,1.0
72,2032,0.5
72,2036,2.0
72,2060,1.5
72,2062,0.0
72,2071,3.0
72,2084,2.0
72,2087,1.0
72,2095,3.5
72,2099,2.0
72,2102,0.0
72,2104,1.0
72,2105,4.0
72,2109,4.5
72,2114,5.0
72,2117,2.5
72,2118,1.5
72,2119,1.5
72,2146,4.5
72,2160,4.0
72,2163,0.0
72,2165,0.0
72,2173,1.0
72,2174,2.0
72,2179,2.5
72,2181,1.5
72,2190,1.5
72,2195,1.0
72,2199,4.0
72,2209,4.5
72,2216,3.5
72,2218,4.5
72,2220,3.5
72,2231,1.5
72,2257,2.0
72,2261,5.0
72,2266,3.5
72,2271,4.0
72,2272,3.5
72,2280,3.5
72,2288,2.0
72,2294,2.0
72,2297,5.0
72,2298,4.0
72,2310,2.5
72,2314,2.5
72,2317,1.0
72,2320,2.0
72,2334,2.5
72,2337,0.0
72,2343,2.5
72,2346,2.0
72,2348,4.5
72,2353,4.5
72,2382,1.5
72,2385,4.0
72,2387,3.5
72,2394,2.0
72,2403,4.0
72,2411,2.5
72,2426,1.5
72,2432,5.0
72,2436,0.5
72,2438,0.0
72,2446,5.0
72,2456,1.0
72,2470,4.5
72,2472,4.5
72,2492,0.0
72,2495,5.0
72,2499,1.0
72,2544,0.0
72,2553,2.0
72,2574,1.0
72,2588,2.0
72,2604,4.5
72,2614,1.5
72,2616,3.5
72,2619,2.0
72,2626,4.5
72,2633,4.0
72,2638,2.5
72,2649,2.5
72,2659,3.0
72,2697,2.0
72,2699,4.5
72,2700,4.5
72,2718,1.0
72,2730,5.0
72,2744,2.0
72,2748,3.0
72,2758,1.5
72,2761,2.5
72,2763,2.5
72,2767,5.0
72,2771,3.5
72,2779,1.5
72,2780,3.5
72,2785,2.5
72,2799,5.0
72,2803,5.0
72,2818,2.5
72,2828,5.0
72,2837,2.0
72,2849,3.5
72,2851,2.0
72,2873,4.5
72,2874,4.0
72,2902,2.0
72,2912,3.5
72,2926,4.5
72,2951,2.0
72,2955,4.0
72,2958,4.5
72,2960,1.0
72,2962,0.0
72,2970,1.0
72,2981,5.0
72,2992,5.0
72,2993,3.5
72,3002,2.5
72,3017,2.0
72,3026,2.0
72,3029,3.5
72,3039,2.0
72,3041,0.0
72,3042,3.0
72,3043,1.0
72,3047,0.5
72,3050,1.0
72,3053,3.0
72,3055,5.0
72,3080,1.5
72,3093,0.5
72,3108,4.0
72,3110,4.5
72,3116,2.5
72,3125,4.0
72,3134,3.0
72,3142,4.0
72,3146,2.5
72,3147,5.0
72,3150,2.5
72,3154,2.5
72,3155,4.5
72,3162,4.5
72,3179,2.0
72,3184,3.0
72,3194,1.0
72,3198,5.0
72,3206,3.5
72,3209,2.5
72,3215,2.5
72,3222,5.0
72,3226,4.5
72,3232,2.5
72,3237,5.0
72,3239,0.5
72,3242,2.0
72,3247,4.0
72,3252,0.5
72,3255,2.5
72,3262,3.0
72,3267,2.0
72,3272,0.5
72,3278,0.0
72,3280,2.5
72,3282,4.5
72,3284,5.0
72,3297,0.0
72,3300,0.5
72,3305,1.5
72,3307,1.0
72,3316,0.5
72,3321,1.0
72,3322,0.0
72,3323,1.0
72,3324,3.5
72,3328,4.5
72,3335,0.5
72,3345,0.5
72,3347,4.5
72,3350,4.0
72,3356,2.0
72,3359,3.5
72,3361,0.5
72,3367,2.0
72,3383,4.5
72,3384,3.5
72,3389,3.5
72,3413,4.0
72,3414,3.0
72,3423,1.5
72,3428,0.0
72,3445,4.0
72,3446,1.0
72,3448,1.0
72,3458,3.0
72,3482,1.5
72,3494,1.0
72,3503,2.5
72,3510,2.0
72,3533,0.5
72,3540,2.5
72,3558,2.5
72,3563,0.0
72,3566,4.5
72,3568,4.5
72,3572,1.0
72,3580,4.5
72,3581,2.5
72,3599,3.0
72,3605,1.5
72,3608,1.5
72,3619,5.0
72,3624,1.5
72,3627,3.0
72,3629,1.0
72,3634,3.0
72,3648,5.0
72,3651,0.0
72,3659,3.0
72,3667,5.0
72,3669,4.5
72,3675,1.0
72,3683,1.5
72,3697,2.5
72,3701,0.0
72,3703,4.5
72,3712,5.0
72,3717,2.0
72,3739,1.5
72,3741,3.0
72,3744,5.0
72,3756,3.0
72,3761,3.0
72,3762,1.0
72,3766,1.0
72,3767,0.0
72,3780,0.5
72,3781,3.5
72,3791,3.5
72,3792,0.5
72,3793,4.0
72,3797,3.0
72,3822,5.0
72,3823,3.5
72,3836,1.5
72,3841,1.0
72,3850,4.0
72,3856,3.5
72,3865,0.0
72,3873,2.0
72,3881,3.5
72,3882,5.0
72,3884,4.0
72,3894,1.5
72,3903,1.0
72,3907,0.5
72,3911,4.5
72,3951,1.5
72,3965,3.5
72,3981,1.0
72,3994,0.0
72,3997,3.0
73,4,0.0
73,19,3.5
73,32,0.0
73,34,1.0
73,36,3.5
73,44,3.0
73,45,4.0
73,49,2.5
73,62,2.0
73,64,1.5
73,68,5.0
73,86,2.5
73,107,1.0
73,108,1.5
73,112,2.0
73,116,2.5
73,143,5.0
73,165,4.0
73,171,4.5
73,185,0.5
73,199,2.5
73,203,1.5
73,207,4.0
73,215,2.0
73,226,1.0
73,229,2.0
73,235,3.5
73,241,3.0
73,242,3.5
73,244,4.5
73,264,4.0
73,270,5.0
73,273,0.0
73,277,3.5
73,280,3.0
73,303,0.5
73,314,5.0
73,319,1.5
73,327,2.0
73,346,4.0
73,349,5.0
73,366,4.5
73,389,5.0
73,400,5.0
73,413,3.0
73,414,3.0
73,421,0.5
73,425,3.0
73,428,4.0
73,432,0.0
73,444,1.5
73,451,1.0
73,454,4.0
73,458,4.5
73,459,5.0
73,466,3.0
73,491,2.5
73,509,2.5
73,512,2.0
73,525,0.5
73,534,3.0
73,540,1.0
73,541,0.0
73,563,3.0
73,566,1.5
73,569,3.5
73,576,3.5
73,602,1.5
73,612,1.5
73,616,4.0
73,622,4.5
73,624,3.0
73,625,4.0
73,626,2.5
73,631,3.0
73,633,4.0
73,636,5.0
73,637,4.0
73,642,0.0
73,646,2.5
73,658,0.0
73,669,1.0
73,673,1.5
73,677,5.0
73,679,1.5
73,681,3.0
73,702,4.5
73,708,2.5
73,727,0.0
73,729,5.0
73,731,2.5
73,737,5.0
73,738,1.0
73,749,5.0
73,755,1.5
73,761,5.0
73,764,1.5
73,768,1.0
73,778,2.0
73,786,2.5
73,788,3.0
73,789,0.5
73,806,1.5
73,816,5.0
73,818,1.0
73,824,5.0
73,830,2.0
73,834,1.0
73,837,2.0
73,850,4.0
73,859,0.0
73,873,1.0
73,883,4.0
73,884,5.0
73,886,3.0
73,896,0.5
73,904,0.0
73,911,2.0
73,916,0.0
73,920,0.5
73,930,4.0
73,937,4.0
73,939,3.5
73,941,2.0
73,949,5.0
73,950,2.0
73,966,4.0
73,967,1.5
73,976,3.5
73,977,1.5
73,983,1.0
73,998,4.0
73,1002,0.5
73,1003,4.0
73,1004,2.0
73,1005,4.5
73,1008,3.0
73,1013,0.5
73,1019,1.0
73,1049,1.5
73,1057,2.5
73,1076,3.5
73,1091,1.0
73,1105,0.5
73,1111,3.0
73,1112,4.0
73,1114,0.5
73,1122,4.0
73,1128,4.0
73,1132,2.0
73,1137,3.5
73,1150,0.5
73,1171,0.5
73,1180,5.0
73,1183,3.5
73,1198,0.0
73,1204,3.5
73,1210,1.5
73,1218,2.0
73,1245,0.5
73,1250,4.5
73,1251,4.5
73,1258,0.5
73,1264,4.5
73,1278,5.0
73,1282,3.0
73,1284,0.0
73,1286,0.0
73,1291,1.0
73,1293,3.5
73,1302,5.0
73,1316,4.5
73,1321,0.0
73,1328,3.5
73,1346,4.5
73,1351,4.0
73,1352,3.5
73,1355,1.5
73,1358,0.5
73,1365,4.0
73,1371,1.0
73,1373,2.0
73,1376,3.5
73,1387,0.5
73,1389,0.0
73,1395,1.0
73,1405,3.0
73,1410,4.0
73,1412,5.0
73,1416,2.0
73,1431,1.0
73,1444,1.5
73,1447,3.0
73,1455,4.5
73,1480,4.5
73,1491,3.0
73,1500,0.5
73,1501,4.5
73,1514,1.0
73,1518,2.5
73,1532,2.5
73,1539,4.0
73,1540,4.5
73,1544,3.0
73,1547,0.0
73,1561,0.0
73,1562,3.0
73,1577,3.0
73,1589,2.0
73,1609,2.5
73,1610,2.5
73,1615,3.5
73,1616,2.5
73,1622,4.5
73,1623,3.0
73,1624,3.0
73,1628,4.5
73,1630,5.0
73,1638,4.0
73,1647,4.0
73,1649,3.5
73,1653,3.0
73,1654,1.0
73,1664,4.5
73,1666,1.0
73,1672,3.0
73,1688,2.5
73,1690,3.5
73,1701,1.5
73,1703,0.0
73,1711,3.5
73,1716,3.5
73,1717,2.0
73,1722,4.0
73,1737,3.5
73,1760,3.0
73,1764,4.5
73,1766,3.5
73,1770,2.0
73,1771,2.0
73,1779,4.5
73,1782,2.5
73,1791,2.0
73,1800,4.5
73,1813,3.0
73,1816,5.0
73,1817,2.0
73,1818,4.5
73,1820,4.0
73,1823,3.5
73,1832,4.5
73,1841,3.5
73,1842,3.0
73,1847,4.5
73,1850,1.0
73,1859,3.5
73,1865,4.5
73,1874,2.5
73,1913,1.5
73,1920,2.5
73,1921,2.5
73,1928,5.0
73,1951,0.5
73,1959,0.5
73,1960,1.0
73,1963,1.0
73,1967,2.5
73,1969,0.0
73,1995,0.5
73,1997,4.5
73,2011,3.0
73,2020,0.0
73,2023,3.5
73,2032,3.5
73,2036,0.5
73,2043,1.0
73,2055,1.0
73,2056,3.5
73,2059,5.0
73,2062,4.0
73,2080,2.0
73,2084,1.5
73,2087,3.5
73,2095,2.0
73,2096,4.5
73,2109,3.0
73,2114,2.5
73,2118,2.5
73,2119,3.5
73,2134,1.5
73,2142,2.0
73,2143,2.0
73,2146,1.5
73,2160,4.5
73,2163,2.0
73,2165,1.5
73,2174,4.5
73,2179,2.5
73,2181,1.0
73,2190,0.5
73,2195,5.0
73,2202,3.0
73,2216,1.5
73,2220,2.5
73,2240,2.0
73,2242,5.0
73,2257,0.5
73,2273,2.5
73,2295,0.5
73,2297,4.0
73,2304,0.0
73,2306,4.0
73,2308,0.0
73,2310,3.5
73,2314,1.0
73,2317,2.0
73,2320,5.0
73,2346,5.0
73,2351,0.5
73,2359,1.0
73,2368,5.0
73,2382,2.5
73,2385,5.0
73,2387,1.5
73,2403,5.0
73,2409,2.0
73,2410,0.5
73,2425,2.5
73,2426,2.0
73,2432,0.5
73,2438,1.5
73,2444,2.5
73,2446,3.5
73,2452,5.0
73,2456,1.0
73,2472,5.0
73,2478,2.5
73,2492,3.0
73,2493,4.0
73,2495,5.0
73,2499,3.0
73,2503,1.5
73,2512,2.0
73,2543,0.5
73,2544,4.5
73,2553,0.5
73,2563,1.0
73,2577,3.5
73,2592,2.0
73,2595,2.0
73,2596,3.0
73,2597,2.0
73,2601,4.5
73,2604,5.0
73,2614,0.5
73,2619,3.0
73,2623,0.0
73,2626,0.5
73,2633,4.5
73,2637,2.0
73,2649,4.5
73,2650,1.0
73,2659,2.0
73,2667,2.5
73,2675,4.5
73,2676,1.5
73,2686,3.0
73,2688,2.5
73,2697,4.0
73,2699,4.0
73,2705,1.0
73,2725,4.0
73,2735,3.5
73,2743,0.0
73,2744,4.5
73,2747,2.0
73,2752,2.0
73,2755,0.0
73,2757,4.5
73,2761,3.0
73,2771,5.0
73,2780,2.5
73,2785,3.5
73,2796,4.5
73,2804,0.5
73,2813,1.0
73,2828,4.0
73,2829,5.0
73,2834,1.5
73,2842,1.5
73,2852,2.0
73,2858,2.5
73,2860,5.0
73,2866,2.0
73,2867,1.5
73,2873,0.0
73,2876,3.5
73,2885,4.5
73,2902,2.5
73,2912,4.0
73,2914,5.0
73,2916,1.5
73,2919,3.5
73,2924,2.5
73,2926,1.0
73,2933,0.5
73,2934,0.0
73,2936,2.5
73,2941,3.5
73,2954,4.5
73,2955,4.0
73,2958,2.0
73,2960,1.0
73,2962,3.5
73,2976,2.0
73,2992,4.0
73,2993,2.5
73,2995,4.0
73,3002,3.5
73,3008,4.0
73,3014,5.0
73,3016,3.5
73,3017,5.0
73,3026,2.5
73,3029,3.5
73,3033,4.5
73,3036,3.0
73,3039,2.0
73,3041,0.5
73,3043,1.0
73,3044,5.0
73,3051,3.5
73,3052,0.0
73,3074,1.0
73,3078,0.5
73,3080,1.0
73,3093,3.5
73,3102,1.0
73,3106,0.5
73,3108,4.5
73,3109,1.5
73,3113,0.0
73,3114,0.0
73,3119,4.0
73,3122,0.0
73,3125,1.5
73,3133,0.0
73,3155,4.5
73,3158,0.0
73,3162,2.0
73,3166,4.0
73,3168,5.0
73,3179,4.0
73,3191,1.5
73,3194,1.5
73,3201,2.0
73,3206,2.5
73,3212,5.0
73,3222,2.5
73,3231,2.5
73,3232,0.5
73,3239,0.5
73,3242,4.5
73,3247,0.0
73,3251,3.0
73,3252,5.0
73,3256,3.5
73,3258,2.5
73,3267,2.5
73,3272,0.0
73,3282,3.5
73,3289,5.0
73,3292,1.5
73,3297,2.5
73,3298,2.5
73,3307,3.5
73,3311,3.5
73,3313,4.0
73,3319,2.0
73,3321,5.0
73,3324,0.0
73,3325,3.0
73,3327,0.0
73,3335,0.0
73,3350,0.5
73,3356,4.5
73,3359,2.0
73,3361,5.0
73,3365,1.0
73,3367,5.0
73,3376,3.5
73,3383,1.5
73,3384,1.5
73,3389,4.5
73,3393,5.0
73,3396,5.0
73,3400,1.0
73,3401,5.0
73,3406,3.5
73,3410,1.0
73,3416,0.0
73,3445,5.0
73,3455,3.5
73,3465,2.5
73,3470,5.0
73,3494,5.0
73,3515,3.0
73,3521,3.0
73,3523,2.5
73,3527,4.5
73,3530,0.0
73,3533,0.0
73,3536,3.5
73,3548,1.5
73,3555,0.0
73,3563,3.0
73,3566,3.0
73,3587,3.5
73,3592,2.5
73,3610,2.5
73,3627,5.0
73,3643,4.0
73,3644,3.5
73,3646,4.0
73,3648,0.5
73,3657,2.5
73,3661,2.5
73,3669,0.0
73,3675,3.5
73,3676,3.5
73,3683,0.0
73,3697,1.5
73,3730,0.0
73,3732,2.5
73,3735,4.5
73,3739,3.0
73,3742,2.0
73,3747,3.0
73,3750,2.0
73,3753,0.0
73,3756,5.0
73,3759,1.5
73,3762,2.0
73,3766,2.5
73,3770,0.5
73,3773,3.5
73,3792,3.5
73,3793,2.5
73,3812,4.0
73,3821,2.5
73,3822,3.0
73,3826,1.5
73,3841,3.5
73,3843,1.5
73,3850,4.0
73,3859,0.5
73,3861,5.0
73,3865,2.0
73,3867,4.5
73,3871,2.0
73,3873,4.0
73,3874,5.0
73,3881,0.5
73,3884,0.0
73,3891,2.5
73,3894,3.0
73,3895,0.0
73,3903,3.5
73,3906,3.5
73,3907,0.0
73,3911,5.0
73,3951,5.0
73,3960,4.5
73,3970,3.5
73,3982,0.0
73,3983,4.0
73,3986,4.5
73,3994,4.0
73,3997,0.5
74,6,1.0
74,19,0.5
74,20,2.0
74,28,4.0
74,42,5.0
74,62,4.0
74,63,2.0
74,64,3.5
74,68,5.0
74,76,5.0
74,87,4.0
74,90,2.5
74,95,1.5
74,110,1.0
74,116,3.0
74,124,0.0
74,140,0.0
74,142,1.5
74,184,4.5
74,185,5.0
74,190,2.5
74,195,2.0
74,199,0.5
74,203,4.0
74,207,1.0
74,215,3.5
74,226,0.5
74,229,2.0
74,244,3.5
74,256,3.0
74,264,4.5
74,266,1.5
74,270,4.5
74,295,1.0
74,297,4.0
74,298,0.0
74,303,0.0
74,327,3.5
74,347,0.0
74,358,0.0
74,366,2.5
74,373,5.0
74,375,1.5
74,383,2.5
74,389,0.5
74,390,3.5
74,404,5.0
74,409,4.5
74,411,2.5
74,425,2.0
74,432,4.0
74,443,4.5
74,444,3.0
74,454,0.0
74,457,4.5
74,458,3.5
74,459,2.5
74,466,3.5
74,478,0.0
74,480,5.0
74,482,2.5
74,484,2.5
74,489,0.5
74,504,1.0
74,509,0.0
74,515,1.0
74,517,3.5
74,525,0.5
74,528,2.0
74,538,0.5
74,544,5.0
74,563,4.5
74,566,4.0
74,573,3.5
74,576,3.0
74,596,0.0
74,598,4.0
74,606,4.5
74,616,0.5
74,618,1.0
74,622,1.0
74,624,1.5
74,626,1.5
74,631,1.0
74,632,0.0
74,633,4.0
74,637,1.0
74,647,4.0
74,680,2.0
74,682,4.0
74,685,2.0
74,697,0.5
74,705,4.5
74,708,0.5
74,716,3.5
74,727,1.0
74,729,0.5
74,732,0.5
74,737,0.5
74,739,4.5
74,744,0.0
74,748,1.0
74,768,3.0
74,775,3.5
74,786,1.5
74,788,0.0
74,795,0.5
74,802,2.0
74,814,2.0
74,830,1.5
74,831,3.5
74,846,2.0
74,848,1.5
74,850,0.5
74,859,2.0
74,879,5.0
74,880,2.0
74,884,5.0
74,886,1.5
74,888,0.0
74,889,2.5
74,896,0.5
74,916,1.0
74,919,5.0
74,937,0.0
74,950,0.5
74,966,1.5
74,972,0.0
74,976,0.0
74,983,2.0
74,987,1.0
74,998,3.0
74,1002,2.0
74,1004,4.5
74,1005,3.5
74,1013,2.0
74,1021,4.0
74,1041,1.0
74,1049,1.5
74,1057,4.5
74,1063,4.5
74,1082,0.5
74,1087,1.5
74,1100,0.5
74,1101,0.0
74,1105,0.0
74,1110,4.0
74,1112,3.0
74,1114,0.5
74,1128,4.0
74,1129,4.0
74,1137,5.0
74,1146,0.0
74,1150,5.0
74,1161,3.0
74,1162,0.5
74,1166,3.0
74,1171,5.0
74,1198,2.5
74,1203,0.5
74,1204,3.5
74,1213,4.0
74,1215,1.0
74,1219,5.0
74,1228,1.0
74,1245,1.0
74,1249,1.5
74,1253,1.0
74,1258,4.0
74,1269,0.0
74,1282,2.5
74,1291,1.5
74,1293,3.5
74,1308,4.0
74,1309,4.0
74,1313,4.5
74,1315,4.5
74,1321,0.0
74,1328,2.5
74,1329,1.5
74,1333,3.0
74,1334,4.5
74,1351,2.5
74,1358,1.0
74,1365,3.5
74,1366,3.5
74,1376,3.0
74,1379,5.0
74,1383,2.5
74,1386,1.5
74,1387,1.0
74,1389,1.0
74,1405,0.5
74,1412,1.5
74,1416,2.5
74,1423,2.5
74,1426,4.0
74,1429,4.5
74,1433,1.0
74,1442,1.0
74,1444,4.0
74,1455,1.5
74,1463,2.0
74,1475,4.5
74,1484,1.5
74,1491,4.5
74,1496,1.0
74,1501,2.0
74,1506,2.0
74,1512,4.5
74,1514,4.0
74,1515,4.5
74,1516,0.5
74,1518,5.0
74,1520,0.0
74,1523,3.5
74,1529,3.0
74,1531,2.5
74,1538,2.5
74,1539,2.5
74,1540,1.5
74,1544,3.5
74,1574,2.0
74,1588,1.5
74,1589,0.5
74,1608,2.0
74,1609,4.0
74,1616,2.5
74,1635,2.0
74,1639,4.0
74,1643,1.0
74,1649,4.5
74,1654,4.5
74,1664,1.5
74,1672,3.0
74,1688,5.0
74,1690,2.0
74,1693,1.5
74,1694,4.0
74,1703,0.5
74,1710,0.0
74,1711,3.5
74,1724,0.0
74,1734,2.0
74,1738,5.0
74,1740,2.5
74,1741,4.0
74,1750,1.0
74,1754,3.0
74,1758,3.5
74,1763,4.5
74,1771,3.0
74,1776,2.5
74,1782,3.0
74,1783,5.0
74,1794,1.5
74,1800,4.0
74,1802,0.0
74,1808,5.0
74,1815,4.5
74,1818,2.5
74,1819,2.5
74,1833,4.0
74,1838,4.5
74,1846,3.5
74,1847,4.0
74,1849,1.0
74,1859,5.0
74,1866,3.0
74,1870,1.0
74,1878,2.0
74,1880,3.0
74,1887,3.5
74,1900,3.0
74,1909,2.5
74,1913,3.0
74,1920,1.0
74,1921,0.0
74,1940,1.5
74,1949,3.0
74,1951,4.5
74,1959,2.5
74,1963,0.0
74,1968,3.5
74,1971,1.5
74,1980,0.5
74,1988,4.5
74,1995,4.5
74,1997,0.5
74,1999,2.5
74,2011,4.5
74,2020,0.5
74,2023,4.0
74,2025,4.0
74,2028,4.0
74,2030,1.5
74,2032,0.5
74,2044,2.0
74,2056,4.0
74,2059,3.5
74,2060,4.5
74,2062,1.0
74,2067,4.5
74,2080,1.5
74,2081,3.5
74,2083,4.5
74,2087,4.0
74,2105,1.5
74,2106,2.5
74,2109,0.0
74,2118,1.0
74,2119,3.0
74,2135,0.0
74,2144,4.0
74,2160,2.5
74,2163,3.5
74,2164,3.0
74,2174,2.5
74,2179,1.0
74,2190,3.5
74,2199,2.0
74,2216,0.5
74,2222,0.0
74,2224,3.0
74,2228,1.0
74,2232,5.0
74,2261,5.0
74,2267,0.5
74,2273,2.5
74,2278,0.0
74,2285,0.5
74,2294,4.5
74,2295,1.5
74,2297,0.5
74,2298,2.0
74,2304,2.5
74,2306,4.0
74,2317,1.0
74,2334,4.0
74,2339,2.5
74,2341,5.0
74,2343,4.5
74,2351,4.0
74,2358,4.5
74,2367,3.5
74,2368,4.5
74,2387,4.5
74,2425,2.5
74,2431,1.5
74,2452,1.5
74,2456,0.0
74,2469,0.5
74,2472,5.0
74,2491,1.5
74,2492,5.0
74,2493,1.5
74,2497,2.0
74,2503,0.0
74,2508,0.5
74,2512,2.5
74,2541,3.5
74,2563,0.0
74,2595,4.0
74,2612,4.5
74,2614,3.0
74,2624,2.5
74,2637,0.0
74,2638,1.5
74,2653,1.5
74,2681,2.5
74,2682,1.0
74,2686,4.0
74,2694,2.5
74,2700,0.0
74,2705,4.0
74,2741,5.0
74,2743,4.0
74,2744,1.5
74,2758,2.5
74,2761,1.0
74,2767,2.5
74,2771,1.5
74,2794,0.5
74,2804,2.0
74,2828,1.0
74,2829,2.0
74,2834,3.0
74,2842,4.5
74,2849,3.0
74,2851,0.0
74,2858,3.0
74,2866,3.5
74,2874,3.0
74,2877,3.5
74,2885,1.5
74,2890,1.0
74,2919,3.5
74,2924,5.0
74,2932,3.0
74,2933,3.5
74,2941,5.0
74,2951,3.5
74,2955,4.0
74,2960,0.5
74,2975,0.0
74,2976,4.5
74,2977,2.0
74,2989,1.5
74,3002,0.0
74,3014,1.0
74,3017,3.5
74,3026,3.0
74,3033,3.5
74,3047,1.0
74,3050,5.0
74,3051,0.0
74,3072,0.0
74,3074,0.0
74,3076,3.5
74,3093,2.0
74,3101,2.5
74,3102,0.0
74,3104,1.0
74,3106,4.0
74,3108,4.5
74,3109,5.0
74,3110,2.5
74,3114,2.5
74,3122,0.5
74,3131,2.5
74,3147,0.5
74,3150,4.0
74,3155,4.0
74,3158,4.5
74,3162,2.5
74,3166,2.5
74,3168,0.0
74,3179,1.0
74,3206,4.5
74,3208,2.0
74,3210,0.0
74,3212,5.0
74,3215,0.5
74,3231,0.5
74,3232,5.0
74,3237,1.0
74,3239,3.5
74,3255,3.0
74,3259,3.5
74,3263,0.0
74,3267,1.5
74,3272,1.5
74,3278,4.5
74,3280,1.5
74,3284,2.0
74,3305,3.0
74,3319,1.5
74,3322,3.5
74,3323,4.5
74,3324,1.5
74,3325,0.5
74,3328,2.0
74,3335,4.0
74,3345,1.0
74,3347,1.0
74,3355,0.5
74,3356,1.5
74,3359,3.5
74,3365,4.0
74,3370,2.5
74,3384,3.5
74,3386,0.0
74,3392,4.0
74,3393,0.0
74,3396,0.0
74,3413,4.0
74,3414,0.5
74,3423,2.0
74,3446,2.5
74,3453,3.5
74,3456,4.5
74,3458,0.5
74,3465,2.5
74,3470,0.0
74,3494,0.5
74,3500,4.5
74,3503,1.0
74,3504,3.0
74,3507,0.5
74,3515,5.0
74,3521,0.0
74,3523,2.0
74,3530,5.0
74,3532,3.5
74,3536,4.0
74,3539,3.0
74,3540,3.5
74,3558,0.0
74,3563,3.0
74,3572,2.5
74,3587,3.5
74,3592,1.0
74,3599,0.0
74,3605,3.0
74,3622,4.0
74,3629,4.0
74,3634,1.0
74,3639,2.0
74,3643,1.0
74,3646,2.0
74,3647,4.5
74,3651,2.0
74,3658,3.5
74,3669,0.5
74,3683,2.5
74,3693,1.0
74,3705,1.0
74,3712,1.0
74,3717,2.0
74,3741,4.0
74,3742,0.0
74,3747,1.5
74,3750,3.0
74,3753,4.5
74,3756,2.5
74,3759,3.5
74,3766,2.5
74,3767,3.5
74,3770,2.5
74,3773,5.0
74,3791,1.0
74,3793,5.0
74,3797,1.5
74,3812,1.5
74,3823,4.5
74,3841,1.5
74,3843,2.5
74,3856,3.0
74,3859,4.5
74,3860,2.5
74,3861,2.5
74,3865,2.0
74,3867,3.5
74,3871,1.5
74,3875,4.0
74,3882,1.0
74,3884,5.0
74,3886,2.5
74,3889,2.5
74,3891,4.5
74,3893,1.5
74,3894,1.5
74,3895,3.0
74,3918,4.0
74,3951,0.5
74,3970,2.0
74,3986,3.0
74,3987,0.5
75,6,0.0
75,20,4.5
75,23,2.0
75,26,2.0
75,42,2.0
75,45,1.5
75,62,2.5
75,63,2.5
75,68,1.0
75,81,0.5
75,86,0.5
75,87,4.0
75,90,0.5
75,105,0.0
75,108,1.0
75,112,3.5
75,118,1.0
75,133,2.5
75,152,2.5
75,161,4.5
75,167,2.0
75,171,3.5
75,184,4.5
75,190,1.0
75,195,0.0
75,207,4.5
75,226,1.0
75,243,0.0
75,250,3.5
75,256,0.5
75,264,2.5
75,269,1.5
75,274,0.0
75,275,5.0
75,295,0.5
75,314,0.5
75,327,3.0
75,347,5.0
75,353,2.0
75,375,1.0
75,383,1.5
75,389,3.0
75,401,2.5
75,411,5.0
75,413,1.0
75,420,1.5
75,428,4.0
75,432,1.5
75,443,2.0
75,451,4.5
75,454,2.0
75,455,1.5
75,458,3.5
75,465,2.5
75,477,3.5
75,479,3.0
75,480,0.5
75,482,0.0
75,492,3.0
75,503,3.5
75,504,3.0
75,512,0.0
75,514,2.5
75,517,0.5
75,525,2.0
75,538,0.0
75,544,5.0
75,547,3.5
75,551,4.0
75,566,1.0
75,573,0.5
75,600,2.5
75,612,0.0
75,616,2.5
75,618,3.0
75,622,1.0
75,624,3.5
75,626,1.0
75,632,3.5
75,643,3.5
75,647,2.5
75,651,1.5
75,679,2.5
75,680,1.5
75,685,5.0
75,697,4.5
75,705,0.5
75,708,2.5
75,727,4.5
75,729,1.5
75,737,1.5
75,738,1.0
75,748,1.0
75,754,2.5
75,755,4.5
75,761,2.5
75,764,2.5
75,768,1.0
75,778,4.5
75,784,2.5
75,800,5.0
75,802,4.0
75,814,1.0
75,830,3.0
75,837,1.0
75,850,3.5
75,859,3.0
75,872,3.0
75,876,2.5
75,880,0.5
75,896,0.5
75,904,4.5
75,911,3.0
75,920,3.5
75,927,4.5
75,941,3.0
75,949,5.0
75,955,1.0
75,968,5.0
75,972,3.0
75,983,4.5
75,987,2.0
75,1013,1.5
75,1021,3.0
75,1028,5.0
75,1035,4.5
75,1039,3.5
75,1063,4.0
75,1068,3.0
75,1071,0.0
75,1076,1.0
75,1082,2.5
75,1086,3.5
75,1087,3.5
75,1110,1.0
75,1112,1.0
75,1114,1.5
75,1122,1.5
75,1128,3.0
75,1132,1.0
75,1162,2.0
75,1166,4.5
75,1183,0.0
75,1191,1.0
75,1194,3.5
75,1197,2.0
75,1199,2.0
75,1203,0.5
75,1204,5.0
75,1206,1.5
75,1223,4.0
75,1226,3.5
75,1235,3.0
75,1240,1.0
75,1251,0.5
75,1258,5.0
75,1264,1.0
75,1282,1.0
75,1284,3.0
75,1286,2.0
75,1291,0.0
75,1292,4.5
75,1313,1.5
75,1316,4.0
75,1321,4.0
75,1342,0.0
75,1346,2.0
75,1351,1.0
75,1352,4.5
75,1355,1.0
75,1358,2.5
75,1366,3.0
75,1379,0.5
75,1386,1.0
75,1402,0.0
75,1408,1.5
75,1426,3.0
75,1429,4.0
75,1433,1.0
75,1442,5.0
75,1444,2.0
75,1455,2.5
75,1467,0.0
75,1483,2.5
75,1484,2.0
75,1491,2.5
75,1496,3.5
75,1500,4.0
75,1512,2.0
75,1516,2.0
75,1518,4.0
75,1529,3.5
75,1532,5.0
75,1540,1.5
75,1577,0.0
75,1585,2.5
75,1601,1.5
75,1608,2.5
75,1627,1.0
75,1630,0.5
75,1632,1.5
75,1635,2.5
75,1643,3.5
75,1647,2.5
75,1663,1.0
75,1682,3.0
75,1699,0.0
75,1701,0.5
75,1711,5.0
75,1717,4.0
75,1722,1.5
75,1727,3.5
75,1734,2.5
75,1735,1.0
75,1738,2.5
75,1741,3.5
75,1745,2.0
75,1751,4.0
75,1758,5.0
75,1760,4.0
75,1770,4.0
75,1771,1.0
75,1779,2.0
75,1783,0.0
75,1800,4.5
75,1815,2.5
75,1818,3.5
75,1819,0.5
75,1823,2.0
75,1833,0.0
75,1838,1.0
75,1846,4.5
75,1847,3.0
75,1855,5.0
75,1870,0.5
75,1872,2.0
75,1887,1.5
75,1900,5.0
75,1912,3.5
75,1913,0.0
75,1949,4.5
75,1951,5.0
75,1959,0.5
75,1960,0.0
75,1963,1.5
75,1967,2.0
75,1969,0.5
75,1971,1.0
75,1980,4.5
75,1995,3.0
75,1996,2.0
75,1999,2.5
75,2011,3.5
75,2020,1.0
75,2023,3.0
75,2036,2.0
75,2040,3.5
75,2044,0.0
75,2056,5.0
75,2059,1.0
75,2060,3.5
75,2069,3.0
75,2071,1.5
75,2078,1.5
75,2080,4.0
75,2083,3.5
75,2084,0.5
75,2102,2.0
75,2104,4.5
75,2105,1.0
75,2106,3.5
75,2114,2.0
75,2134,4.0
75,2143,1.5
75,2146,2.0
75,2160,3.5
75,2163,5.0
75,2165,4.0
75,2173,4.0
75,2187,4.0
75,2195,4.0
75,2199,2.5
75,2218,1.5
75,2219,1.0
75,2222,3.5
75,2228,4.5
75,2242,0.0
75,2254,1.0
75,2261,0.5
75,2266,4.0
75,2271,3.0
75,2272,0.5
75,2275,1.5
75,2276,4.5
75,2285,2.0
75,2292,2.0
75,2294,1.0
75,2295,3.5
75,2297,3.5
75,2298,3.5
75,2308,1.0
75,2310,4.5
75,2314,4.5
75,2317,2.0
75,2320,0.5
75,2329,4.0
75,2337,5.0
75,2339,4.5
75,2343,3.5
75,2346,3.5
75,2348,2.0
75,2351,1.5
75,2358,1.5
75,2403,4.0
75,2409,0.5
75,2410,5.0
75,2411,4.0
75,2414,2.0
75,2417,2.5
75,2425,1.0
75,2438,5.0
75,2444,4.5
75,2469,1.5
75,2472,4.5
75,2476,1.5
75,2493,3.5
75,2503,1.0
75,2543,2.0
75,2544,0.5
75,2556,1.5
75,2563,3.5
75,2566,3.0
75,2574,0.5
75,2592,0.0
75,2595,3.5
75,2596,3.0
75,2614,4.5
75,2616,3.0
75,2626,2.0
75,2633,2.0
75,2637,3.5
75,2638,4.5
75,2649,4.5
75,2667,1.0
75,2675,4.0
75,2676,5.0
75,2681,4.5
75,2694,4.5
75,2699,3.5
75,2705,5.0
75,2712,4.5
75,2718,4.0
75,2730,0.5
75,2735,3.0
75,2741,4.0
75,2747,2.0
75,2755,5.0
75,2761,1.0
75,2767,5.0
75,2771,2.5
75,2780,1.0
75,2781,3.0
75,2785,0.5
75,2796,0.0
75,2803,0.5
75,2804,0.5
75,2825,5.0
75,2837,0.5
75,2842,5.0
75,2849,3.0
75,2852,4.5
75,2858,0.0
75,2864,4.0
75,2885,2.5
75,2890,5.0
75,2902,2.5
75,2914,4.5
75,2933,1.0
75,2941,0.0
75,2958,3.0
75,2962,5.0
75,2975,0.0
75,2976,3.5
75,2977,2.5
75,2993,3.5
75,3002,0.5
75,3014,1.5
75,3016,3.0
75,3029,4.0
75,3039,0.0
75,3041,2.5
75,3042,2.5
75,3050,3.0
75,3053,1.5
75,3055,5.0
75,3058,2.5
75,3072,0.5
75,3104,3.5
75,3108,3.0
75,3109,4.5
75,3110,2.0
75,3113,5.0
75,3114,2.5
75,3116,5.0
75,3117,0.5
75,3119,3.0
75,3125,0.0
75,3126,3.0
75,3134,5.0
75,3138,1.5
75,3158,4.5
75,3162,1.5
75,3166,0.0
75,3179,4.0
75,3198,0.5
75,3209,4.0
75,3210,3.0
75,3222,2.0
75,3226,4.0
75,3232,0.0
75,3237,0.5
75,3242,1.0
75,3256,1.5
75,3258,1.0
75,3259,0.0
75,3267,1.5
75,3280,4.5
75,3292,1.0
75,3297,1.0
75,3300,1.5
75,3313,0.0
75,3322,2.0
75,3323,3.0
75,3327,0.0
75,3335,0.5
75,3342,5.0
75,3345,2.0
75,3348,3.0
75,3355,3.0
75,3359,1.5
75,3375,0.5
75,3376,2.5
75,3383,3.0
75,3386,1.5
75,3392,0.0
75,3393,2.5
75,3400,4.5
75,3401,2.0
75,3406,0.0
75,3410,2.0
75,3414,0.5
75,3418,3.5
75,3446,2.0
75,3447,4.5
75,3448,2.0
75,3453,0.5
75,3458,2.0
75,3482,5.0
75,3487,0.5
75,3494,2.5
75,3495,2.5
75,3500,5.0
75,3504,0.0
75,3515,4.0
75,3523,0.5
75,3527,1.5
75,3530,4.5
75,3533,2.5
75,3554,1.5
75,3555,1.5
75,3563,5.0
75,3566,1.0
75,3572,4.5
75,3578,5.0
75,3580,3.5
75,3581,3.5
75,3605,0.0
75,3608,0.0
75,3610,1.5
75,3619,0.0
75,3627,5.0
75,3634,0.5
75,3643,2.0
75,3651,2.5
75,3659,0.5
75,3669,3.5
75,3675,3.0
75,3676,3.0
75,3683,4.0
75,3695,2.5
75,3697,4.5
75,3701,4.5
75,3712,3.5
75,3730,3.5
75,3739,4.5
75,3740,4.0
75,3741,4.0
75,3744,3.0
75,3750,0.0
75,3753,1.5
75,3756,4.5
75,3761,1.5
75,3762,3.0
75,3773,3.5
75,3797,3.0
75,3812,0.0
75,3822,4.0
75,3850,5.0
75,3859,3.0
75,3860,1.0
75,3871,0.0
75,3874,3.0
75,3875,2.5
75,3881,3.5
75,3884,0.0
75,3891,0.0
75,3895,2.0
75,3907,2.0
75,3951,4.5
75,3957,0.0
75,3960,0.0
75,3965,2.0
75,3986,1.0
75,3994,1.5
76,29,2.0
76,34,1.5
76,36,1.5
76,44,1.5
76,45,5.0
76,49,3.0
76,62,1.5
76,63,1.5
76,64,1.0
76,70,4.5
76,76,4.5
76,81,1.0
76,86,4.0
76,108,2.5
76,116,3.5
76,124,2.0
76,133,1.5
76,140,0.5
76,142,3.0
76,148,3.5
76,161,0.5
76,165,0.0
76,167,2.0
76,184,1.0
76,185,1.5
76,199,4.5
76,203,4.5
76,207,1.5
76,209,2.0
76,215,3.0
76,235,4.5
76,242,0.0
76,243,3.0
76,252,0.5
76,269,4.0
76,270,2.5
76,273,3.5
76,274,2.5
76,275,3.0
76,295,0.0
76,298,4.5
76,303,0.0
76,346,2.0
76,349,1.0
76,362,2.5
76,371,5.0
76,400,4.5
76,401,2.5
76,409,5.0
76,413,5.0
76,421,2.0
76,428,0.0
76,432,1.0
76,437,3.5
76,443,1.5
76,451,1.0
76,455,2.5
76,458,4.5
76,478,4.5
76,484,1.5
76,492,1.5
76,512,5.0
76,515,1.0
76,517,3.5
76,538,1.5
76,540,1.5
76,541,0.5
76,563,1.0
76,596,2.0
76,600,1.5
76,602,5.0
76,616,0.0
76,618,4.5
76,626,0.5
76,632,2.0
76,633,3.0
76,642,5.0
76,646,1.5
76,647,0.5
76,651,2.5
76,658,4.5
76,668,1.5
76,673,3.5
76,677,3.5
76,680,3.5
76,681,4.5
76,682,4.0
76,685,5.0
76,696,1.0
76,697,2.5
76,699,5.0
76,705,4.0
76,716,3.5
76,727,1.0
76,729,5.0
76,731,4.5
76,737,0.0
76,744,2.0
76,754,2.0
76,761,1.5
76,762,4.5
76,768,1.5
76,775,3.5
76,778,0.0
76,780,1.0
76,795,3.5
76,800,2.0
76,806,3.0
76,814,3.0
76,815,1.5
76,816,4.5
76,818,2.0
76,834,3.0
76,846,1.0
76,859,5.0
76,872,4.0
76,880,0.0
76,883,2.0
76,884,4.5
76,887,0.5
76,889,4.5
76,911,0.0
76,916,1.5
76,919,0.0
76,937,3.0
76,939,5.0
76,958,4.0
76,967,1.0
76,976,1.0
76,1003,1.5
76,1004,0.5
76,1005,2.5
76,1006,2.5
76,1018,5.0
76,1019,0.5
76,1021,0.0
76,1025,2.0
76,1028,3.5
76,1035,2.5
76,1039,2.5
76,1047,4.5
76,1062,4.0
76,1063,5.0
76,1068,5.0
76,1086,2.0
76,1091,2.5
76,1100,3.0
76,1101,0.5
76,1105,0.5
76,1110,4.0
76,1111,2.0
76,1150,0.5
76,1166,0.5
76,1171,2.0
76,1194,4.5
76,1198,5.0
76,1199,3.5
76,1206,5.0
76,1213,2.0
76,1219,5.0
76,1223,2.5
76,1235,2.5
76,1245,4.0
76,1249,3.5
76,1250,2.0
76,1251,4.5
76,1253,5.0
76,1258,2.0
76,1261,2.5
76,1269,1.5
76,1274,4.5
76,1280,1.0
76,1291,5.0
76,1292,3.5
76,1302,1.5
76,1308,2.0
76,1316,0.5
76,1329,2.0
76,1333,5.0
76,1346,0.0
76,1351,3.5
76,1366,4.5
76,1371,2.0
76,1373,0.5
76,1379,2.0
76,1387,2.5
76,1395,0.5
76,1402,0.0
76,1405,1.0
76,1408,0.5
76,1410,1.5
76,1411,0.5
76,1416,1.5
76,1423,5.0
76,1427,1.5
76,1429,5.0
76,1431,5.0
76,1433,1.5
76,1437,1.5
76,1447,3.5
76,1463,0.5
76,1475,1.5
76,1483,4.5
76,1496,1.5
76,1506,3.0
76,1514,0.5
76,1518,0.0
76,1529,2.0
76,1539,4.0
76,1540,0.0
76,1542,2.5
76,1544,0.5
76,1562,3.0
76,1577,0.5
76,1602,0.5
76,1608,1.5
76,1627,2.5
76,1628,3.0
76,1632,2.0
76,1635,0.0
76,1649,0.0
76,1654,3.0
76,1663,4.5
76,1664,2.5
76,1666,3.5
76,1688,5.0
76,1696,2.0
76,1698,2.0
76,1699,3.5
76,1703,1.0
76,1722,0.5
76,1745,2.0
76,1758,4.5
76,1760,0.5
76,1763,2.5
76,1771,1.0
76,1800,4.0
76,1818,1.0
76,1820,2.5
76,1833,0.0
76,1838,4.0
76,1841,4.0
76,1842,1.5
76,1847,0.5
76,1850,5.0
76,1859,3.0
76,1872,2.0
76,1878,1.0
76,1894,4.0
76,1912,0.0
76,1913,1.0
76,1921,0.5
76,1936,1.0
76,1939,3.0
76,1949,2.0
76,1951,3.5
76,1959,1.5
76,1967,4.0
76,1988,1.0
76,1991,2.5
76,2011,1.0
76,2020,4.0
76,2023,0.5
76,2025,3.0
76,2028,3.0
76,2030,5.0
76,2032,4.5
76,2040,2.5
76,2043,1.0
76,2055,4.5
76,2059,4.5
76,2060,2.0
76,2067,0.5
76,2078,0.0
76,2084,5.0
76,2087,0.0
76,2095,3.5
76,2096,1.0
76,2099,3.0
76,2105,3.5
76,2109,1.5
76,2118,3.0
76,2119,3.0
76,2146,4.5
76,2163,5.0
76,2164,0.0
76,2181,3.5
76,2190,4.0
76,2195,4.5
76,2224,5.0
76,2246,4.5
76,2251,5.0
76,2254,5.0
76,2257,0.0
76,2261,0.5
76,2264,2.0
76,2266,3.5
76,2267,0.5
76,2271,3.0
76,2272,2.0
76,2273,3.0
76,2276,2.0
76,2280,3.0
76,2281,0.0
76,2288,1.0
76,2295,3.0
76,2297,5.0
76,2306,4.0
76,2310,0.0
76,2314,2.0
76,2319,4.0
76,2320,4.0
76,2329,2.5
76,2339,5.0
76,2341,1.0
76,2343,3.5
76,2346,4.0
76,2351,4.0
76,2359,2.5
76,2367,3.5
76,2385,5.0
76,2403,0.0
76,2409,4.5
76,2410,1.0
76,2414,3.0
76,2416,2.5
76,2417,3.5
76,2432,1.5
76,2438,3.5
76,2456,0.0
76,2469,0.0
76,2470,5.0
76,2471,1.5
76,2472,0.5
76,2476,1.5
76,2478,1.0
76,2491,1.5
76,2512,0.5
76,2525,4.0
76,2543,5.0
76,2556,5.0
76,2559,2.0
76,2574,4.0
76,2588,3.0
76,2595,1.5
76,2612,0.5
76,2616,0.5
76,2624,0.0
76,2636,2.5
76,2637,0.0
76,2650,2.5
76,2667,0.0
76,2676,2.0
76,2682,1.5
76,2686,2.5
76,2688,2.0
76,2697,4.0
76,2699,0.5
76,2730,2.5
76,2741,5.0
76,2755,5.0
76,2757,2.5
76,2758,1.0
76,2781,1.5
76,2796,2.5
76,2799,1.0
76,2802,0.5
76,2804,0.0
76,2809,0.0
76,2813,2.0
76,2842,0.5
76,2849,1.5
76,2851,5.0
76,2852,2.0
76,2858,0.5
76,2864,1.5
76,2866,2.5
76,2873,2.0
76,2877,2.5
76,2902,3.5
76,2910,2.5
76,2912,0.0
76,2916,0.0
76,2919,1.0
76,2924,2.0
76,2932,4.5
76,2933,3.0
76,2941,3.5
76,2951,4.5
76,2955,2.0
76,2977,1.5
76,2981,0.0
76,2992,0.0
76,3002,2.0
76,3014,2.5
76,3016,4.5
76,3017,1.0
76,3026,0.0
76,3033,1.0
76,3044,0.0
76,3050,0.0
76,3052,4.0
76,3054,2.5
76,3074,2.0
76,3076,1.0
76,3078,4.0
76,3093,0.0
76,3104,3.5
76,3108,0.5
76,3110,0.0
76,3113,4.0
76,3116,1.5
76,3119,4.5
76,3125,2.5
76,3128,2.5
76,3133,1.5
76,3134,3.5
76,3142,3.0
76,3146,0.0
76,3147,5.0
76,3155,0.5
76,3166,1.0
76,3169,1.5
76,3179,4.0
76,3184,4.0
76,3191,1.5
76,3194,1.0
76,3201,0.0
76,3209,1.5
76,3223,0.5
76,3226,4.0
76,3237,0.0
76,3251,5.0
76,3255,0.0
76,3256,1.0
76,3259,3.0
76,3262,2.0
76,3265,3.5
76,3267,2.5
76,3278,2.5
76,3282,3.5
76,3284,3.5
76,3298,4.0
76,3305,1.0
76,3307,1.0
76,3310,2.5
76,3311,0.0
76,3316,0.5
76,3321,4.5
76,3323,4.5
76,3324,2.5
76,3328,1.5
76,3347,0.0
76,3365,5.0
76,3367,4.5
76,3370,4.5
76,3383,2.5
76,3389,4.5
76,3392,2.0
76,3393,4.5
76,3396,0.5
76,3416,0.5
76,3423,3.0
76,3428,3.0
76,3447,1.0
76,3448,0.0
76,3458,3.5
76,3470,2.0
76,3495,4.5
76,3503,0.0
76,3507,2.5
76,3515,5.0
76,3530,5.0
76,3532,3.5
76,3536,0.0
76,3548,3.5
76,3554,2.5
76,3563,0.5
76,3580,0.0
76,3592,0.0
76,3599,5.0
76,3622,2.0
76,3627,1.5
76,3634,2.5
76,3639,0.5
76,3643,0.5
76,3647,2.5
76,3651,2.5
76,3659,3.0
76,3661,2.0
76,3669,0.5
76,3693,0.0
76,3697,3.5
76,3717,3.0
76,3739,5.0
76,3742,1.0
76,3744,0.0
76,3747,1.5
76,3750,3.0
76,3761,0.5
76,3770,4.5
76,3791,4.0
76,3812,1.0
76,3826,0.0
76,3836,4.5
76,3841,5.0
76,3843,1.0
76,3859,3.0
76,3860,1.5
76,3865,0.0
76,3867,3.5
76,3873,2.0
76,3874,0.0
76,3875,5.0
76,3881,5.0
76,3889,4.5
76,3891,3.5
76,3893,0.5
76,3894,1.5
76,3903,4.0
76,3911,4.5
76,3918,3.0
76,3938,1.5
76,3965,4.5
76,3983,4.5
76,3997,1.0
77,4,3.5
77,6,0.5
77,9,5.0
77,11,5.0
77,23,0.5
77,26,5.0
77,32,2.0
77,42,1.0
77,55,2.0
77,86,1.5
77,87,4.0
77,90,4.0
77,107,1.5
77,124,4.5
77,133,3.5
77,140,4.0
77,142,5.0
77,143,0.0
77,149,3.5
77,152,1.0
77,161,1.0
77,165,1.5
77,171,0.0
77,195,3.5
77,203,2.5
77,207,1.5
77,226,0.5
77,235,3.5
77,242,5.0
77,250,4.0
77,252,0.0
77,270,0.5
77,274,1.5
77,280,5.0
77,288,0.5
77,295,1.0
77,319,0.5
77,324,5.0
77,336,2.5
77,346,5.0
77,349,1.5
77,353,3.5
77,362,5.0
77,366,1.5
77,371,1.5
77,377,4.0
77,389,5.0
77,390,1.5
77,420,2.5
77,425,2.5
77,428,0.5
77,432,0.5
77,437,0.5
77,443,0.0
77,458,3.0
77,465,1.0
77,470,2.5
77,484,2.5
77,489,1.0
77,495,2.5
77,517,3.5
77,521,4.0
77,528,0.0
77,562,0.5
77,563,4.0
77,576,2.0
77,598,0.0
77,602,0.0
77,618,0.0
77,619,4.0
77,622,5.0
77,631,4.0
77,632,3.5
77,633,2.0
77,636,4.5
77,637,4.5
77,642,4.5
77,646,5.0
77,668,2.0
77,673,2.0
77,679,4.5
77,696,2.5
77,705,0.5
77,736,0.0
77,737,1.0
77,738,0.0
77,749,2.5
77,754,2.0
77,768,2.0
77,778,5.0
77,786,0.0
77,815,2.0
77,816,5.0
77,819,0.0
77,830,0.5
77,834,2.5
77,850,4.0
77,851,2.0
77,872,2.0
77,873,4.0
77,884,2.0
77,894,2.5
77,916,3.5
77,919,2.0
77,920,2.5
77,924,0.5
77,927,0.0
77,939,3.5
77,946,0.0
77,958,1.5
77,967,1.5
77,968,3.5
77,972,2.0
77,976,3.5
77,1002,4.0
77,1005,4.0
77,1006,0.0
77,1008,0.0
77,1035,0.0
77,1057,2.5
77,1058,4.0
77,1062,1.5
77,1063,1.0
77,1068,4.5
77,1100,4.5
77,1101,0.5
77,1105,1.5
77,1109,2.0
77,1111,0.5
77,1114,0.0
77,1145,5.0
77,1150,3.5
77,1161,1.0
77,1183,1.0
77,1197,3.5
77,1199,5.0
77,1208,1.0
77,1213,2.0
77,1215,3.5
77,1218,3.0
77,1223,0.0
77,1245,0.0
77,1253,3.0
77,1258,1.0
77,1261,4.0
77,1279,0.5
77,1282,0.0
77,1284,4.5
77,1291,0.5
77,1292,3.0
77,1293,2.5
77,1308,5.0
77,1316,4.0
77,1320,0.5
77,1328,1.5
77,1329,2.0
77,1333,3.0
77,1334,2.5
77,1342,2.5
77,1346,3.5
77,1351,5.0
77,1358,4.5
77,1371,2.5
77,1373,1.5
77,1379,1.0
77,1389,3.5
77,1395,0.0
77,1402,0.0
77,1408,4.0
77,1416,2.0
77,1426,0.0
77,1429,3.5
77,1437,1.5
77,1463,0.0
77,1467,4.0
77,1475,1.0
77,1506,0.0
77,1514,1.0
77,1518,0.5
77,1520,0.0
77,1523,4.0
77,1531,4.5
77,1532,3.0
77,1542,4.0
77,1547,0.5
77,1574,2.0
77,1585,3.5
77,1588,0.5
77,1601,4.5
77,1602,5.0
77,1609,0.0
77,1615,3.0
77,1623,1.5
77,1624,3.0
77,1632,3.5
77,1635,4.5
77,1638,4.0
77,1666,2.0
77,1672,4.5
77,1680,3.0
77,1682,3.5
77,1688,2.5
77,1690,1.0
77,1694,1.0
77,1696,3.5
77,1698,3.0
77,1699,3.5
77,1703,4.0
77,1710,1.0
77,1716,3.0
77,1717,2.5
77,1724,3.5
77,1727,4.0
77,1735,0.5
77,1738,4.0
77,1751,1.5
77,1754,5.0
77,1760,3.0
77,1770,1.0
77,1781,4.5
77,1782,1.0
77,1800,1.5
77,1808,1.0
77,1813,0.5
77,1817,3.5
77,1818,4.5
77,1819,5.0
77,1833,1.5
77,1838,4.5
77,1842,0.5
77,1849,3.5
77,1850,4.5
77,1855,1.0
77,1866,5.0
77,1874,1.5
77,1894,1.5
77,1909,1.0
77,1912,4.5
77,1913,1.0
77,1949,2.5
77,1954,0.0
77,1959,4.0
77,1960,2.5
77,1968,2.0
77,1971,2.0
77,1980,1.0
77,1995,1.5
77,1997,0.0
77,2023,4.0
77,2025,1.0
77,2028,1.5
77,2030,4.5
77,2040,0.0
77,2044,1.5
77,2056,0.0
77,2059,1.0
77,2062,1.5
77,2069,0.5
77,2080,2.5
77,2081,0.5
77,2087,3.5
77,2096,1.5
77,2104,0.5
77,2105,3.5
77,2106,2.5
77,2117,0.5
77,2118,4.5
77,2135,3.0
77,2142,4.5
77,2144,1.0
77,2163,3.0
77,2165,2.0
77,2190,4.0
77,2195,0.5
77,2216,2.5
77,2219,4.0
77,2220,4.0
77,2240,0.0
77,2251,3.5
77,2257,4.5
77,2271,5.0
77,2276,0.5
77,2277,4.0
77,2281,5.0
77,2285,0.0
77,2294,1.0
77,2298,3.5
77,2306,0.0
77,2310,1.0
77,2319,4.0
77,2341,5.0
77,2343,1.0
77,2348,0.0
77,2351,0.0
77,2353,4.5
77,2358,2.0
77,2359,2.5
77,2363,3.0
77,2385,0.0
77,2409,4.0
77,2411,5.0
77,2438,3.5
77,2446,2.5
77,2452,4.0
77,2471,0.5
77,2472,1.5
77,2476,3.5
77,2478,5.0
77,2491,4.5
77,2492,1.5
77,2503,2.0
77,2508,3.5
77,2514,0.0
77,2525,1.0
77,2541,1.5
77,2543,2.5
77,2563,5.0
77,2566,3.0
77,2577,2.5
77,2588,3.0
77,2592,5.0
77,2597,0.5
77,2604,0.5
77,2616,3.0
77,2619,0.0
77,2623,0.0
77,2626,0.5
77,2633,0.5
77,2637,1.5
77,2649,3.0
77,2667,0.0
77,2675,3.5
77,2676,3.0
77,2682,3.0
77,2694,0.0
77,2697,5.0
77,2698,1.0
77,2699,1.5
77,2712,3.5
77,2718,4.5
77,2725,4.5
77,2735,3.0
77,2743,5.0
77,2744,1.5
77,2755,4.5
77,2758,2.0
77,2763,1.0
77,2780,4.0
77,2796,0.5
77,2803,4.5
77,2809,1.0
77,2828,3.0
77,2829,4.5
77,2834,1.5
77,2852,4.0
77,2860,3.5
77,2864,5.0
77,2873,1.5
77,2876,4.0
77,2877,2.5
77,2902,0.0
77,2912,5.0
77,2919,0.0
77,2924,4.0
77,2926,1.5
77,2932,4.0
77,2934,0.5
77,2960,5.0
77,2962,4.0
77,2970,4.0
77,2977,0.5
77,2992,1.5
77,3014,4.5
77,3016,3.0
77,3017,3.0
77,3033,3.0
77,3036,1.0
77,3039,4.5
77,3041,0.0
77,3042,1.5
77,3046,4.0
77,3050,0.0
77,3051,3.0
77,3053,3.0
77,3054,4.0
77,3078,2.5
77,3080,3.5
77,3093,0.0
77,3104,4.5
77,3113,5.0
77,3116,0.5
77,3117,3.0
77,3121,3.5
77,3122,5.0
77,3125,0.5
77,3128,2.0
77,3138,4.5
77,3142,1.5
77,3147,3.0
77,3166,5.0
77,3167,3.0
77,3168,2.5
77,3184,3.0
77,3198,0.0
77,3206,2.0
77,3215,3.5
77,3224,0.0
77,3232,3.0
77,3237,0.5
77,3242,0.0
77,3251,2.5
77,3252,1.5
77,3262,2.0
77,3263,4.5
77,3265,3.0
77,3282,1.5
77,3292,2.0
77,3300,0.5
77,3305,1.0
77,3316,5.0
77,3321,1.5
77,3322,4.5
77,3325,0.0
77,3327,1.5
77,3335,1.0
77,3345,1.0
77,3355,4.0
77,3356,1.0
77,3359,0.5
77,3361,4.5
77,3365,0.5
77,3367,0.0
77,3376,0.0
77,3384,0.0
77,3389,2.5
77,3400,4.5
77,3401,0.0
77,3406,3.0
77,3413,0.0
77,3416,2.0
77,3418,3.0
77,3446,5.0
77,3453,0.0
77,3455,0.5
77,3456,2.0
77,3470,0.0
77,3482,1.5
77,3495,5.0
77,3507,3.5
77,3510,5.0
77,3515,2.0
77,3521,0.5
77,3523,2.0
77,3530,2.5
77,3533,2.0
77,3536,2.5
77,3542,5.0
77,3548,1.5
77,3566,2.0
77,3568,4.0
77,3572,4.5
77,3580,4.5
77,3581,0.5
77,3587,0.5
77,3592,2.0
77,3599,5.0
77,3608,0.0
77,3622,3.0
77,3624,1.5
77,3627,1.0
77,3634,4.0
77,3639,2.0
77,3640,2.5
77,3646,0.5
77,3647,3.0
77,3651,3.5
77,3659,3.5
77,3661,2.0
77,3675,1.5
77,3683,2.5
77,3693,0.0
77,3695,1.5
77,3701,3.5
77,3703,2.0
77,3705,3.0
77,3712,0.5
77,3717,2.5
77,3730,4.0
77,3739,1.5
77,3741,4.0
77,3742,1.0
77,3744,0.5
77,3753,0.0
77,3759,0.0
77,3761,4.0
77,3762,1.0
77,3766,4.5
77,3767,1.5
77,3781,0.0
77,3791,2.0
77,3793,5.0
77,3821,3.5
77,3823,0.5
77,3841,2.5
77,3859,3.0
77,3871,5.0
77,3884,5.0
77,3889,4.0
77,3893,4.0
77,3903,3.0
77,3907,0.0
77,3911,0.5
77,3960,2.0
77,3970,4.5
77,3981,2.0
77,3983,1.0
78,11,1.5
78,19,3.5
78,28,0.0
78,32,4.0
78,34,0.5
78,36,1.5
78,42,3.5
78,49,0.0
78,62,2.5
78,63,2.5
78,64,1.0
78,70,4.0
78,95,1.0
78,105,0.5
78,110,3.0
78,115,4.5
78,118,5.0
78,124,2.5
78,143,3.5
78,145,2.0
78,152,2.5
78,161,3.5
78,167,0.0
78,171,4.5
78,190,2.5
78,203,3.5
78,209,2.5
78,215,3.5
78,229,1.0
78,233,5.0
78,235,2.5
78,243,2.0
78,244,2.0
78,248,4.0
78,250,3.5
78,256,2.0
78,264,1.5
78,273,2.5
78,275,2.5
78,280,3.0
78,298,3.5
78,303,4.0
78,314,2.0
78,322,3.0
78,324,0.5
78,327,4.0
78,336,2.5
78,346,2.5
78,349,2.0
78,371,1.5
78,383,3.5
78,385,4.0
78,389,4.0
78,400,5.0
78,401,3.5
78,404,0.0
78,411,1.0
78,413,0.5
78,414,0.5
78,420,0.5
78,421,1.0
78,428,0.5
78,432,1.5
78,437,2.5
78,443,2.0
78,451,2.0
78,457,0.5
78,459,5.0
78,476,1.0
78,478,4.5
78,479,0.5
78,492,2.5
78,495,2.5
78,514,1.0
78,515,3.0
78,521,2.0
78,525,3.0
78,534,0.0
78,544,1.5
78,547,3.0
78,573,3.0
78,576,1.5
78,582,3.5
78,606,0.0
78,612,0.5
78,618,3.0
78,619,0.0
78,637,0.0
78,647,2.5
78,651,1.0
78,669,2.0
78,673,1.0
78,679,3.5
78,682,3.5
78,685,2.5
78,696,4.5
78,697,4.5
78,699,1.5
78,705,1.5
78,729,4.0
78,732,0.0
78,736,4.0
78,739,4.5
78,744,1.0
78,749,4.0
78,754,1.0
78,755,1.0
78,780,4.0
78,786,0.5
78,789,4.5
78,814,1.0
78,816,1.0
78,819,1.0
78,824,0.5
78,830,2.0
78,837,0.5
78,838,5.0
78,846,1.0
78,848,1.0
78,858,3.5
78,872,3.0
78,880,3.5
78,884,5.0
78,886,4.0
78,889,2.0
78,894,0.0
78,916,4.0
78,927,1.0
78,937,0.0
78,941,2.5
78,955,3.0
78,958,5.0
78,966,1.5
78,968,5.0
78,976,1.0
78,977,0.0
78,1005,2.0
78,1008,4.5
78,1013,0.0
78,1021,0.5
78,1025,1.0
78,1035,0.5
78,1057,2.5
78,1058,3.5
78,1068,0.5
78,1071,0.5
78,1076,0.0
78,1087,5.0
78,1100,0.0
78,1112,3.5
78,1114,5.0
78,1122,0.0
78,1128,0.0
78,1132,4.0
78,1145,5.0
78,1159,2.0
78,1162,3.0
78,1166,1.0
78,1171,1.5
78,1180,4.0
78,1198,0.5
78,1199,0.5
78,1206,4.5
78,1210,2.0
78,1213,5.0
78,1215,1.5
78,1218,5.0
78,1223,0.0
78,1226,2.5
78,1253,4.5
78,1264,0.0
78,1269,4.0
78,1274,2.0
78,1278,1.0
78,1280,4.0
78,1292,0.0
78,1309,3.0
78,1328,1.0
78,1333,1.0
78,1334,1.5
78,1342,4.5
78,1346,4.0
78,1351,4.5
78,1358,3.0
78,1383,2.0
78,1389,1.5
78,1402,3.5
78,1408,5.0
78,1416,4.5
78,1421,1.0
78,1427,3.0
78,1429,1.5
78,1431,1.0
78,1433,3.5
78,1442,4.0
78,1444,0.5
78,1501,0.5
78,1506,3.5
78,1512,2.5
78,1520,3.5
78,1523,4.5
78,1529,1.0
78,1531,0.5
78,1532,2.5
78,1538,4.0
78,1539,3.0
78,1540,3.0
78,1588,1.5
78,1610,5.0
78,1615,2.5
78,1616,2.0
78,1623,0.0
78,1624,2.5
78,1627,0.0
78,1628,4.0
78,1638,0.0
78,1649,2.5
78,1654,0.5
78,1666,2.5
78,1677,5.0
78,1681,1.5
78,1698,5.0
78,1699,0.0
78,1701,2.5
78,1711,5.0
78,1722,1.0
78,1734,1.5
78,1735,1.0
78,1737,0.0
78,1741,3.5
78,1750,4.0
78,1754,0.5
78,1758,2.0
78,1764,3.5
78,1766,0.5
78,1770,1.5
78,1776,5.0
78,1783,3.5
78,1791,0.5
78,1800,3.0
78,1813,0.0
78,1817,3.5
78,1818,4.0
78,1823,1.0
78,1841,0.0
78,1842,0.0
78,1847,4.0
78,1855,2.5
78,1865,1.0
78,1866,2.5
78,1870,4.5
78,1894,1.0
78,1900,1.5
78,1913,3.0
78,1918,2.0
78,1920,2.0
78,1921,0.0
78,1928,4.5
78,1936,2.5
78,1959,3.0
78,1963,3.0
78,1971,3.0
78,1995,2.5
78,1997,0.5
78,1999,0.5
78,2023,1.0
78,2025,2.5
78,2028,3.0
78,2036,3.5
78,2040,0.5
78,2043,3.5
78,2056,2.0
78,2059,1.5
78,2062,4.0
78,2084,0.5
78,2096,1.5
78,2099,3.5
78,2102,1.5
78,2104,2.0
78,2106,4.5
78,2109,3.5
78,2142,4.0
78,2146,5.0
78,2164,0.5
78,2165,3.5
78,2166,0.0
78,2173,1.0
78,2181,5.0
78,2187,3.0
78,2189,1.5
78,2190,1.5
78,2195,1.0
78,2202,0.0
78,2216,1.0
78,2218,1.5
78,2222,2.5
78,2231,2.5
78,2254,1.0
78,2261,2.5
78,2266,1.0
78,2267,3.5
78,2272,3.0
78,2275,5.0
78,2277,2.0
78,2278,1.5
78,2280,4.5
78,2281,3.5
78,2288,3.0
78,2289,5.0
78,2294,2.5
78,2295,4.0
78,2298,4.0
78,2304,1.0
78,2308,4.0
78,2319,5.0
78,2334,4.5
78,2346,2.0
78,2348,3.5
78,2353,1.5
78,2409,1.5
78,2410,2.0
78,2411,4.0
78,2414,5.0
78,2416,1.0
78,2425,4.0
78,2432,5.0
78,2436,2.5
78,2438,4.5
78,2446,1.0
78,2452,0.0
78,2472,1.0
78,2478,0.0
78,2482,1.0
78,2492,0.5
78,2493,2.5
78,2495,2.0
78,2497,5.0
78,2514,0.0
78,2541,3.0
78,2543,1.0
78,2563,0.0
78,2566,0.5
78,2577,4.0
78,2589,5.0
78,2595,5.0
78,2601,3.0
78,2614,1.5
78,2619,3.5
78,2623,0.0
78,2625,4.0
78,2637,3.5
78,2638,0.0
78,2659,1.5
78,2667,1.0
78,2679,1.5
78,2686,1.0
78,2694,0.0
78,2698,0.5
78,2743,3.0
78,2752,0.0
78,2757,4.0
78,2761,5.0
78,2779,2.5
78,2780,1.5
78,2785,4.5
78,2794,1.5
78,2796,0.5
78,2802,2.0
78,2812,3.0
78,2813,1.5
78,2825,3.0
78,2828,2.5
78,2834,0.0
78,2842,5.0
78,2849,2.0
78,2851,4.0
78,2852,3.0
78,2858,4.0
78,2873,4.0
78,2893,3.5
78,2912,3.0
78,2916,0.0
78,2932,2.5
78,2933,5.0
78,2941,4.5
78,2951,5.0
78,2953,0.0
78,2954,2.0
78,2958,2.5
78,2977,4.0
78,2989,3.5
78,2992,1.5
78,2993,1.5
78,3008,1.0
78,3026,3.5
78,3029,5.0
78,3033,2.5
78,3041,3.5
78,3043,1.0
78,3044,2.5
78,3052,0.5
78,3076,1.0
78,3078,2.0
78,3101,5.0
78,3102,3.5
78,3108,5.0
78,3110,1.0
78,3113,5.0
78,3121,1.5
78,3122,2.0
78,3134,2.5
78,3138,5.0
78,3142,3.0
78,3146,5.0
78,3150,2.0
78,3155,5.0
78,3184,0.0
78,3198,3.0
78,3201,0.0
78,3209,1.0
78,3212,2.5
78,3215,4.5
78,3222,1.0
78,3223,3.0
78,3224,2.0
78,3226,1.0
78,3251,4.0
78,3256,5.0
78,3258,3.0
78,3262,5.0
78,3265,3.0
78,3278,4.0
78,3280,0.5
78,3284,2.5
78,3292,0.5
78,3300,3.0
78,3307,0.5
78,3311,1.5
78,3316,5.0
78,3319,3.5
78,3323,2.5
78,3367,4.5
78,3370,4.0
78,3375,0.0
78,3386,1.0
78,3401,4.0
78,3402,0.5
78,3410,4.5
78,3428,3.0
78,3447,0.0
78,3453,1.5
78,3455,1.5
78,3456,0.5
78,3458,2.0
78,3470,0.0
78,3482,2.5
78,3487,3.5
78,3500,4.0
78,3509,5.0
78,3521,0.5
78,3523,1.5
78,3527,4.0
78,3533,0.0
78,3540,1.5
78,3548,2.5
78,3555,2.0
78,3572,4.5
78,3578,3.5
78,3580,2.5
78,3581,4.5
78,3587,2.5
78,3627,1.0
78,3629,3.5
78,3634,1.0
78,3640,4.0
78,3643,2.0
78,3644,3.5
78,3647,3.0
78,3648,4.5
78,3675,0.0
78,3695,2.0
78,3701,4.5
78,3705,2.0
78,3717,3.5
78,3735,2.5
78,3739,3.5
78,3740,2.5
78,3747,3.5
78,3750,1.0
78,3753,0.5
78,3761,2.0
78,3762,1.0
78,3766,2.5
78,3767,2.0
78,3770,1.5
78,3781,2.5
78,3791,0.0
78,3792,0.5
78,3793,5.0
78,3822,2.5
78,3823,3.5
78,3843,0.0
78,3852,1.0
78,3875,5.0
78,3882,0.5
78,3884,2.0
78,3889,3.0
78,3891,2.0
78,3894,4.0
78,3907,4.5
78,3911,1.5
78,3918,5.0
78,3960,0.5
78,3965,1.0
78,3981,3.0
78,3982,5.0
78,3983,3.5
79,4,1.0
79,11,5.0
79,20,0.5
79,28,0.5
79,32,1.0
79,34,4.0
79,42,0.5
79,62,3.0
79,68,1.0
79,87,1.5
79,95,4.0
79,105,4.0
79,108,2.5
79,110,4.0
79,112,3.5
79,133,2.0
79,161,0.5
79,167,1.5
79,171,5.0
79,203,3.5
79,215,4.0
79,235,3.0
79,248,1.0
79,252,4.5
79,256,1.5
79,264,0.0
79,265,4.5
79,266,3.5
79,269,0.0
79,275,0.0
79,288,0.0
79,295,3.5
79,298,1.5
79,324,3.0
79,336,1.5
79,347,3.5
79,349,2.0
79,358,4.0
79,377,4.5
79,385,4.5
79,401,1.5
79,404,0.0
79,409,4.0
79,413,1.5
79,414,1.5
79,425,4.5
79,437,2.5
79,443,2.0
79,444,2.0
79,451,4.0
79,454,0.5
79,457,0.5
79,465,3.5
79,466,1.5
79,470,4.0
79,476,4.0
79,477,3.5
79,478,1.0
79,482,5.0
79,484,5.0
79,492,1.0
79,495,2.0
79,504,4.5
79,509,5.0
79,512,2.5
79,517,3.5
79,525,5.0
79,528,4.5
79,538,1.5
79,544,0.0
79,551,4.0
79,563,4.0
79,573,4.5
79,598,0.0
79,606,2.0
79,622,3.0
79,624,4.5
79,626,5.0
79,633,2.0
79,643,1.5
79,647,3.0
79,673,1.0
79,679,0.5
79,680,0.5
79,681,2.5
79,685,4.0
79,705,3.5
79,733,2.5
79,736,1.0
79,737,0.0
79,738,0.5
79,739,2.0
79,755,2.0
79,761,1.0
79,764,2.0
79,780,0.5
79,784,3.5
79,786,2.5
79,795,0.5
79,800,1.0
79,802,5.0
79,815,0.0
79,816,0.5
79,819,2.5
79,830,1.5
79,837,3.0
79,848,3.5
79,872,1.0
79,876,0.0
79,879,4.0
79,880,0.5
79,883,1.5
79,885,4.5
79,887,2.0
79,888,1.5
79,894,1.5
79,896,0.5
79,901,1.0
79,911,0.5
79,916,2.5
79,924,2.5
79,930,1.0
79,939,5.0
79,941,2.5
79,946,4.5
79,950,5.0
79,968,0.5
79,972,4.0
79,1019,0.0
79,1025,3.0
79,1028,4.5
79,1041,5.0
79,1047,0.5
79,1057,2.5
79,1068,0.5
79,1086,0.5
79,1087,4.5
79,1100,3.5
79,1105,4.5
79,1114,1.0
79,1122,1.0
79,1128,1.0
79,1129,2.5
79,1137,3.0
79,1162,3.5
79,1180,3.0
79,1199,3.0
79,1203,2.5
79,1206,2.0
79,1213,2.5
79,1215,2.5
79,1218,5.0
79,1219,4.5
79,1223,1.5
79,1226,0.0
79,1245,3.5
79,1250,1.0
79,1251,1.5
79,1253,1.5
79,1258,2.5
79,1278,0.0
79,1280,3.5
79,1282,4.5
79,1286,2.5
79,1291,2.0
79,1292,4.0
79,1293,2.5
79,1302,0.0
79,1308,2.0
79,1315,0.0
79,1328,4.0
79,1329,3.0
79,1334,2.5
79,1342,5.0
79,1352,0.0
79,1355,4.5
79,1358,2.0
79,1365,0.0
79,1366,3.0
79,1371,4.5
79,1373,0.5
79,1376,1.0
79,1389,0.5
79,1401,1.0
79,1408,2.0
79,1412,3.0
79,1423,4.0
79,1426,4.0
79,1427,3.0
79,1429,1.0
79,1431,4.5
79,1444,4.5
79,1446,1.5
79,1463,2.0
79,1491,2.0
79,1496,1.0
79,1506,4.0
79,1512,4.5
79,1516,0.0
79,1520,0.0
79,1529,1.5
79,1532,4.5
79,1542,0.0
79,1561,0.5
79,1574,2.0
79,1585,4.5
79,1588,2.0
79,1589,4.5
79,1601,4.0
79,1615,0.0
79,1616,0.0
79,1622,1.5
79,1623,2.0
79,1624,3.0
79,1627,3.5
79,1632,0.0
79,1659,4.5
79,1672,3.0
79,1682,3.5
79,1690,2.5
79,1699,2.5
79,1722,0.0
79,1734,2.0
79,1738,0.0
79,1740,0.0
79,1745,5.0
79,1751,4.5
79,1754,5.0
79,1760,1.0
79,1763,2.5
79,1766,1.5
79,1770,1.5
79,1776,4.0
79,1791,5.0
79,1808,3.5
79,1816,0.5
79,1817,1.5
79,1818,4.0
79,1819,1.0
79,1832,0.0
79,1842,5.0
79,1846,4.0
79,1847,5.0
79,1850,5.0
79,1855,1.0
79,1859,3.0
79,1866,1.5
79,1870,1.0
79,1900,1.0
79,1912,4.0
79,1921,1.0
79,1928,4.0
79,1949,4.0
79,1951,2.0
79,1954,5.0
79,1959,2.0
79,1960,4.5
79,1967,3.0
79,1969,3.5
79,1970,3.0
79,1988,1.0
79,1991,5.0
79,1995,0.0
79,1996,2.0
79,1999,2.5
79,2025,3.0
79,2028,2.0
79,2032,0.5
79,2044,2.5
79,2059,3.0
79,2062,4.0
79,2080,3.0
79,2081,0.0
79,2117,3.5
79,2118,2.5
79,2135,2.5
79,2142,0.0
79,2160,1.5
79,2165,4.5
79,2166,2.0
79,2181,3.0
79,2189,2.5
79,2190,3.5
79,2199,2.0
79,2202,4.5
79,2209,2.0
79,2216,1.5
79,2218,4.0
79,2220,1.5
79,2222,3.0
79,2228,3.0
79,2240,3.0
79,2246,3.0
79,2251,2.5
79,2254,0.5
79,2267,0.0
79,2277,2.0
79,2281,5.0
79,2285,3.0
79,2289,0.5
79,2304,5.0
79,2308,4.0
79,2317,4.5
79,2319,0.0
79,2320,2.0
79,2329,3.0
79,2334,3.0
79,2341,1.0
79,2358,1.5
79,2359,2.5
79,2363,1.5
79,2368,5.0
79,2385,2.5
79,2387,0.5
79,2394,0.5
79,2403,2.5
79,2410,1.5
79,2411,3.0
79,2414,2.0
79,2416,2.0
79,2431,2.0
79,2436,4.0
79,2444,1.0
79,2471,3.0
79,2472,3.0
79,2476,0.5
79,2482,2.0
79,2493,2.0
79,2495,3.5
79,2503,1.0
79,2508,4.0
79,2525,4.0
79,2556,2.0
79,2559,3.5
79,2574,0.0
79,2588,1.0
79,2589,2.0
79,2592,4.5
79,2595,4.5
79,2596,3.0
79,2616,2.0
79,2619,2.0
79,2626,0.5
79,2650,3.5
79,2653,2.5
79,2667,2.0
79,2679,2.0
79,2681,1.0
79,2686,4.5
79,2688,0.5
79,2694,3.0
79,2698,1.0
79,2699,3.0
79,2700,4.0
79,2725,0.5
79,2741,0.5
79,2748,3.0
79,2761,3.0
79,2763,3.0
79,2767,0.5
79,2779,4.5
79,2781,3.5
79,2785,5.0
79,2802,4.5
79,2812,2.0
79,2818,3.5
79,2825,1.5
79,2829,5.0
79,2837,4.5
79,2842,2.0
79,2858,3.0
79,2864,1.0
79,2866,3.5
79,2873,1.0
79,2874,4.5
79,2876,3.0
79,2877,0.5
79,2885,2.0
79,2890,3.0
79,2914,0.5
79,2916,4.5
79,2926,2.5
79,2932,1.5
79,2951,3.5
79,2960,3.5
79,2970,0.5
79,2977,2.0
79,2993,0.0
79,2995,1.0
79,3002,5.0
79,3014,5.0
79,3017,1.0
79,3029,3.0
79,3033,1.0
79,3039,2.5
79,3041,2.0
79,3044,2.0
79,3046,3.5
79,3047,5.0
79,3051,4.5
79,3053,0.0
79,3054,3.5
79,3058,0.0
79,3074,3.5
79,3076,1.0
79,3093,2.0
79,3104,5.0
79,3114,3.0
79,3116,3.0
79,3119,3.5
79,3126,3.5
79,3128,0.0
79,3134,0.5
79,3138,1.0
79,3142,2.0
79,3146,2.0
79,3147,1.5
79,3150,2.5
79,3158,5.0
79,3166,4.5
79,3169,1.0
79,3184,4.5
79,3194,4.5
79,3209,1.5
79,3210,2.5
79,3212,4.5
79,3215,2.5
79,3226,3.0
79,3231,4.0
79,3237,2.5
79,3239,2.0
79,3247,1.0
79,3258,4.0
79,3272,2.5
79,3282,4.0
79,3289,3.0
79,3292,0.5
79,3298,4.0
79,3305,4.0
79,3313,1.5
79,3319,4.0
79,3321,1.5
79,3323,0.5
79,3327,2.5
79,3328,1.0
79,3335,2.5
79,3347,4.0
79,3348,4.0
79,3350,1.0
79,3355,1.0
79,3361,2.5
79,3365,4.5
79,3367,0.0
79,3392,1.0
79,3401,2.0
79,3414,0.0
79,3416,1.5
79,3418,5.0
79,3428,2.0
79,3447,0.5
79,3448,1.5
79,3487,3.5
79,3503,2.0
79,3507,3.0
79,3527,3.0
79,3532,0.0
79,3539,4.5
79,3540,4.0
79,3548,1.5
79,3563,0.0
79,3566,3.5
79,3568,1.0
79,3572,4.5
79,3580,2.0
79,3592,4.0
79,3599,2.5
79,3605,4.5
79,3624,5.0
79,3627,3.0
79,3634,0.5
79,3640,3.0
79,3643,1.0
79,3646,0.5
79,3651,3.5
79,3658,0.0
79,3661,1.0
79,3676,5.0
79,3693,4.5
79,3697,4.5
79,3701,0.5
79,3705,4.0
79,3717,2.0
79,3739,3.5
79,3740,2.0
79,3750,0.5
79,3762,5.0
79,3766,2.0
79,3791,0.0
79,3826,3.5
79,3836,4.5
79,3860,0.5
79,3861,0.5
79,3865,4.5
79,3873,2.0
79,3875,5.0
79,3881,1.5
79,3889,1.5
79,3891,0.5
79,3903,1.0
79,3911,3.5
79,3918,4.0
79,3981,2.5
79,3983,1.5
80,11,1.0
80,23,4.0
80,26,1.0
80,28,2.5
80,32,2.5
80,55,0.0
80,62,3.5
80,64,2.5
80,70,3.0
80,81,1.0
80,95,1.0
80,105,1.0
80,107,3.0
80,108,3.5
80,112,4.0
80,115,3.5
80,124,4.0
80,145,3.0
80,149,1.0
80,161,1.0
80,165,2.5
80,167,4.0
80,190,1.5
80,199,0.5
80,209,4.5
80,215,4.0
80,226,4.5
80,235,4.5
80,241,4.0
80,243,0.5
80,244,0.0
80,248,4.0
80,250,4.5
80,252,4.5
80,265,4.5
80,266,0.5
80,273,2.0
80,277,1.0
80,280,4.0
80,297,0.5
80,298,5.0
80,303,3.0
80,314,4.5
80,322,2.0
80,324,2.5
80,327,4.5
80,336,2.5
80,347,2.5
80,362,3.5
80,366,1.0
80,371,4.5
80,375,4.0
80,401,2.5
80,411,4.5
80,413,0.5
80,414,2.5
80,420,2.5
80,432,1.5
80,437,2.5
80,455,2.5
80,458,1.5
80,459,0.5
80,465,3.0
80,466,1.5
80,470,3.0
80,476,2.5
80,477,3.0
80,478,0.0
80,480,4.0
80,491,1.0
80,495,4.0
80,504,1.0
80,509,1.5
80,512,3.5
80,514,2.5
80,528,4.5
80,541,0.0
80,547,4.5
80,562,3.5
80,566,3.5
80,569,1.5
80,576,2.5
80,598,2.5
80,600,0.5
80,602,2.5
80,612,4.5
80,619,1.0
80,631,1.0
80,633,1.0
80,636,3.0
80,647,0.0
80,669,0.0
80,681,3.0
80,682,2.0
80,685,4.0
80,696,2.0
80,697,1.0
80,699,2.5
80,702,2.5
80,705,0.0
80,716,4.5
80,727,3.0
80,731,1.5
80,733,4.0
80,736,4.5
80,737,0.0
80,744,5.0
80,748,3.0
80,751,3.0
80,754,5.0
80,761,5.0
80,762,3.5
80,780,2.0
80,788,3.5
80,789,4.5
80,802,1.0
80,814,3.0
80,815,2.5
80,818,4.0
80,834,1.5
80,838,3.0
80,850,4.5
80,858,0.5
80,876,1.5
80,880,1.5
80,884,1.0
80,888,4.0
80,889,5.0
80,901,1.0
80,904,3.5
80,916,5.0
80,920,1.0
80,924,1.5
80,930,3.5
80,941,3.0
80,949,3.0
80,950,5.0
80,955,2.0
80,967,1.5
80,968,3.0
80,969,0.5
80,977,1.0
80,1003,3.0
80,1005,0.5
80,1006,3.5
80,1021,3.0
80,1025,5.0
80,1035,0.5
80,1039,3.0
80,1041,0.5
80,1047,5.0
80,1058,3.0
80,1076,4.5
80,1091,1.5
80,1100,1.5
80,1101,0.0
80,1105,2.5
80,1110,1.5
80,1112,4.0
80,1122,1.0
80,1129,0.5
80,1132,0.0
80,1137,4.0
80,1145,0.0
80,1150,5.0
80,1159,1.5
80,1180,1.5
80,1183,0.0
80,1197,2.5
80,1198,1.0
80,1210,0.5
80,1213,0.0
80,1219,1.0
80,1226,0.5
80,1228,1.0
80,1240,4.0
80,1245,1.5
80,1251,4.5
80,1258,3.0
80,1261,1.5
80,1264,0.0
80,1280,2.0
80,1282,5.0
80,1286,3.5
80,1292,1.5
80,1309,3.0
80,1313,2.5
80,1316,2.5
80,1333,1.0
80,1351,3.0
80,1355,0.0
80,1358,0.0
80,1365,0.5
80,1373,3.0
80,1379,2.0
80,1387,2.0
80,1389,1.0
80,1395,2.0
80,1401,3.5
80,1405,4.0
80,1416,0.5
80,1421,0.0
80,1423,1.0
80,1426,3.5
80,1429,4.0
80,1437,2.5
80,1442,4.5
80,1444,3.5
80,1446,0.0
80,1447,1.0
80,1455,1.0
80,1475,0.5
80,1483,1.0
80,1491,4.5
80,1512,2.0
80,1515,2.5
80,1523,3.5
80,1540,0.0
80,1561,4.5
80,1574,3.0
80,1583,0.0
80,1588,2.5
80,1601,2.5
80,1602,0.0
80,1609,4.5
80,1623,0.0
80,1628,2.5
80,1630,4.0
80,1647,4.5
80,1663,0.5
80,1664,2.0
80,1666,2.0
80,1682,2.5
80,1688,2.0
80,1693,1.0
80,1696,4.0
80,1699,0.5
80,1710,0.5
80,1711,0.5
80,1716,1.5
80,1717,0.5
80,1722,1.0
80,1734,1.0
80,1735,1.5
80,1737,1.5
80,1751,3.5
80,1754,3.0
80,1763,1.5
80,1764,0.5
80,1766,3.0
80,1770,1.0
80,1776,5.0
80,1779,0.5
80,1782,1.5
80,1800,1.5
80,1815,1.5
80,1817,0.0
80,1820,0.5
80,1841,4.5
80,1846,2.0
80,1847,1.0
80,1850,5.0
80,1865,3.5
80,1866,2.0
80,1878,0.5
80,1880,3.0
80,1887,4.5
80,1909,0.5
80,1913,2.0
80,1928,5.0
80,1936,5.0
80,1951,2.0
80,1959,5.0
80,1967,2.5
80,1988,2.0
80,1991,4.5
80,1995,5.0
80,1997,1.5
80,2018,3.0
80,2023,0.0
80,2025,2.5
80,2028,1.0
80,2030,1.5
80,2032,3.5
80,2036,5.0
80,2040,2.0
80,2044,4.5
80,2055,0.0
80,2060,2.5
80,2069,2.0
80,2087,3.5
80,2096,0.5
80,2105,5.0
80,2117,4.5
80,2119,1.0
80,2143,5.0
80,2144,1.0
80,2146,5.0
80,2160,5.0
80,2164,5.0
80,2165,0.0
80,2173,5.0
80,2174,5.0
80,2179,2.0
80,2187,2.5
80,2189,1.0
80,2195,5.0
80,2199,4.0
80,2201,4.0
80,2216,3.5
80,2218,4.0
80,2219,3.0
80,2220,5.0
80,2228,0.0
80,2231,0.5
80,2232,4.0
80,2251,2.5
80,2254,4.5
80,2257,3.5
80,2261,0.0
80,2264,5.0
80,2272,0.0
80,2273,4.0
80,2276,4.5
80,2278,1.5
80,2280,5.0
80,2281,3.5
80,2285,4.5
80,2288,0.5
80,2289,0.5
80,2292,3.5
80,2294,2.0
80,2295,2.0
80,2304,0.0
80,2314,1.5
80,2319,5.0
80,2337,3.5
80,2339,4.0
80,2341,1.5
80,2343,0.5
80,2348,3.5
80,2358,4.0
80,2363,5.0
80,2367,2.0
80,2403,4.0
80,2411,0.5
80,2414,3.5
80,2432,3.5
80,2444,4.0
80,2452,1.0
80,2456,5.0
80,2470,4.0
80,2482,2.5
80,2492,3.5
80,2495,4.0
80,2499,3.0
80,2503,4.5
80,2512,2.5
80,2525,5.0
80,2544,2.0
80,2553,0.0
80,2566,1.0
80,2574,0.5
80,2589,4.0
80,2601,2.5
80,2604,5.0
80,2612,4.0
80,2614,3.5
80,2623,4.5
80,2625,2.5
80,2626,4.5
80,2636,3.5
80,2637,0.5
80,2638,1.0
80,2649,2.5
80,2667,0.5
80,2675,4.5
80,2679,5.0
80,2699,3.5
80,2725,2.0
80,2730,0.5
80,2735,2.5
80,2741,0.0
80,2744,1.5
80,2747,2.5
80,2748,3.0
80,2752,2.0
80,2755,2.0
80,2763,2.5
80,2771,2.0
80,2781,1.5
80,2794,0.0
80,2812,2.0
80,2818,4.0
80,2825,5.0
80,2829,1.5
80,2834,0.0
80,2837,4.5
80,2860,2.5
80,2864,3.0
80,2867,5.0
80,2874,2.0
80,2876,2.0
80,2912,1.0
80,2926,3.5
80,2932,5.0
80,2933,3.0
80,2936,3.5
80,2941,2.5
80,2951,5.0
80,2953,4.5
80,2954,2.0
80,2960,2.0
80,2975,3.5
80,2976,2.5
80,2977,3.0
80,2981,2.0
80,3002,0.0
80,3014,2.5
80,3029,5.0
80,3041,1.5
80,3042,1.5
80,3043,2.0
80,3046,2.0
80,3047,3.5
80,3050,1.5
80,3052,0.5
80,3054,1.0
80,3080,5.0
80,3093,3.0
80,3101,1.5
80,3106,4.5
80,3108,0.0
80,3110,2.5
80,3113,4.0
80,3114,1.0
80,3117,2.5
80,3122,4.5
80,3126,3.0
80,3142,2.5
80,3146,2.5
80,3154,4.0
80,3155,0.0
80,3162,5.0
80,3166,4.0
80,3167,0.5
80,3179,1.5
80,3184,5.0
80,3203,1.5
80,3208,1.5
80,3210,2.0
80,3222,1.5
80,3223,3.0
80,3226,0.5
80,3232,0.0
80,3242,0.0
80,3255,2.5
80,3258,1.5
80,3265,4.5
80,3272,4.0
80,3275,4.5
80,3278,2.0
80,3280,4.5
80,3282,0.0
80,3297,3.0
80,3316,2.5
80,3323,4.5
80,3324,2.5
80,3327,1.5
80,3335,1.0
80,3342,1.5
80,3347,0.5
80,3350,5.0
80,3355,1.5
80,3356,4.0
80,3359,3.5
80,3365,1.5
80,3370,3.5
80,3376,1.0
80,3386,5.0
80,3396,1.0
80,3406,2.5
80,3416,0.0
80,3423,0.0
80,3445,2.0
80,3448,2.0
80,3453,4.0
80,3455,3.0
80,3456,3.0
80,3458,1.0
80,3482,4.5
80,3487,4.5
80,3500,2.0
80,3509,3.0
80,3510,1.0
80,3515,0.0
80,3521,2.5
80,3523,3.5
80,3527,2.0
80,3532,2.5
80,3536,4.5
80,3539,3.0
80,3587,1.5
80,3605,2.5
80,3608,0.5
80,3629,4.5
80,3634,4.5
80,3640,5.0
80,3659,0.5
80,3669,1.0
80,3676,2.0
80,3683,2.0
80,3693,3.0
80,3703,4.0
80,3730,4.0
80,3739,4.5
80,3741,0.5
80,3744,0.0
80,3750,1.0
80,3759,4.0
80,3761,3.5
80,3762,1.0
80,3767,4.5
80,3773,4.0
80,3781,3.5
80,3791,4.5
80,3793,0.5
80,3822,2.0
80,3823,3.0
80,3826,1.5
80,3850,1.0
80,3859,4.5
80,3860,5.0
80,3867,4.5
80,3871,2.0
80,3873,5.0
80,3874,2.5
80,3875,0.5
80,3882,3.0
80,3893,1.5
80,3906,1.0
80,3918,1.0
80,3938,4.5
80,3951,4.0
80,3957,2.5
80,3965,1.5
80,3983,1.0
80,3994,0.5
81,6,5.0
81,23,4.0
81,29,2.0
81,32,2.5
81,36,1.0
81,44,5.0
81,45,2.5
81,49,5.0
81,62,1.5
81,63,4.0
81,64,0.5
81,81,3.0
81,90,5.0
81,95,0.5
81,105,0.5
81,107,0.5
81,108,0.0
81,110,5.0
81,116,4.0
81,118,3.5
81,133,0.0
81,140,4.5
81,161,2.0
81,165,4.5
81,185,5.0
81,190,3.5
81,203,4.5
81,207,3.0
81,209,0.0
81,229,3.0
81,235,4.0
81,244,1.0
81,252,0.0
81,256,4.0
81,264,2.0
81,265,3.0
81,266,3.5
81,269,4.0
81,270,3.5
81,273,4.5
81,275,0.0
81,277,1.5
81,295,3.5
81,314,2.5
81,319,4.0
81,322,4.5
81,327,4.0
81,346,2.0
81,353,3.5
81,389,4.0
81,401,3.5
81,404,0.0
81,411,0.0
81,413,4.5
81,421,1.5
81,425,5.0
81,428,3.0
81,454,4.5
81,457,0.5
81,458,4.5
81,466,1.5
81,478,0.0
81,480,4.0
81,484,3.0
81,492,0.5
81,503,2.5
81,509,0.0
81,512,1.0
81,514,3.0
81,517,1.5
81,534,3.0
81,538,3.5
81,544,1.0
81,547,3.5
81,551,2.5
81,562,1.0
81,563,2.5
81,566,4.5
81,573,5.0
81,582,4.5
81,600,3.0
81,616,0.0
81,618,0.0
81,619,0.0
81,624,0.5
81,633,1.5
81,636,1.5
81,647,4.5
81,651,1.0
81,658,4.0
81,679,3.0
81,680,1.5
81,681,0.0
81,682,0.0
81,697,5.0
81,705,1.5
81,716,3.0
81,727,0.5
81,732,2.0
81,737,1.0
81,739,2.0
81,749,4.0
81,754,3.0
81,762,1.5
81,764,4.0
81,768,0.0
81,778,2.0
81,784,1.5
81,786,1.0
81,788,5.0
81,789,5.0
81,814,3.5
81,819,2.0
81,824,2.5
81,830,1.0
81,831,5.0
81,846,5.0
81,858,0.0
81,859,3.5
81,876,0.0
81,879,4.0
81,880,4.5
81,884,2.0
81,885,2.0
81,888,0.5
81,896,5.0
81,904,5.0
81,911,0.5
81,919,5.0
81,955,0.0
81,958,4.0
81,966,5.0
81,969,3.5
81,972,5.0
81,977,3.5
81,983,5.0
81,1002,0.5
81,1008,0.0
81,1013,1.5
81,1018,0.0
81,1021,3.0
81,1025,2.0
81,1049,4.5
81,1057,4.5
81,1058,3.5
81,1071,5.0
81,1076,0.5
81,1082,3.0
81,1109,2.5
81,1111,2.5
81,1122,3.0
81,1128,2.0
81,1129,4.5
81,1132,5.0
81,1137,0.0
81,1145,0.5
81,1146,1.0
81,1159,2.0
81,1162,3.0
81,1166,1.5
81,1171,0.0
81,1194,5.0
81,1203,2.0
81,1208,3.5
81,1210,0.0
81,1213,3.5
81,1215,4.5
81,1218,3.5
81,1219,0.0
81,1223,4.0
81,1226,4.0
81,1240,0.0
81,1249,0.0
81,1253,4.5
81,1258,1.5
81,1264,2.5
81,1279,3.5
81,1280,0.0
81,1282,2.0
81,1291,2.5
81,1293,0.0
81,1315,1.0
81,1329,3.5
81,1346,5.0
81,1355,5.0
81,1358,1.5
81,1366,2.5
81,1371,1.0
81,1376,0.0
81,1379,2.0
81,1395,3.5
81,1401,4.5
81,1405,0.0
81,1427,5.0
81,1429,2.0
81,1433,0.5
81,1446,3.0
81,1447,5.0
81,1467,4.5
81,1475,1.0
81,1491,1.5
81,1496,1.0
81,1500,0.5
81,1506,3.0
81,1515,1.5
81,1516,1.5
81,1518,1.0
81,1523,2.5
81,1532,0.0
81,1539,4.5
81,1544,2.5
81,1574,0.0
81,1583,5.0
81,1589,2.5
81,1601,5.0
81,1615,2.0
81,1616,5.0
81,1622,1.0
81,1627,3.5
81,1630,5.0
81,1632,2.0
81,1639,4.0
81,1643,0.5
81,1647,3.5
81,1649,1.5
81,1653,0.0
81,1659,5.0
81,1664,1.5
81,1666,4.5
81,1681,3.0
81,1690,4.0
81,1694,0.0
81,1701,4.0
81,1703,0.5
81,1711,1.0
81,1716,3.0
81,1717,0.5
81,1722,5.0
81,1724,2.5
81,1734,2.0
81,1735,3.0
81,1740,1.0
81,1741,0.0
81,1745,0.5
81,1760,4.0
81,1779,0.0
81,1794,4.5
81,1802,4.0
81,1815,2.5
81,1823,3.0
81,1832,2.5
81,1838,2.0
81,1841,0.0
81,1842,2.5
81,1846,1.0
81,1847,1.0
81,1849,0.5
81,1859,5.0
81,1874,3.0
81,1878,4.0
81,1909,3.0
81,1918,4.0
81,1928,3.5
81,1939,1.0
81,1940,4.0
81,1949,1.0
81,1951,3.5
81,1968,4.5
81,1970,5.0
81,1971,1.5
81,1980,1.5
81,1995,0.5
81,1996,4.0
81,1999,2.5
81,2028,0.0
81,2030,3.0
81,2060,2.0
81,2062,3.0
81,2067,0.5
81,2069,3.0
81,2078,2.0
81,2081,2.0
81,2084,2.5
81,2099,3.5
81,2105,1.5
81,2106,4.0
81,2109,0.0
81,2118,2.0
81,2119,1.0
81,2142,0.5
81,2143,5.0
81,2144,2.5
81,2146,3.5
81,2163,5.0
81,2166,1.5
81,2179,5.0
81,2190,4.0
81,2199,2.5
81,2201,2.5
81,2202,0.0
81,2209,1.5
81,2216,1.0
81,2219,2.0
81,2220,1.0
81,2224,1.0
81,2240,4.0
81,2257,0.0
81,2261,4.0
81,2271,4.0
81,2272,1.5
81,2275,2.0
81,2288,3.0
81,2289,4.5
81,2292,0.0
81,2304,1.0
81,2317,0.5
81,2319,1.0
81,2320,1.0
81,2334,3.5
81,2339,2.0
81,2341,2.5
81,2358,3.5
81,2359,3.0
81,2367,1.5
81,2368,4.5
81,2394,3.0
81,2403,4.0
81,2409,0.0
81,2410,1.0
81,2426,0.5
81,2432,4.5
81,2436,1.0
81,2456,0.0
81,2470,0.0
81,2471,1.0
81,2472,2.0
81,2478,0.5
81,2482,0.0
81,2493,0.0
81,2503,1.5
81,2512,4.0
81,2514,1.0
81,2525,4.0
81,2541,1.5
81,2543,2.5
81,2553,5.0
81,2556,3.5
81,2563,3.0
81,2577,0.5
81,2588,3.5
81,2592,5.0
81,2595,1.0
81,2596,2.5
81,2597,0.0
81,2601,1.0
81,2604,2.0
81,2616,2.5
81,2624,5.0
81,2625,0.0
81,2638,4.0
81,2649,1.5
81,2676,3.5
81,2681,2.5
81,2682,1.5
81,2694,4.5
81,2698,5.0
81,2705,0.5
81,2718,0.5
81,2725,2.0
81,2730,1.5
81,2741,1.5
81,2748,2.5
81,2752,1.5
81,2755,1.5
81,2761,1.0
81,2767,1.0
81,2780,3.0
81,2781,1.5
81,2785,0.0
81,2802,5.0
81,2803,2.0
81,2804,2.0
81,2809,1.0
81,2812,1.5
81,2813,4.5
81,2818,1.0
81,2834,3.5
81,2842,1.5
81,2852,0.5
81,2866,4.5
81,2876,2.0
81,2877,4.5
81,2890,2.0
81,2893,5.0
81,2910,4.5
81,2914,3.0
81,2919,2.5
81,2932,5.0
81,2936,1.5
81,2954,2.0
81,2955,5.0
81,2977,1.0
81,2992,2.0
81,2995,3.0
81,3017,4.0
81,3026,3.5
81,3033,2.5
81,3041,5.0
81,3044,4.5
81,3050,2.0
81,3052,5.0
81,3054,3.0
81,3072,0.5
81,3078,2.5
81,3080,2.0
81,3093,5.0
81,3108,4.0
81,3113,0.0
81,3117,3.5
81,3122,1.0
81,3128,3.5
81,3131,2.0
81,3134,4.0
81,3142,2.5
81,3168,4.0
81,3169,1.0
81,3179,0.0
81,3198,1.0
81,3203,3.0
81,3206,3.5
81,3208,4.0
81,3209,3.0
81,3210,1.5
81,3223,3.0
81,3231,3.5
81,3232,3.5
81,3247,3.5
81,3255,2.5
81,3256,1.5
81,3259,2.0
81,3262,4.0
81,3267,2.0
81,3282,0.5
81,3292,5.0
81,3297,4.0
81,3305,3.0
81,3307,5.0
81,3311,4.0
81,3313,1.5
81,3316,3.0
81,3319,5.0
81,3327,0.5
81,3328,2.5
81,3335,2.5
81,3345,5.0
81,3350,5.0
81,3355,0.0
81,3356,1.0
81,3361,5.0
81,3365,4.0
81,3370,2.0
81,3376,1.5
81,3393,5.0
81,3402,3.5
81,3410,1.0
81,3446,0.5
81,3447,4.0
81,3453,1.0
81,3470,5.0
81,3482,4.5
81,3494,1.0
81,3500,3.5
81,3503,4.0
81,3515,0.0
81,3521,3.5
81,3527,2.5
81,3533,4.0
81,3539,2.0
81,3542,1.5
81,3555,1.0
81,3572,0.0
81,3580,3.0
81,3619,2.5
81,3639,4.0
81,3640,5.0
81,3643,2.5
81,3646,2.0
81,3647,4.5
81,3648,4.5
81,3659,2.0
81,3683,2.5
81,3695,1.0
81,3701,3.0
81,3703,3.5
81,3730,3.5
81,3732,4.0
81,3735,2.5
81,3739,4.0
81,3742,3.5
81,3744,0.0
81,3747,1.5
81,3750,0.0
81,3753,5.0
81,3756,3.0
81,3759,5.0
81,3761,3.0
81,3762,2.0
81,3781,5.0
81,3791,4.5
81,3792,0.0
81,3797,1.5
81,3822,4.5
81,3823,2.5
81,3841,3.0
81,3843,2.0
81,3856,0.5
81,3865,2.0
81,3867,0.0
81,3874,3.5
81,3881,0.5
81,3889,5.0
81,3891,0.5
81,3893,1.0
81,3907,1.0
81,3918,4.0
81,3951,0.0
81,3957,2.0
81,3960,0.0
81,3970,1.0
81,3981,0.0
81,3982,3.5
81,3997,0.0
82,4,2.5
82,9,1.5
82,19,3.5
82,32,5.0
82,34,2.0
82,42,4.5
82,44,3.0
82,49,5.0
82,63,0.0
82,64,5.0
82,68,1.0
82,70,2.0
82,86,1.5
82,87,2.0
82,90,0.5
82,108,1.5
82,110,4.5
82,115,3.5
82,124,4.0
82,133,1.5
82,140,1.5
82,152,2.0
82,171,4.5
82,190,1.0
82,195,4.0
82,209,3.5
82,215,0.0
82,233,0.0
82,241,1.0
82,242,1.5
82,250,4.0
82,252,5.0
82,256,5.0
82,265,3.5
82,269,3.0
82,270,2.0
82,275,0.5
82,277,2.0
82,295,4.0
82,297,5.0
82,303,4.5
82,322,1.5
82,347,2.5
82,353,1.0
82,362,2.5
82,371,2.5
82,373,0.5
82,375,0.0
82,377,0.0
82,383,2.0
82,401,1.5
82,414,0.5
82,425,3.5
82,432,0.5
82,437,3.5
82,444,3.0
82,451,5.0
82,454,4.0
82,458,2.5
82,459,2.0
82,465,2.5
82,466,4.5
82,476,0.0
82,479,3.5
82,484,3.0
82,489,5.0
82,491,4.0
82,495,1.0
82,503,2.0
82,509,1.5
82,515,4.0
82,517,0.0
82,528,0.5
82,534,4.5
82,538,2.5
82,541,4.5
82,547,4.0
82,551,0.5
82,562,3.5
82,563,2.0
82,566,3.0
82,569,1.0
82,582,4.0
82,596,0.5
82,600,1.5
82,606,2.0
82,612,0.5
82,616,3.0
82,619,1.5
82,625,4.0
82,631,3.0
82,633,0.5
82,637,2.0
82,651,5.0
82,668,3.5
82,677,1.5
82,680,0.0
82,681,3.5
82,682,1.5
82,696,5.0
82,697,4.0
82,699,1.5
82,705,4.0
82,708,2.5
82,729,2.0
82,732,1.0
82,749,3.5
82,751,1.0
82,755,4.0
82,762,0.5
82,764,2.5
82,780,5.0
82,784,4.0
82,788,2.5
82,789,4.0
82,795,2.5
82,800,4.5
82,830,0.5
82,837,4.5
82,848,2.0
82,858,0.0
82,872,4.0
82,873,4.5
82,876,1.0
82,879,3.0
82,880,1.5
82,883,5.0
82,884,2.0
82,886,4.0
82,887,3.0
82,889,2.5
82,896,0.0
82,901,4.5
82,904,1.5
82,927,1.0
82,930,3.0
82,937,4.5
82,941,1.5
82,950,0.0
82,955,4.0
82,966,4.5
82,967,5.0
82,976,3.0
82,987,0.0
82,998,1.5
82,1003,3.0
82,1006,4.5
82,1019,0.5
82,1021,0.5
82,1028,1.0
82,1041,5.0
82,1063,1.5
82,1068,0.5
82,1071,3.0
82,1082,4.5
82,1101,1.0
82,1105,2.0
82,1110,2.0
82,1112,3.0
82,1114,3.0
82,1128,0.0
82,1129,3.5
82,1145,4.5
82,1146,4.5
82,1150,3.5
82,1166,0.0
82,1180,2.0
82,1194,1.5
82,1197,5.0
82,1198,0.5
82,1199,1.0
82,1218,0.0
82,1219,2.5
82,1226,5.0
82,1228,4.0
82,1240,5.0
82,1245,1.5
82,1253,4.5
82,1264,1.5
82,1274,3.5
82,1278,4.0
82,1286,0.5
82,1291,4.5
82,1293,3.5
82,1302,3.5
82,1313,0.5
82,1320,0.5
82,1321,5.0
82,1333,4.5
82,1334,5.0
82,1351,5.0
82,1352,3.5
82,1358,3.5
82,1365,1.0
82,1386,1.0
82,1387,4.0
82,1395,5.0
82,1402,5.0
82,1405,1.5
82,1411,0.5
82,1421,1.0
82,1429,4.5
82,1431,2.5
82,1433,2.0
82,1444,2.0
82,1446,2.0
82,1467,4.5
82,1475,0.5
82,1480,2.0
82,1483,0.0
82,1484,5.0
82,1491,2.5
82,1496,1.5
82,1514,2.5
82,1515,2.0
82,1518,2.5
82,1531,4.5
82,1540,1.0
82,1547,1.5
82,1577,0.5
82,1588,2.0
82,1601,4.5
82,1602,5.0
82,1609,3.0
82,1610,2.5
82,1622,2.0
82,1627,5.0
82,1628,1.5
82,1632,2.5
82,1638,2.5
82,1639,5.0
82,1643,1.0
82,1659,3.5
82,1663,1.5
82,1666,3.0
82,1672,5.0
82,1676,3.0
82,1681,0.5
82,1682,2.0
82,1688,4.5
82,1690,5.0
82,1694,0.0
82,1696,1.5
82,1717,3.0
82,1724,2.5
82,1734,0.0
82,1740,0.5
82,1751,1.5
82,1754,4.5
82,1760,3.0
82,1764,4.5
82,1766,3.5
82,1771,3.0
82,1776,2.0
82,1779,4.0
82,1783,0.5
82,1802,0.5
82,1813,3.5
82,1818,3.0
82,1820,3.5
82,1832,2.5
82,1847,4.5
82,1849,5.0
82,1855,3.5
82,1859,1.5
82,1874,4.5
82,1887,5.0
82,1900,4.5
82,1913,2.5
82,1918,0.5
82,1940,5.0
82,1951,2.5
82,1954,1.0
82,1967,3.0
82,1969,1.0
82,1991,2.5
82,1996,2.5
82,1997,4.0
82,2020,1.5
82,2028,2.0
82,2036,1.0
82,2044,4.0
82,2055,4.5
82,2059,4.0
82,2060,2.5
82,2062,1.5
82,2071,0.5
82,2081,2.0
82,2084,0.0
82,2095,0.5
82,2096,3.0
82,2106,3.5
82,2114,2.0
82,2119,5.0
82,2134,5.0
82,2143,2.5
82,2160,1.5
82,2164,4.0
82,2179,2.0
82,2181,4.0
82,2189,3.0
82,2190,0.0
82,2209,3.5
82,2216,5.0
82,2220,0.5
82,2224,0.5
82,2232,1.0
82,2240,0.0
82,2242,3.0
82,2246,3.5
82,2254,2.0
82,2264,2.0
82,2267,2.0
82,2271,4.5
82,2277,2.0
82,2278,5.0
82,2281,4.5
82,2288,0.0
82,2289,0.0
82,2292,1.0
82,2294,1.5
82,2295,3.5
82,2310,2.0
82,2329,5.0
82,2337,3.5
82,2348,1.5
82,2351,0.0
82,2353,0.5
82,2358,1.0
82,2359,2.0
82,2363,1.0
82,2367,1.5
82,2385,1.5
82,2387,4.0
82,2394,4.5
82,2416,2.5
82,2425,2.0
82,2426,4.5
82,2436,4.0
82,2444,1.0
82,2446,1.0
82,2471,2.5
82,2478,4.0
82,2482,1.5
82,2491,4.5
82,2492,1.0
82,2493,0.5
82,2495,0.5
82,2497,0.5
82,2499,2.0
82,2503,4.0
82,2514,4.5
82,2525,2.0
82,2543,2.5
82,2559,0.0
82,2563,1.0
82,2574,3.5
82,2577,3.5
82,2588,3.5
82,2589,4.0
82,2597,0.0
82,2601,1.0
82,2612,5.0
82,2614,4.0
82,2616,3.0
82,2623,2.5
82,2624,3.5
82,2626,1.0
82,2633,2.0
82,2637,3.0
82,2638,5.0
82,2650,0.5
82,2653,0.0
82,2659,3.5
82,2675,3.5
82,2679,1.0
82,2682,3.5
82,2686,1.0
82,2694,1.5
82,2699,4.5
82,2700,0.0
82,2718,3.5
82,2725,1.5
82,2735,4.5
82,2743,3.0
82,2744,1.0
82,2748,4.0
82,2752,2.0
82,2755,1.5
82,2763,5.0
82,2767,5.0
82,2779,3.5
82,2794,2.0
82,2796,4.5
82,2803,4.0
82,2809,4.0
82,2812,2.0
82,2818,5.0
82,2829,3.5
82,2834,2.0
82,2837,2.0
82,2851,0.5
82,2860,4.5
82,2866,1.0
82,2867,3.0
82,2885,3.5
82,2890,4.0
82,2902,3.0
82,2912,2.0
82,2914,0.5
82,2916,0.0
82,2919,0.0
82,2926,2.5
82,2932,1.5
82,2933,4.0
82,2936,4.5
82,2954,4.5
82,2955,1.0
82,2958,2.0
82,2960,1.0
82,2970,4.5
82,2975,2.5
82,2977,1.5
82,2981,1.0
82,2989,2.0
82,3002,5.0
82,3008,4.0
82,3026,0.5
82,3033,3.0
82,3036,0.0
82,3041,2.0
82,3042,4.0
82,3044,5.0
82,3047,0.0
82,3050,4.5
82,3052,3.0
82,3054,5.0
82,3055,5.0
82,3058,0.0
82,3072,2.5
82,3101,2.5
82,3102,0.0
82,3104,0.5
82,3109,1.0
82,3110,4.5
82,3114,0.5
82,3116,2.0
82,3125,0.0
82,3126,3.0
82,3128,3.0
82,3131,0.5
82,3133,3.0
82,3134,1.0
82,3146,1.5
82,3147,4.5
82,3154,3.5
82,3155,1.0
82,3158,4.0
82,3162,3.5
82,3166,0.0
82,3167,3.0
82,3169,2.5
82,3179,0.5
82,3184,4.5
82,3203,1.0
82,3206,5.0
82,3209,2.5
82,3210,3.5
82,3212,3.0
82,3215,4.5
82,3223,2.0
82,3224,0.5
82,3237,1.5
82,3239,0.5
82,3251,0.5
82,3255,2.5
82,3256,5.0
82,3258,0.0
82,3262,0.0
82,3263,1.5
82,3267,2.5
82,3278,3.5
82,3289,0.0
82,3298,4.0
82,3305,3.0
82,3310,1.5
82,3316,4.0
82,3322,0.5
82,3323,3.0
82,3324,2.0
82,3325,2.0
82,3328,3.0
82,3335,0.0
82,3345,5.0
82,3347,0.5
82,3356,0.0
82,3384,0.0
82,3401,4.5
82,3402,1.0
82,3410,5.0
82,3414,3.5
82,3416,3.5
82,3428,2.0
82,3446,1.0
82,3458,0.5
82,3465,3.5
82,3470,1.0
82,3494,5.0
82,3515,3.0
82,3521,0.0
82,3527,4.0
82,3530,3.0
82,3533,2.5
82,3539,1.0
82,3542,3.5
82,3555,4.5
82,3558,3.0
82,3568,4.0
82,3580,2.0
82,3581,3.0
82,3599,2.0
82,3605,4.5
82,3610,3.0
82,3619,1.5
82,3622,4.0
82,3627,1.5
82,3639,4.5
82,3640,5.0
82,3647,2.5
82,3648,3.5
82,3651,0.0
82,3667,1.5
82,3676,5.0
82,3683,0.5
82,3693,0.0
82,3697,5.0
82,3703,3.5
82,3717,3.5
82,3735,5.0
82,3739,1.5
82,3741,5.0
82,3742,3.5
82,3744,2.5
82,3747,4.5
82,3753,2.5
82,3756,3.5
82,3759,5.0
82,3762,0.5
82,3773,3.5
82,3781,1.0
82,3791,2.0
82,3792,2.0
82,3797,4.0
82,3812,3.0
82,3821,4.0
82,3822,3.5
82,3841,1.5
82,3843,4.0
82,3850,4.5
82,3856,3.0
82,3861,1.0
82,3884,1.5
82,3889,0.5
82,3891,4.5
82,3893,1.5
82,3895,2.0
82,3903,2.0
82,3907,0.5
82,3938,0.5
82,3960,5.0
82,3981,0.0
82,3982,1.0
82,3986,3.0
83,4,2.5
83,11,2.0
83,19,2.0
83,20,3.0
83,32,1.5
83,44,4.0
83,45,2.0
83,49,0.0
83,62,4.5
83,76,5.0
83,81,4.0
83,86,4.0
83,87,4.5
83,90,4.0
83,105,4.5
83,108,0.5
83,110,2.0
83,112,1.0
83,118,0.5
83,133,2.5
83,140,4.0
83,145,0.5
83,165,2.0
83,167,2.0
83,190,4.5
83,195,4.5
83,207,2.0
83,229,1.5
83,235,4.5
83,243,2.0
83,252,1.0
83,256,3.5
83,264,5.0
83,270,1.5
83,273,1.0
83,275,0.0
83,280,0.5
83,295,0.5
83,324,2.0
83,346,4.0
83,347,4.0
83,349,2.5
83,353,0.5
83,358,1.5
83,371,1.5
83,373,0.0
83,383,1.0
83,400,0.5
83,401,4.5
83,411,3.0
83,413,3.5
83,420,3.0
83,421,0.0
83,425,2.5
83,437,4.0
83,443,3.5
83,451,3.5
83,454,4.5
83,457,2.5
83,458,3.0
83,466,0.5
83,476,3.5
83,478,2.5
83,480,1.5
83,482,1.0
83,489,2.5
83,495,3.5
83,504,1.0
83,512,3.5
83,525,0.0
83,534,1.0
83,540,0.5
83,541,3.5
83,562,4.0
83,566,1.5
83,569,3.0
83,596,3.5
83,598,3.5
83,616,0.5
83,618,4.0
83,619,3.0
83,622,0.5
83,624,2.5
83,626,0.0
83,631,5.0
83,633,2.5
83,636,0.5
83,646,0.5
83,647,5.0
83,651,2.5
83,658,1.5
83,668,2.0
83,673,4.0
83,680,3.5
83,681,3.0
83,702,2.0
83,705,1.5
83,708,3.0
83,729,3.5
83,732,5.0
83,736,4.5
83,738,4.5
83,751,0.0
83,761,3.0
83,762,1.0
83,778,1.5
83,780,0.0
83,784,0.5
83,786,4.0
83,788,3.0
83,800,5.0
83,802,3.0
83,814,3.0
83,818,0.0
83,830,2.0
83,831,4.5
83,834,0.5
83,838,0.5
83,846,1.0
83,848,2.5
83,851,3.0
83,858,2.5
83,872,3.5
83,873,3.0
83,880,4.0
83,885,2.5
83,886,5.0
83,916,0.0
83,919,0.5
83,939,0.5
83,946,3.0
83,949,2.0
83,950,3.0
83,955,1.5
83,958,1.0
83,966,4.0
83,968,3.5
83,969,3.5
83,983,2.5
83,998,3.0
83,1002,0.0
83,1004,1.5
83,1013,4.0
83,1019,0.5
83,1021,5.0
83,1025,3.0
83,1035,4.0
83,1039,5.0
83,1041,2.5
83,1047,1.0
83,1049,3.0
83,1057,3.0
83,1068,0.0
83,1071,4.5
83,1076,2.0
83,1082,3.0
83,1101,0.5
83,1105,5.0
83,1110,1.5
83,1122,3.5
83,1132,0.0
83,1137,3.0
83,1145,3.5
83,1146,2.5
83,1161,2.5
83,1162,3.0
83,1180,0.0
83,1183,5.0
83,1204,2.0
83,1206,0.0
83,1208,3.0
83,1210,3.0
83,1215,1.5
83,1218,0.5
83,1226,0.5
83,1228,1.5
83,1240,0.0
83,1249,2.5
83,1250,3.5
83,1258,0.0
83,1269,0.5
83,1279,4.0
83,1282,0.0
83,1292,4.5
83,1293,1.5
83,1302,3.0
83,1308,0.0
83,1313,3.0
83,1328,1.0
83,1333,4.0
83,1334,3.5
83,1346,3.5
83,1355,4.5
83,1358,0.0
83,1366,4.0
83,1371,0.0
83,1373,3.5
83,1376,2.5
83,1379,2.5
83,1386,5.0
83,1387,4.0
83,1389,4.0
83,1401,0.5
83,1408,0.5
83,1411,1.0
83,1412,1.0
83,1416,3.0
83,1429,3.0
83,1431,4.0
83,1442,4.5
83,1444,1.0
83,1455,0.5
83,1501,1.0
83,1512,3.5
83,1515,0.0
83,1516,3.0
83,1520,0.0
83,1540,5.0
83,1547,1.0
83,1561,2.5
83,1562,3.5
83,1583,1.0
83,1585,5.0
83,1589,2.0
83,1602,2.0
83,1608,3.0
83,1610,3.0
83,1615,4.0
83,1616,4.5
83,1624,4.5
83,1628,0.5
83,1632,1.5
83,1635,3.5
83,1639,3.0
83,1649,1.5
83,1663,2.5
83,1666,0.5
83,1681,3.5
83,1693,4.0
83,1696,3.0
83,1699,0.0
83,1710,4.0
83,1717,0.0
83,1735,2.5
83,1745,0.5
83,1750,4.5
83,1758,4.0
83,1760,2.5
83,1764,1.0
83,1770,2.0
83,1776,0.5
83,1781,4.5
83,1782,1.5
83,1808,2.0
83,1813,2.5
83,1817,0.0
83,1818,1.0
83,1819,4.5
83,1820,4.0
83,1823,3.0
83,1841,4.5
83,1846,1.5
83,1847,0.5
83,1850,1.0
83,1855,0.5
83,1859,5.0
83,1872,0.0
83,1874,2.0
83,1878,4.5
83,1880,0.5
83,1894,2.0
83,1909,4.5
83,1913,4.0
83,1918,3.0
83,1920,3.5
83,1936,2.5
83,1939,0.5
83,1940,2.0
83,1949,5.0
83,1954,0.5
83,1960,1.0
83,1967,2.0
83,1968,1.5
83,1997,5.0
83,2018,3.0
83,2020,5.0
83,2023,2.0
83,2025,1.0
83,2030,1.5
83,2036,4.5
83,2040,2.5
83,2055,4.0
83,2056,5.0
83,2059,2.0
83,2062,4.0
83,2069,3.5
83,2078,1.0
83,2080,1.5
83,2095,4.0
83,2102,3.5
83,2104,1.5
83,2114,4.5
83,2117,3.5
83,2135,0.0
83,2142,1.0
83,2143,0.0
83,2144,4.0
83,2146,1.5
83,2163,0.5
83,2166,3.5
83,2173,4.5
83,2174,4.5
83,2187,1.5
83,2190,4.5
83,2199,4.0
83,2202,0.5
83,2209,2.5
83,2216,1.0
83,2219,2.0
83,2222,1.0
83,2228,4.0
83,2231,0.5
83,2251,4.0
83,2264,2.5
83,2266,3.5
83,2271,2.5
83,2272,1.5
83,2273,4.5
83,2275,2.5
83,2276,4.0
83,2289,2.5
83,2294,0.5
83,2306,1.5
83,2308,4.0
83,2317,2.0
83,2346,1.0
83,2353,3.5
83,2358,0.0
83,2368,4.0
83,2394,3.5
83,2409,5.0
83,2411,1.0
83,2416,1.0
83,2425,2.5
83,2426,2.5
83,2432,4.5
83,2438,2.0
83,2446,4.0
83,2456,5.0
83,2469,4.5
83,2471,2.0
83,2472,3.0
83,2476,1.0
83,2492,5.0
83,2493,4.0
83,2496,2.5
83,2541,1.0
83,2543,5.0
83,2553,2.5
83,2563,5.0
83,2577,4.5
83,2592,2.0
83,2595,3.0
83,2597,5.0
83,2604,1.0
83,2619,0.0
83,2624,3.5
83,2625,1.5
83,2626,3.0
83,2633,4.0
83,2636,2.0
83,2650,4.5
83,2681,2.0
83,2682,4.5
83,2699,4.5
83,2700,3.5
83,2712,1.0
83,2718,3.0
83,2725,0.0
83,2730,3.5
83,2741,0.0
83,2743,1.0
83,2744,1.0
83,2758,3.5
83,2761,3.5
83,2780,3.0
83,2785,4.5
83,2794,3.5
83,2802,3.0
83,2809,3.5
83,2818,4.0
83,2829,5.0
83,2834,3.0
83,2849,3.0
83,2864,1.0
83,2867,4.0
83,2885,1.0
83,2890,1.5
83,2893,0.5
83,2924,4.5
83,2932,5.0
83,2933,4.0
83,2934,4.5
83,2936,5.0
83,2951,5.0
83,2955,0.0
83,2958,0.5
83,2962,3.5
83,2981,0.0
83,2995,3.5
83,3026,1.0
83,3036,2.0
83,3039,0.5
83,3046,2.5
83,3050,1.5
83,3051,1.5
83,3078,1.5
83,3093,2.0
83,3101,2.0
83,3108,0.0
83,3109,2.5
83,3110,0.0
83,3113,3.5
83,3116,3.5
83,3119,2.0
83,3121,4.0
83,3122,0.0
83,3125,3.0
83,3126,0.5
83,3133,0.5
83,3142,1.0
83,3154,3.5
83,3166,4.0
83,3179,1.0
83,3194,1.5
83,3198,2.5
83,3201,1.5
83,3203,3.5
83,3206,5.0
83,3210,5.0
83,3223,4.0
83,3226,3.5
83,3237,4.0
83,3239,1.0
83,3247,1.5
83,3252,4.0
83,3255,2.0
83,3259,3.5
83,3275,5.0
83,3278,0.5
83,3280,5.0
83,3305,1.5
83,3307,3.0
83,3310,4.5
83,3313,5.0
83,3316,4.0
83,3322,1.5
83,3324,5.0
83,3325,0.0
83,3328,3.5
83,3345,2.5
83,3347,3.5
83,3348,5.0
83,3349,3.0
83,3350,2.0
83,3356,2.5
83,3361,2.5
83,3365,1.5
83,3370,0.0
83,3375,2.0
83,3376,0.0
83,3384,1.0
83,3389,2.5
83,3402,4.5
83,3406,0.5
83,3410,0.5
83,3414,3.5
83,3416,2.5
83,3418,3.5
83,3445,3.0
83,3448,3.0
83,3453,0.0
83,3455,0.5
83,3456,2.0
83,3458,3.5
83,3495,4.0
83,3504,3.0
83,3507,0.0
83,3521,2.5
83,3533,3.5
83,3539,4.0
83,3540,2.0
83,3555,1.0
83,3563,4.5
83,3568,4.5
83,3572,1.0
83,3578,5.0
83,3580,0.0
83,3581,4.5
83,3587,1.5
83,3592,0.5
83,3627,1.0
83,3629,1.5
83,3634,3.5
83,3639,3.0
83,3644,0.5
83,3648,3.5
83,3651,4.0
83,3657,3.0
83,3658,2.0
83,3661,2.5
83,3667,1.5
83,3676,0.0
83,3683,3.0
83,3693,0.0
83,3697,4.0
83,3703,4.0
83,3705,1.5
83,3712,4.5
83,3730,0.0
83,3732,1.0
83,3735,4.0
83,3740,1.5
83,3741,2.5
83,3742,3.0
83,3744,1.5
83,3750,3.0
83,3756,0.0
83,3759,2.0
83,3780,4.0
83,3792,0.5
83,3793,5.0
83,3797,5.0
83,3836,0.5
83,3841,0.5
83,3850,2.0
83,3856,1.0
83,3865,3.0
83,3867,0.0
83,3873,1.0
83,3875,0.0
83,3882,5.0
83,3886,3.0
83,3889,3.5
83,3893,2.0
83,3894,4.0
83,3895,1.0
83,3903,3.5
83,3907,3.5
83,3911,2.0
83,3918,2.0
83,3951,3.0
83,3960,4.0
83,3965,0.5
83,3970,0.5
83,3981,4.0
83,3983,3.0
83,3994,0.0
84,11,2.5
84,19,2.0
84,23,1.0
84,28,3.5
84,29,1.5
84,34,3.5
84,36,4.5
84,42,5.0
84,45,0.0
84,62,2.0
84,64,1.5
84,68,5.0
84,70,2.0
84,81,1.5
84,95,2.0
84,105,0.0
84,107,4.5
84,108,2.5
84,110,4.0
84,115,2.5
84,124,1.5
84,140,0.0
84,142,4.0
84,145,2.0
84,148,3.0
84,149,3.0
84,165,2.5
84,171,1.0
84,184,3.5
84,190,1.5
84,195,4.0
84,207,4.5
84,215,4.5
84,226,3.5
84,242,2.5
84,248,3.0
84,250,2.0
84,269,5.0
84,270,5.0
84,273,2.5
84,274,3.0
84,280,2.5
84,295,0.0
84,297,3.0
84,314,0.5
84,319,0.0
84,322,1.0
84,347,2.0
84,349,2.5
84,353,2.5
84,358,5.0
84,362,3.5
84,371,0.5
84,375,0.5
84,377,0.5
84,385,0.0
84,389,1.5
84,400,0.5
84,409,2.0
84,411,0.0
84,413,0.0
84,420,4.0
84,421,1.0
84,443,3.0
84,451,3.5
84,457,5.0
84,465,5.0
84,470,5.0
84,476,4.0
84,479,1.0
84,489,0.0
84,503,5.0
84,514,1.0
84,525,3.5
84,528,4.0
84,538,1.5
84,540,4.0
84,541,2.5
84,551,3.0
84,563,1.0
84,573,1.0
84,582,4.0
84,596,4.5
84,598,3.0
84,606,0.0
84,616,4.5
84,622,3.5
84,626,4.0
84,631,0.5
84,632,1.0
84,636,2.0
84,642,3.0
84,646,2.5
84,647,1.5
84,651,1.0
84,677,3.5
84,681,2.5
84,682,0.5
84,685,5.0
84,697,5.0
84,699,1.5
84,702,5.0
84,716,0.0
84,727,5.0
84,732,0.0
84,736,3.0
84,739,2.5
84,751,2.5
84,755,1.5
84,764,3.0
84,768,4.0
84,775,5.0
84,784,3.5
84,786,2.0
84,788,1.5
84,789,4.5
84,795,4.5
84,802,1.0
84,806,0.5
84,816,0.0
84,818,2.5
84,831,2.0
84,837,3.0
84,838,3.5
84,851,1.0
84,872,2.0
84,873,0.0
84,876,4.0
84,887,3.5
84,889,5.0
84,894,3.5
84,904,4.5
84,911,1.5
84,916,2.5
84,920,3.5
84,924,2.5
84,941,3.0
84,958,3.0
84,968,5.0
84,972,5.0
84,976,3.5
84,998,0.5
84,1021,0.5
84,1039,5.0
84,1041,2.0
84,1058,3.5
84,1062,3.5
84,1068,3.5
84,1087,3.5
84,1101,0.0
84,1105,1.0
84,1111,1.5
84,1112,4.5
84,1114,1.0
84,1122,0.5
84,1128,4.0
84,1132,0.5
84,1137,0.0
84,1146,3.5
84,1150,2.0
84,1159,4.0
84,1162,3.5
84,1180,4.5
84,1183,0.0
84,1194,2.5
84,1199,5.0
84,1204,5.0
84,1208,3.5
84,1213,2.0
84,1223,3.5
84,1226,3.5
84,1240,0.0
84,1251,4.0
84,1269,3.0
84,1274,0.5
84,1279,3.0
84,1280,2.5
84,1282,4.0
84,1302,4.0
84,1315,4.5
84,1321,2.5
84,1328,0.5
84,1329,1.5
84,1333,5.0
84,1351,4.5
84,1358,3.0
84,1365,5.0
84,1366,3.0
84,1379,4.0
84,1383,4.5
84,1389,0.5
84,1410,3.0
84,1411,1.5
84,1412,1.0
84,1416,3.0
84,1421,1.0
84,1423,3.5
84,1427,3.0
84,1433,3.0
84,1437,4.0
84,1446,2.0
84,1467,0.5
84,1475,1.5
84,1480,3.0
84,1484,2.0
84,1491,5.0
84,1496,3.0
84,1500,4.0
84,1514,3.5
84,1515,0.5
84,1518,4.0
84,1523,2.0
84,1531,3.0
84,1538,2.0
84,1539,0.0
84,1561,5.0
84,1562,0.0
84,1574,3.0
84,1585,2.0
84,1589,2.5
84,1601,0.5
84,1608,1.0
84,1609,3.5
84,1610,1.0
84,1615,1.5
84,1616,0.5
84,1624,1.0
84,1628,3.0
84,1638,2.5
84,1639,3.5
84,1647,1.0
84,1649,3.0
84,1654,1.5
84,1663,3.5
84,1666,1.5
84,1672,3.0
84,1680,0.0
84,1681,1.5
84,1698,4.0
84,1699,3.5
84,1711,1.5
84,1716,0.0
84,1717,0.0
84,1722,3.0
84,1724,0.5
84,1727,4.5
84,1734,0.5
84,1738,4.5
84,1745,3.5
84,1750,1.0
84,1751,3.5
84,1754,2.0
84,1758,0.0
84,1760,4.5
84,1763,1.0
84,1764,3.5
84,1766,3.5
84,1781,1.5
84,1782,2.5
84,1783,0.0
84,1791,2.0
84,1794,1.0
84,1802,1.5
84,1808,0.5
84,1813,4.0
84,1815,1.0
84,1816,2.0
84,1819,1.5
84,1820,0.0
84,1832,3.0
84,1838,3.5
84,1841,1.0
84,1846,1.5
84,1859,0.5
84,1865,3.5
84,1866,2.5
84,1872,1.0
84,1880,2.0
84,1894,3.5
84,1900,2.0
84,1909,0.0
84,1912,0.0
84,1913,1.5
84,1918,2.5
84,1921,2.0
84,1928,2.5
84,1936,0.5
84,1939,5.0
84,1940,3.0
84,1949,0.5
84,1968,0.0
84,1971,3.5
84,1980,4.0
84,1988,5.0
84,2032,2.0
84,2059,5.0
84,2067,2.0
84,2069,1.5
84,2078,4.0
84,2081,0.0
84,2095,3.5
84,2099,3.5
84,2105,0.0
84,2106,4.5
84,2117,2.0
84,2134,0.5
84,2135,4.0
84,2142,5.0
84,2144,0.5
84,2146,3.0
84,2160,2.0
84,2163,3.5
84,2173,3.5
84,2179,0.0
84,2187,1.5
84,2189,2.0
84,2199,3.5
84,2202,2.0
84,2209,2.5
84,2216,2.5
84,2218,3.5
84,2220,5.0
84,2222,3.0
84,2232,3.0
84,2240,1.0
84,2242,3.5
84,2246,0.5
84,2254,4.5
84,2257,2.5
84,2264,3.0
84,2266,4.5
84,2267,5.0
84,2271,1.0
84,2272,2.0
84,2275,0.0
84,2276,4.5
84,2277,2.5
84,2281,0.0
84,2285,5.0
84,2289,4.0
84,2294,4.5
84,2317,1.5
84,2320,1.5
84,2334,2.0
84,2337,1.5
84,2343,3.5
84,2351,1.0
84,2353,4.5
84,2368,0.0
84,2382,0.5
84,2394,1.5
84,2403,2.0
84,2409,2.0
84,2410,5.0
84,2416,3.0
84,2417,5.0
84,2425,3.5
84,2426,1.5
84,2436,1.0
84,2444,1.5
84,2456,0.0
84,2469,1.0
84,2476,5.0
84,2478,1.0
84,2493,0.5
84,2499,4.5
84,2514,5.0
84,2525,0.0
84,2541,2.5
84,2556,0.0
84,2559,1.5
84,2566,3.5
84,2577,2.5
84,2588,3.0
84,2592,1.5
84,2597,0.5
84,2601,4.5
84,2604,0.0
84,2612,2.5
84,2623,3.5
84,2625,0.5
84,2626,3.5
84,2633,3.5
84,2650,2.0
84,2653,0.5
84,2659,1.5
84,2679,2.0
84,2682,1.0
84,2697,1.5
84,2698,0.5
84,2700,4.5
84,2705,1.5
84,2712,2.5
84,2718,0.0
84,2725,4.5
84,2730,3.5
84,2748,2.5
84,2752,2.0
84,2755,5.0
84,2757,4.5
84,2761,2.5
84,2767,1.5
84,2771,0.0
84,2780,3.5
84,2794,2.5
84,2799,3.0
84,2802,4.0
84,2803,3.0
84,2813,0.5
84,2828,2.0
84,2842,5.0
84,2849,1.0
84,2851,1.5
84,2852,1.0
84,2864,1.5
84,2873,3.5
84,2874,0.0
84,2885,4.0
84,2890,0.0
84,2893,4.5
84,2902,5.0
84,2910,4.0
84,2912,2.5
84,2919,3.5
84,2924,5.0
84,2932,4.0
84,2936,2.5
84,2951,1.5
84,2953,1.5
84,2954,5.0
84,2958,3.0
84,2970,5.0
84,2995,3.0
84,3008,0.5
84,3014,5.0
84,3017,2.5
84,3026,1.5
84,3039,3.0
84,3042,0.0
84,3046,3.0
84,3050,1.0
84,3051,5.0
84,3055,1.5
84,3058,2.5
84,3101,1.5
84,3113,3.5
84,3117,4.0
84,3122,4.5
84,3125,0.0
84,3142,0.0
84,3146,1.5
84,3147,4.0
84,3150,0.5
84,3166,0.5
84,3169,0.0
84,3179,5.0
84,3184,5.0
84,3194,1.0
84,3201,4.5
84,3206,4.5
84,3208,0.0
84,3210,2.5
84,3215,5.0
84,3232,4.0
84,3251,1.0
84,3265,1.0
84,3267,1.5
84,3275,3.5
84,3280,4.0
84,3289,3.0
84,3297,5.0
84,3298,1.0
84,3300,0.5
84,3305,4.0
84,3313,3.5
84,3327,2.0
84,3342,2.0
84,3356,0.5
84,3359,0.5
84,3370,4.5
84,3375,2.0
84,3384,1.5
84,3386,4.5
84,3393,4.0
84,3400,1.5
84,3402,2.5
84,3406,1.5
84,3413,0.5
84,3418,3.5
84,3423,2.0
84,3445,3.0
84,3446,3.5
84,3447,0.0
84,3448,4.0
84,3453,3.5
84,3455,5.0
84,3456,1.0
84,3458,4.0
84,3487,3.0
84,3500,0.5
84,3504,4.5
84,3507,0.0
84,3509,1.0
84,3515,2.5
84,3521,5.0
84,3523,3.5
84,3527,1.5
84,3530,1.0
84,3533,2.0
84,3536,0.5
84,3539,1.5
84,3542,3.0
84,3548,2.5
84,3554,0.5
84,3558,3.5
84,3563,1.5
84,3568,3.0
84,3578,4.0
84,3580,1.0
84,3599,3.5
84,3605,1.0
84,3608,0.5
84,3622,0.0
84,3627,2.0
84,3634,0.5
84,3640,4.5
84,3643,3.5
84,3646,2.5
84,3648,5.0
84,3658,3.5
84,3659,1.0
84,3667,3.0
84,3675,3.0
84,3683,0.0
84,3697,1.0
84,3701,4.0
84,3703,2.5
84,3705,2.0
84,3717,2.5
84,3730,4.5
84,3741,1.5
84,3759,4.0
84,3761,4.0
84,3767,4.0
84,3780,5.0
84,3781,4.5
84,3793,0.0
84,3826,5.0
84,3841,5.0
84,3852,2.5
84,3856,2.5
84,3860,0.5
84,3865,4.5
84,3873,3.5
84,3875,0.5
84,3881,3.0
84,3884,3.5
84,3889,0.0
84,3893,0.0
84,3894,3.5
84,3895,1.5
84,3906,1.5
84,3907,1.5
84,3918,2.0
84,3957,1.0
84,3965,0.5
84,3981,5.0
84,3986,2.5
84,3987,2.5
84,3997,0.5
85,11,5.0
85,26,2.0
85,34,2.5
85,42,3.5
85,44,5.0
85,49,4.5
85,55,4.5
85,62,3.0
85,64,1.5
85,68,3.5
85,76,0.5
85,81,1.5
85,86,1.0
85,90,2.5
85,107,0.5
85,108,4.0
85,110,5.0
85,115,5.0
85,124,3.0
85,133,0.5
85,152,2.0
85,161,5.0
85,190,3.5
85,199,3.0
85,203,3.0
85,207,3.0
85,233,4.0
85,235,5.0
85,241,1.5
85,243,0.0
85,248,3.0
85,250,0.5
85,256,3.0
85,265,5.0
85,270,5.0
85,273,2.0
85,274,2.0
85,280,1.0
85,288,4.5
85,297,3.0
85,314,1.0
85,336,1.5
85,346,2.5
85,347,1.5
85,362,0.5
85,366,4.5
85,371,4.0
85,383,0.5
85,385,3.0
85,400,4.5
85,409,1.0
85,413,3.0
85,421,4.5
85,432,0.5
85,455,3.5
85,477,5.0
85,482,1.5
85,484,3.0
85,492,1.0
85,495,5.0
85,503,3.0
85,509,0.5
85,512,3.5
85,517,1.5
85,525,5.0
85,528,4.0
85,541,5.0
85,566,3.0
85,573,4.0
85,576,0.0
85,596,3.0
85,602,3.0
85,606,0.0
85,624,2.0
85,625,3.0
85,631,1.5
85,636,3.0
85,642,3.0
85,643,2.5
85,647,1.0
85,651,2.5
85,669,4.5
85,677,4.5
85,679,4.0
85,680,1.0
85,697,0.5
85,699,0.5
85,702,3.5
85,716,2.0
85,737,1.5
85,739,4.0
85,744,2.5
85,748,2.5
85,764,0.5
85,768,1.5
85,775,1.0
85,780,0.0
85,784,0.5
85,806,4.5
85,815,1.5
85,818,4.5
85,824,5.0
85,830,4.5
85,834,3.5
85,837,5.0
85,846,5.0
85,873,5.0
85,880,3.5
85,885,2.0
85,888,4.5
85,889,3.5
85,894,1.5
85,919,2.0
85,924,4.5
85,927,4.0
85,939,5.0
85,941,3.5
85,949,3.0
85,950,4.5
85,967,5.0
85,972,1.0
85,983,1.0
85,1003,1.5
85,1004,4.0
85,1008,2.5
85,1013,0.0
85,1021,2.0
85,1025,2.5
85,1035,1.5
85,1047,2.5
85,1049,3.0
85,1062,0.5
85,1076,4.5
85,1087,4.0
85,1091,1.0
85,1105,0.0
85,1109,1.5
85,1110,4.5
85,1122,2.0
85,1137,5.0
85,1161,1.5
85,1171,5.0
85,1194,1.0
85,1203,5.0
85,1204,1.0
85,1206,3.0
85,1218,3.5
85,1219,0.0
85,1228,0.5
85,1235,4.0
85,1240,0.0
85,1251,3.5
85,1253,2.5
85,1258,4.5
85,1261,1.5
85,1264,2.0
85,1269,1.5
85,1278,1.5
85,1279,2.0
85,1286,5.0
85,1291,5.0
85,1292,1.0
85,1309,2.5
85,1316,3.5
85,1320,0.5
85,1329,4.5
85,1333,4.0
85,1342,2.0
85,1351,1.0
85,1352,3.5
85,1355,1.0
85,1366,3.5
85,1379,3.5
85,1383,3.0
85,1386,0.5
85,1389,1.0
85,1401,4.0
85,1402,4.0
85,1408,2.5
85,1410,1.5
85,1411,5.0
85,1412,5.0
85,1437,4.0
85,1442,3.5
85,1444,0.5
85,1447,1.0
85,1455,4.0
85,1483,3.0
85,1515,0.0
85,1516,3.5
85,1520,3.5
85,1523,1.5
85,1531,3.0
85,1538,2.0
85,1542,3.5
85,1544,4.5
85,1574,5.0
85,1583,5.0
85,1589,4.0
85,1601,5.0
85,1610,2.0
85,1624,4.5
85,1628,4.0
85,1632,2.0
85,1638,3.5
85,1643,5.0
85,1647,4.0
85,1649,5.0
85,1654,1.0
85,1663,3.5
85,1664,4.0
85,1666,1.0
85,1676,0.5
85,1682,1.0
85,1688,3.5
85,1690,1.5
85,1693,3.5
85,1694,5.0
85,1696,1.0
85,1698,2.5
85,1699,2.5
85,1703,4.5
85,1710,0.0
85,1711,0.0
85,1722,3.0
85,1724,4.0
85,1737,4.0
85,1738,2.0
85,1740,0.5
85,1741,5.0
85,1750,3.0
85,1751,2.5
85,1763,1.0
85,1764,1.5
85,1766,1.0
85,1781,4.5
85,1783,3.0
85,1791,2.0
85,1800,0.0
85,1802,5.0
85,1813,1.5
85,1815,1.5
85,1816,4.0
85,1817,1.0
85,1818,4.0
85,1819,3.5
85,1820,0.0
85,1832,4.5
85,1838,4.0
85,1841,3.5
85,1850,5.0
85,1855,3.5
85,1859,4.5
85,1870,1.0
85,1887,4.5
85,1912,2.5
85,1913,3.0
85,1920,1.0
85,1951,0.5
85,1954,4.5
85,1959,2.0
85,1967,3.0
85,1971,3.5
85,1988,2.0
85,2025,4.0
85,2028,3.5
85,2030,4.5
85,2032,2.5
85,2036,1.0
85,2040,2.0
85,2044,4.0
85,2062,1.5
85,2071,2.0
85,2078,3.5
85,2083,4.5
85,2084,0.5
85,2087,5.0
85,2095,5.0
85,2099,2.0
85,2105,0.5
85,2106,3.0
85,2109,2.0
85,2119,2.0
85,2142,2.0
85,2146,3.5
85,2160,0.5
85,2163,1.0
85,2164,5.0
85,2165,3.0
85,2166,0.0
85,2174,3.5
85,2179,3.0
85,2195,4.0
85,2199,0.0
85,2202,5.0
85,2218,5.0
85,2219,4.5
85,2220,3.5
85,2222,0.5
85,2231,3.5
85,2240,1.5
85,2257,5.0
85,2261,1.0
85,2267,1.0
85,2271,0.0
85,2272,4.0
85,2273,3.0
85,2275,2.0
85,2277,4.5
85,2280,0.5
85,2281,0.5
85,2288,2.5
85,2292,4.0
85,2295,2.0
85,2297,0.0
85,2320,3.5
85,2334,0.0
85,2337,3.0
85,2339,2.0
85,2343,1.0
85,2348,0.0
85,2358,3.5
85,2363,3.5
85,2382,4.0
85,2394,4.0
85,2403,5.0
85,2409,0.0
85,2411,2.0
85,2416,0.5
85,2417,1.0
85,2425,3.5
85,2431,4.0
85,2469,0.0
85,2471,2.0
85,2472,2.5
85,2476,3.5
85,2478,2.0
85,2482,1.5
85,2496,5.0
85,2499,0.0
85,2512,3.5
85,2525,1.0
85,2541,4.5
85,2543,0.0
85,2553,5.0
85,2563,3.0
85,2577,2.0
85,2589,3.5
85,2596,3.0
85,2597,0.0
85,2604,4.5
85,2612,1.5
85,2614,3.0
85,2616,0.5
85,2623,4.5
85,2649,4.0
85,2650,0.5
85,2653,3.0
85,2659,3.5
85,2667,2.5
85,2675,4.5
85,2682,2.5
85,2686,3.5
85,2688,3.5
85,2694,0.5
85,2697,5.0
85,2705,1.0
85,2718,5.0
85,2744,0.0
85,2755,1.5
85,2758,2.5
85,2763,2.0
85,2779,1.5
85,2780,3.0
85,2781,3.0
85,2794,3.5
85,2803,3.0
85,2812,3.5
85,2813,0.5
85,2825,1.0
85,2829,4.5
85,2837,3.0
85,2849,2.0
85,2852,2.0
85,2858,3.0
85,2866,3.0
85,2873,4.0
85,2876,3.0
85,2885,3.0
85,2893,5.0
85,2902,1.5
85,2914,2.0
85,2919,1.0
85,2924,4.5
85,2934,0.5
85,2954,4.5
85,2958,0.0
85,2962,1.5
85,2970,1.0
85,2989,2.0
85,2995,5.0
85,3014,3.5
85,3016,4.0
85,3017,0.0
85,3026,2.0
85,3036,4.5
85,3043,2.5
85,3044,1.0
85,3046,5.0
85,3050,3.5
85,3052,3.0
85,3058,1.0
85,3074,2.0
85,3080,2.0
85,3106,1.0
85,3114,3.5
85,3117,5.0
85,3119,3.5
85,3125,0.0
85,3126,5.0
85,3133,2.5
85,3150,0.5
85,3154,2.0
85,3155,3.0
85,3166,3.0
85,3168,1.5
85,3169,1.0
85,3179,0.5
85,3184,4.0
85,3198,0.5
85,3206,4.5
85,3209,5.0
85,3212,1.5
85,3215,4.5
85,3222,3.0
85,3223,1.0
85,3237,0.0
85,3242,4.5
85,3252,1.0
85,3256,2.5
85,3262,2.0
85,3263,4.0
85,3265,4.0
85,3272,0.0
85,3275,1.5
85,3282,4.0
85,3292,1.5
85,3305,1.5
85,3310,0.0
85,3321,5.0
85,3322,0.5
85,3328,0.0
85,3342,0.5
85,3345,2.5
85,3349,0.0
85,3355,1.5
85,3356,0.0
85,3361,5.0
85,3375,4.0
85,3383,2.0
85,3386,3.0
85,3389,2.5
85,3393,2.5
85,3396,3.5
85,3400,2.0
85,3402,5.0
85,3406,2.0
85,3410,5.0
85,3413,1.5
85,3414,2.5
85,3416,2.5
85,3418,0.0
85,3423,5.0
85,3446,3.0
85,3448,5.0
85,3458,3.5
85,3465,5.0
85,3494,3.5
85,3500,1.0
85,3503,0.0
85,3504,1.5
85,3507,1.5
85,3509,5.0
85,3510,2.0
85,3521,2.5
85,3533,5.0
85,3548,2.5
85,3563,3.5
85,3566,2.0
85,3568,4.0
85,3572,0.5
85,3578,4.0
85,3580,0.5
85,3587,3.0
85,3599,4.5
85,3608,3.5
85,3622,0.0
85,3629,5.0
85,3634,0.0
85,3643,3.5
85,3644,3.0
85,3646,0.5
85,3647,2.5
85,3657,4.0
85,3659,3.0
85,3667,3.0
85,3676,4.0
85,3683,1.5
85,3693,2.5
85,3695,5.0
85,3712,2.0
85,3730,3.0
85,3732,2.5
85,3735,1.0
85,3741,3.0
85,3747,4.5
85,3753,0.5
85,3756,4.0
85,3759,1.5
85,3761,1.5
85,3767,4.0
85,3791,1.0
85,3821,4.5
85,3822,2.0
85,3823,0.0
85,3836,3.0
85,3841,1.5
85,3856,4.0
85,3859,3.0
85,3867,0.0
85,3873,4.0
85,3874,4.0
85,3875,0.5
85,3881,4.5
85,3884,2.5
85,3891,2.0
85,3893,4.5
85,3894,1.0
85,3957,1.5
85,3960,4.0
85,3970,0.5
85,3986,4.0
85,3994,2.0
85,3997,2.5
86,4,3.5
86,6,2.0
86,9,0.5
86,11,2.0
86,20,3.5
86,23,2.0
86,28,0.5
86,29,4.0
86,32,0.5
86,34,4.5
86,45,0.0
86,49,2.0
86,62,5.0
86,63,3.0
86,64,0.5
86,68,4.0
86,90,2.0
86,107,4.0
86,112,1.0
86,115,1.5
86,116,3.0
86,118,4.0
86,133,2.5
86,140,4.5
86,143,4.0
86,152,4.5
86,161,2.5
86,190,1.5
86,199,2.5
86,233,5.0
86,235,2.5
86,241,4.0
86,242,1.0
86,244,0.5
86,248,1.5
86,252,2.5
86,264,4.0
86,266,0.5
86,273,2.0
86,274,1.0
86,277,2.5
86,319,1.0
86,322,5.0
86,327,4.5
86,366,1.5
86,377,2.5
86,383,1.5
86,389,4.5
86,401,0.5
86,414,1.0
86,420,3.5
86,421,0.5
86,428,4.5
86,437,0.0
86,444,2.0
86,451,1.0
86,454,1.5
86,459,3.5
86,466,2.5
86,476,4.0
86,477,2.5
86,480,4.5
86,482,0.5
86,484,4.0
86,491,0.0
86,503,3.5
86,512,3.5
86,517,3.0
86,528,2.5
86,534,0.5
86,540,4.5
86,544,2.0
86,547,2.5
86,551,3.0
86,562,2.5
86,569,1.5
86,582,1.5
86,600,4.5
86,602,2.5
86,612,5.0
86,616,2.0
86,618,2.0
86,631,3.5
86,632,3.5
86,646,4.0
86,658,1.0
86,668,3.0
86,677,1.0
86,680,4.0
86,681,4.5
86,696,1.5
86,708,2.0
86,716,0.5
86,733,3.0
86,737,1.5
86,739,0.0
86,744,2.5
86,748,4.0
86,749,3.5
86,751,3.0
86,755,0.5
86,768,2.5
86,775,2.5
86,778,4.5
86,786,0.5
86,788,3.5
86,802,3.5
86,815,4.0
86,824,5.0
86,830,2.5
86,846,5.0
86,850,1.0
86,851,4.5
86,858,5.0
86,859,2.5
86,872,5.0
86,876,2.5
86,879,0.0
86,880,1.5
86,883,2.5
86,884,1.0
86,886,5.0
86,887,4.5
86,888,0.5
86,894,4.0
86,896,2.5
86,901,1.0
86,919,3.5
86,927,4.5
86,937,0.0
86,946,3.5
86,950,3.0
86,967,0.0
86,968,4.5
86,969,5.0
86,977,0.0
86,987,4.0
86,1002,2.0
86,1003,1.0
86,1004,1.0
86,1018,5.0
86,1019,4.0
86,1028,4.0
86,1049,2.0
86,1057,5.0
86,1063,1.5
86,1076,1.0
86,1082,4.5
86,1086,4.5
86,1087,1.0
86,1091,2.5
86,1100,0.0
86,1101,0.5
86,1109,2.5
86,1111,0.0
86,1122,2.0
86,1128,3.0
86,1129,0.0
86,1171,2.0
86,1180,1.0
86,1191,2.0
86,1197,1.5
86,1199,3.5
86,1203,3.0
86,1204,2.5
86,1210,3.5
86,1215,1.0
86,1219,4.0
86,1240,3.0
86,1245,1.5
86,1251,0.0
86,1261,5.0
86,1264,0.5
86,1274,1.0
86,1279,2.0
86,1280,5.0
86,1284,0.5
86,1291,4.5
86,1292,2.0
86,1309,2.0
86,1320,3.5
86,1328,1.0
86,1342,2.0
86,1346,2.5
86,1351,1.5
86,1358,2.0
86,1383,3.5
86,1386,4.0
86,1389,4.5
86,1405,4.0
86,1410,4.0
86,1421,0.0
86,1423,1.5
86,1426,2.5
86,1437,5.0
86,1446,2.5
86,1455,2.0
86,1467,3.0
86,1475,1.5
86,1480,2.5
86,1484,4.5
86,1491,2.5
86,1500,0.5
86,1501,0.0
86,1506,1.5
86,1518,0.5
86,1520,1.0
86,1531,4.5
86,1540,1.5
86,1547,0.0
86,1577,2.0
86,1588,1.5
86,1589,1.5
86,1601,0.0
86,1602,1.5
86,1609,0.5
86,1610,2.0
86,1615,0.0
86,1616,4.0
86,1622,0.0
86,1627,1.5
86,1639,0.0
86,1643,0.0
86,1649,4.5
86,1654,2.5
86,1663,3.5
86,1664,0.0
86,1666,2.5
86,1676,2.5
86,1688,1.5
86,1690,4.5
86,1693,0.5
86,1698,0.5
86,1703,3.5
86,1711,1.0
86,1717,4.0
86,1722,1.5
86,1737,0.0
86,1741,2.5
86,1750,4.5
86,1754,1.5
86,1758,3.5
86,1760,5.0
86,1766,1.5
86,1779,3.0
86,1782,3.5
86,1802,1.0
86,1808,0.0
86,1813,1.0
86,1817,5.0
86,1818,0.5
86,1823,5.0
86,1838,0.5
86,1841,2.0
86,1846,0.5
86,1847,3.5
86,1855,4.0
86,1865,2.5
86,1866,2.5
86,1870,0.0
86,1874,3.0
86,1909,2.5
86,1918,4.5
86,1920,2.0
86,1921,1.0
86,1939,5.0
86,1951,5.0
86,1954,2.0
86,1959,1.5
86,1963,3.5
86,1969,1.5
86,1970,3.5
86,1971,1.5
86,1988,5.0
86,1995,3.0
86,1996,0.5
86,1997,2.5
86,2025,4.0
86,2036,0.0
86,2043,3.5
86,2055,2.5
86,2056,5.0
86,2059,4.5
86,2060,3.5
86,2069,4.5
86,2078,4.0
86,2080,0.5
86,2081,1.0
86,2084,4.0
86,2099,4.5
86,2102,2.0
86,2105,1.5
86,2106,3.5
86,2114,3.5
86,2117,3.5
86,2134,3.0
86,2135,4.5
86,2144,4.5
86,2146,2.0
86,2160,2.5
86,2164,2.0
86,2166,1.5
86,2187,1.5
86,2189,0.5
86,2199,3.0
86,2201,2.5
86,2216,0.0
86,2219,2.0
86,2220,5.0
86,2224,0.0
86,2228,2.5
86,2231,3.5
86,2232,0.0
86,2242,2.0
86,2246,2.5
86,2264,1.0
86,2266,3.0
86,2271,0.5
86,2277,3.5
86,2285,2.0
86,2289,1.5
86,2292,3.0
86,2294,5.0
86,2317,5.0
86,2337,1.5
86,2339,1.5
86,2341,0.0
86,2351,0.0
86,2358,4.5
86,2367,0.5
86,2368,1.5
86,2385,1.0
86,2394,0.0
86,2403,3.5
86,2409,0.0
86,2410,2.5
86,2411,4.5
86,2414,0.0
86,2416,1.5
86,2425,3.0
86,2438,1.5
86,2444,1.5
86,2446,2.5
86,2470,1.0
86,2472,2.5
86,2478,3.0
86,2482,1.0
86,2491,5.0
86,2493,0.5
86,2496,1.0
86,2497,4.0
86,2503,3.0
86,2541,4.5
86,2543,1.5
86,2544,3.5
86,2553,2.0
86,2556,4.5
86,2563,0.0
86,2566,2.5
86,2574,2.0
86,2588,1.5
86,2601,1.0
86,2604,1.5
86,2612,5.0
86,2614,0.5
86,2623,2.0
86,2624,3.0
86,2625,4.5
86,2626,4.0
86,2637,4.5
86,2638,5.0
86,2650,5.0
86,2653,4.5
86,2667,1.0
86,2679,3.0
86,2682,1.0
86,2686,5.0
86,2694,5.0
86,2698,0.5
86,2699,5.0
86,2705,0.0
86,2718,0.5
86,2730,4.0
86,2735,0.0
86,2743,5.0
86,2744,3.0
86,2747,1.5
86,2755,0.0
86,2763,3.5
86,2767,2.5
86,2779,4.0
86,2780,4.5
86,2796,5.0
86,2799,3.5
86,2803,3.0
86,2804,2.5
86,2809,3.0
86,2812,4.0
86,2813,1.0
86,2834,3.0
86,2837,5.0
86,2842,0.0
86,2849,0.0
86,2851,1.0
86,2852,0.5
86,2866,2.5
86,2867,1.5
86,2874,2.5
86,2877,2.0
86,2885,5.0
86,2890,1.5
86,2902,3.5
86,2912,1.5
86,2914,4.0
86,2916,1.0
86,2926,0.5
86,2936,5.0
86,2953,2.5
86,2960,1.0
86,2976,0.0
86,2977,0.0
86,2993,4.0
86,2995,1.5
86,3002,0.5
86,3008,0.0
86,3014,3.5
86,3016,0.5
86,3017,1.5
86,3026,4.0
86,3029,3.5
86,3033,0.0
86,3044,4.5
86,3051,4.5
86,3055,0.5
86,3074,4.5
86,3076,0.0
86,3078,4.0
86,3080,2.5
86,3093,5.0
86,3101,4.0
86,3102,2.0
86,3108,0.5
86,3114,4.5
86,3116,4.5
86,3119,1.0
86,3126,3.0
86,3134,1.5
86,3138,2.0
86,3147,2.0
86,3150,2.0
86,3158,5.0
86,3194,2.0
86,3198,1.0
86,3201,2.0
86,3206,2.0
86,3208,2.0
86,3224,1.5
86,3226,3.5
86,3231,4.0
86,3242,4.5
86,3251,1.5
86,3259,0.0
86,3265,5.0
86,3272,2.0
86,3280,0.5
86,3282,1.5
86,3297,4.5
86,3298,4.5
86,3300,0.5
86,3305,4.0
86,3307,2.0
86,3311,4.5
86,3321,3.0
86,3323,3.5
86,3324,5.0
86,3328,3.0
86,3335,3.0
86,3345,5.0
86,3348,4.0
86,3355,1.0
86,3356,1.0
86,3361,5.0
86,3367,0.0
86,3375,2.0
86,3384,4.0
86,3389,4.0
86,3392,5.0
86,3402,2.0
86,3413,5.0
86,3414,1.5
86,3428,3.5
86,3446,4.0
86,3447,2.5
86,3448,3.0
86,3453,4.5
86,3455,4.5
86,3456,5.0
86,3458,0.0
86,3465,5.0
86,3482,2.0
86,3487,3.0
86,3500,0.0
86,3503,5.0
86,3504,3.0
86,3507,0.5
86,3510,1.5
86,3521,4.0
86,3527,0.5
86,3530,3.0
86,3536,0.0
86,3540,2.0
86,3548,1.0
86,3566,4.0
86,3568,0.0
86,3572,5.0
86,3578,4.5
86,3580,0.5
86,3581,1.5
86,3587,4.0
86,3599,1.0
86,3610,0.0
86,3619,3.5
86,3627,1.5
86,3629,1.0
86,3634,0.5
86,3639,5.0
86,3647,4.5
86,3651,2.0
86,3658,0.0
86,3667,2.5
86,3693,1.5
86,3695,4.5
86,3705,4.0
86,3717,0.0
86,3730,5.0
86,3741,0.5
86,3744,0.5
86,3759,2.0
86,3766,3.0
86,3791,1.0
86,3821,1.0
86,3823,3.0
86,3856,1.0
86,3861,3.0
86,3865,5.0
86,3867,3.5
86,3871,5.0
86,3873,1.0
86,3875,3.5
86,3881,2.5
86,3886,1.0
86,3893,4.0
86,3895,4.0
86,3907,2.0
86,3938,5.0
86,3951,0.0
86,3957,2.0
86,3970,1.5
86,3986,3.5
86,3994,4.0
86,3997,4.0
87,6,5.0
87,9,2.5
87,26,3.5
87,29,3.5
87,36,4.5
87,63,2.5
87,64,2.5
87,76,0.0
87,95,3.5
87,107,2.5
87,110,4.5
87,112,5.0
87,115,2.0
87,133,3.5
87,143,1.5
87,148,2.5
87,149,4.0
87,152,4.5
87,167,0.0
87,185,0.5
87,195,1.0
87,215,2.5
87,229,2.5
87,241,1.5
87,242,2.5
87,244,3.5
87,250,3.0
87,264,2.5
87,265,3.0
87,269,4.5
87,270,2.0
87,273,5.0
87,280,1.0
87,288,1.5
87,319,0.5
87,322,0.0
87,347,2.0
87,358,4.5
87,362,1.0
87,377,1.0
87,383,4.5
87,389,0.0
87,390,3.0
87,409,0.0
87,413,2.5
87,421,3.0
87,437,1.5
87,443,2.5
87,454,1.0
87,459,2.0
87,465,0.0
87,470,0.0
87,476,2.5
87,477,4.0
87,479,5.0
87,484,1.5
87,489,4.5
87,503,1.5
87,509,2.5
87,515,2.0
87,521,2.0
87,538,0.5
87,540,0.5
87,569,0.0
87,596,4.5
87,600,3.0
87,606,0.0
87,618,0.5
87,625,0.0
87,626,1.0
87,633,1.0
87,636,3.0
87,643,4.0
87,646,0.0
87,651,1.0
87,673,2.5
87,677,0.5
87,679,5.0
87,680,1.0
87,682,4.0
87,697,1.5
87,699,1.5
87,705,2.5
87,716,3.5
87,732,3.5
87,733,1.5
87,736,0.5
87,739,4.5
87,749,4.5
87,754,1.0
87,762,5.0
87,775,2.0
87,778,0.0
87,786,4.0
87,795,4.0
87,818,4.0
87,819,0.5
87,831,5.0
87,838,5.0
87,850,0.5
87,872,2.0
87,876,0.0
87,879,0.0
87,884,0.0
87,885,2.0
87,888,4.0
87,894,0.0
87,896,5.0
87,911,5.0
87,919,0.0
87,920,1.5
87,927,3.0
87,937,3.0
87,939,4.0
87,946,1.5
87,949,0.0
87,958,3.0
87,967,3.5
87,969,0.0
87,976,0.5
87,977,1.5
87,1002,0.0
87,1006,2.0
87,1013,3.5
87,1018,0.0
87,1019,0.0
87,1028,2.0
87,1047,5.0
87,1049,4.5
87,1057,4.5
87,1063,1.0
87,1068,2.0
87,1076,5.0
87,1086,3.0
87,1087,3.0
87,1091,4.0
87,1100,3.0
87,1110,0.5
87,1112,3.0
87,1114,1.0
87,1129,1.0
87,1146,5.0
87,1159,5.0
87,1162,2.5
87,1183,2.0
87,1194,1.0
87,1197,0.0
87,1198,5.0
87,1203,2.5
87,1206,5.0
87,1215,4.0
87,1228,2.5
87,1235,5.0
87,1240,4.5
87,1249,0.5
87,1250,1.0
87,1251,2.0
87,1253,0.5
87,1261,5.0
87,1269,3.5
87,1274,0.5
87,1279,2.0
87,1282,1.5
87,1284,0.5
87,1286,4.5
87,1292,1.5
87,1309,1.5
87,1321,5.0
87,1329,1.5
87,1333,3.0
87,1351,4.5
87,1366,0.0
87,1371,0.0
87,1386,0.0
87,1387,3.0
87,1389,4.0
87,1401,3.5
87,1402,3.0
87,1405,2.5
87,1408,4.0
87,1411,4.0
87,1426,2.5
87,1429,2.5
87,1433,2.0
87,1447,4.0
87,1455,2.5
87,1475,3.0
87,1491,3.5
87,1496,3.0
87,1500,2.0
87,1501,1.0
87,1514,0.5
87,1520,3.5
87,1529,5.0
87,1531,0.0
87,1532,4.0
87,1538,3.5
87,1539,3.0
87,1540,5.0
87,1574,0.5
87,1585,3.0
87,1589,2.5
87,1601,3.5
87,1610,4.5
87,1615,2.5
87,1624,4.5
87,1630,0.0
87,1638,4.5
87,1643,3.5
87,1647,0.0
87,1659,3.5
87,1663,2.5
87,1680,1.5
87,1698,5.0
87,1699,0.0
87,1701,0.5
87,1711,5.0
87,1717,5.0
87,1722,5.0
87,1727,3.5
87,1735,2.5
87,1740,2.5
87,1750,5.0
87,1751,4.0
87,1754,1.5
87,1758,0.0
87,1760,4.5
87,1764,2.0
87,1766,3.5
87,1771,4.5
87,1779,5.0
87,1782,1.5
87,1800,3.0
87,1813,4.0
87,1816,2.0
87,1817,3.0
87,1818,2.5
87,1819,5.0
87,1820,0.5
87,1823,4.0
87,1832,0.5
87,1838,0.5
87,1847,4.0
87,1855,5.0
87,1865,1.5
87,1870,4.0
87,1872,0.5
87,1878,3.0
87,1900,2.5
87,1913,5.0
87,1918,4.5
87,1921,5.0
87,1940,1.0
87,1951,4.0
87,1963,2.0
87,1968,4.0
87,1969,2.0
87,1971,4.5
87,1980,4.5
87,1997,2.5
87,1999,4.5
87,2011,4.5
87,2018,2.0
87,2023,5.0
87,2030,0.5
87,2040,0.0
87,2055,1.0
87,2056,3.5
87,2062,0.0
87,2071,4.0
87,2083,0.0
87,2096,2.0
87,2099,1.5
87,2105,2.5
87,2109,1.5
87,2118,1.5
87,2119,1.0
87,2134,0.5
87,2143,4.0
87,2146,1.0
87,2160,0.0
87,2164,4.0
87,2165,3.5
87,2173,4.5
87,2181,2.5
87,2187,1.0
87,2189,0.5
87,2201,2.0
87,2219,2.5
87,2228,2.0
87,2240,0.0
87,2246,0.0
87,2254,1.5
87,2257,2.0
87,2261,5.0
87,2266,0.5
87,2272,3.5
87,2273,4.0
87,2278,2.5
87,2280,1.0
87,2289,0.0
87,2292,0.0
87,2294,4.0
87,2295,2.0
87,2297,2.5
87,2317,0.0
87,2334,2.5
87,2341,2.5
87,2343,2.0
87,2346,2.0
87,2348,3.5
87,2359,3.0
87,2363,5.0
87,2367,4.5
87,2385,1.0
87,2411,1.5
87,2416,0.5
87,2425,4.0
87,2426,2.5
87,2452,4.0
87,2456,4.0
87,2469,4.0
87,2472,5.0
87,2478,3.0
87,2482,2.0
87,2491,5.0
87,2492,2.0
87,2493,4.5
87,2495,2.0
87,2496,0.5
87,2503,4.0
87,2514,4.0
87,2541,0.5
87,2553,1.5
87,2577,2.5
87,2595,4.0
87,2596,3.0
87,2597,1.5
87,2619,4.5
87,2624,3.5
87,2625,3.5
87,2633,0.5
87,2650,0.0
87,2659,3.0
87,2667,1.0
87,2679,4.5
87,2682,0.5
87,2698,4.5
87,2699,3.0
87,2712,2.0
87,2725,2.0
87,2743,5.0
87,2747,3.0
87,2748,1.0
87,2752,1.0
87,2755,2.0
87,2761,3.5
87,2771,1.0
87,2779,3.5
87,2796,4.5
87,2799,4.0
87,2802,1.0
87,2804,1.0
87,2825,5.0
87,2828,0.5
87,2829,1.5
87,2834,4.5
87,2837,1.5
87,2852,4.0
87,2858,3.5
87,2860,2.0
87,2864,0.0
87,2890,2.0
87,2902,4.5
87,2910,4.0
87,2916,1.0
87,2919,0.0
87,2924,5.0
87,2932,4.5
87,2954,4.0
87,2955,3.0
87,2958,3.0
87,2962,2.0
87,2975,4.5
87,2993,0.0
87,3014,4.5
87,3016,1.0
87,3017,0.5
87,3029,3.0
87,3033,5.0
87,3036,1.5
87,3041,1.0
87,3044,2.5
87,3046,2.5
87,3047,0.5
87,3051,2.0
87,3052,0.0
87,3054,2.5
87,3055,4.0
87,3058,3.0
87,3074,0.5
87,3080,1.0
87,3093,3.0
87,3102,1.5
87,3108,2.0
87,3110,0.5
87,3116,1.5
87,3117,3.5
87,3119,0.0
87,3121,1.0
87,3122,2.5
87,3125,0.0
87,3126,3.0
87,3131,4.0
87,3142,2.5
87,3146,4.5
87,3147,0.5
87,3150,2.0
87,3154,2.5
87,3158,4.5
87,3162,5.0
87,3167,1.0
87,3168,1.5
87,3191,3.5
87,3201,3.0
87,3203,3.0
87,3208,4.0
87,3212,3.0
87,3215,5.0
87,3222,4.5
87,3226,2.0
87,3231,4.0
87,3237,1.0
87,3251,0.5
87,3255,0.5
87,3267,2.5
87,3275,2.5
87,3278,0.0
87,3280,0.0
87,3282,1.5
87,3289,5.0
87,3292,5.0
87,3310,1.0
87,3311,0.5
87,3316,3.0
87,3321,4.0
87,3327,2.0
87,3335,4.5
87,3347,2.0
87,3359,1.0
87,3375,5.0
87,3376,0.0
87,3383,3.5
87,3386,1.0
87,3393,0.5
87,3400,4.0
87,3410,2.0
87,3413,3.5
87,3414,1.0
87,3418,3.5
87,3423,0.0
87,3445,2.5
87,3455,4.0
87,3458,0.5
87,3482,3.5
87,3487,1.0
87,3495,2.5
87,3503,4.5
87,3504,0.0
87,3507,5.0
87,3509,1.0
87,3510,4.5
87,3515,4.0
87,3521,2.0
87,3527,3.0
87,3533,1.5
87,3536,2.5
87,3540,1.0
87,3542,3.0
87,3554,4.0
87,3566,2.5
87,3568,0.5
87,3572,5.0
87,3599,4.0
87,3610,3.5
87,3622,2.5
87,3624,4.0
87,3627,3.5
87,3639,4.0
87,3657,5.0
87,3659,4.0
87,3661,3.0
87,3676,5.0
87,3683,4.0
87,3697,5.0
87,3701,0.0
87,3712,3.0
87,3739,5.0
87,3742,3.0
87,3744,0.5
87,3747,1.5
87,3753,4.0
87,3761,2.5
87,3770,0.0
87,3773,0.0
87,3781,5.0
87,3792,2.0
87,3793,0.5
87,3821,3.5
87,3822,4.5
87,3836,4.5
87,3843,2.5
87,3850,0.5
87,3852,1.0
87,3859,1.5
87,3860,4.0
87,3871,5.0
87,3873,2.5
87,3874,2.0
87,3875,0.0
87,3882,3.0
87,3889,4.0
87,3894,0.0
87,3895,4.5
87,3965,4.0
87,3981,1.0
88,9,3.5
88,11,5.0
88,19,1.5
88,28,1.0
88,36,4.0
88,44,2.5
88,45,0.0
88,49,4.5
88,68,0.0
88,70,0.5
88,76,2.5
88,81,4.0
88,90,0.5
88,118,1.5
88,142,0.0
88,148,3.5
88,149,1.5
88,165,2.5
88,167,0.5
88,184,4.5
88,195,4.0
88,199,2.0
88,207,1.0
88,229,4.0
88,235,1.0
88,243,3.0
88,250,0.0
88,256,3.5
88,264,2.0
88,269,4.0
88,274,4.0
88,277,0.5
88,280,2.5
88,288,0.5
88,314,4.0
88,336,2.5
88,349,4.5
88,358,4.5
88,362,2.5
88,366,5.0
88,373,1.0
88,375,3.5
88,377,1.5
88,385,5.0
88,401,3.0
88,409,2.5
88,421,5.0
88,425,4.5
88,428,2.0
88,443,0.5
88,457,2.0
88,458,4.5
88,477,0.0
88,514,3.0
88,528,0.5
88,538,4.0
88,541,3.0
88,551,1.0
88,563,3.0
88,576,3.5
88,598,3.0
88,600,5.0
88,606,1.0
88,612,1.5
88,622,3.0
88,624,2.0
88,636,2.0
88,637,4.0
88,646,4.5
88,673,0.5
88,677,0.5
88,679,1.5
88,696,2.5
88,699,3.0
88,702,0.0
88,705,1.0
88,708,1.0
88,729,2.5
88,736,3.0
88,744,5.0
88,748,4.5
88,749,1.0
88,751,3.0
88,754,3.0
88,761,3.0
88,764,5.0
88,768,3.0
88,778,4.5
88,780,1.0
88,789,4.0
88,795,3.5
88,800,3.0
88,806,5.0
88,819,3.5
88,830,3.0
88,831,0.5
88,838,1.5
88,846,4.0
88,850,3.0
88,872,2.5
88,894,4.0
88,896,4.0
88,911,1.0
88,919,1.5
88,920,3.0
88,924,2.5
88,937,2.5
88,949,0.5
88,968,3.0
88,977,5.0
88,987,1.5
88,1002,3.0
88,1004,2.0
88,1005,4.0
88,1006,3.5
88,1008,2.5
88,1018,0.5
88,1028,3.0
88,1041,1.0
88,1062,0.0
88,1063,3.0
88,1068,3.0
88,1076,0.0
88,1091,1.5
88,1109,4.0
88,1110,0.0
88,1111,1.0
88,1114,0.0
88,1128,2.0
88,1132,3.0
88,1137,3.0
88,1145,0.0
88,1150,5.0
88,1159,3.0
88,1162,3.0
88,1191,5.0
88,1198,4.0
88,1203,4.0
88,1204,4.0
88,1210,2.5
88,1213,1.5
88,1215,4.0
88,1218,2.0
88,1235,5.0
88,1240,1.5
88,1251,0.5
88,1264,1.0
88,1269,4.0
88,1279,3.5
88,1280,3.0
88,1284,5.0
88,1286,1.0
88,1293,3.5
88,1308,2.0
88,1321,5.0
88,1328,2.0
88,1334,3.0
88,1351,2.0
88,1352,0.0
88,1358,4.5
88,1365,3.0
88,1373,1.5
88,1389,0.0
88,1401,5.0
88,1402,5.0
88,1410,0.0
88,1416,3.0
88,1423,1.0
88,1431,1.0
88,1437,4.5
88,1442,0.5
88,1444,3.0
88,1447,4.5
88,1467,3.0
88,1512,0.5
88,1514,3.5
88,1515,4.0
88,1520,2.5
88,1529,1.0
88,1531,5.0
88,1532,2.5
88,1540,3.5
88,1561,5.0
88,1562,4.0
88,1601,0.5
88,1602,2.0
88,1610,4.0
88,1615,3.0
88,1627,0.0
88,1632,0.0
88,1638,1.5
88,1647,3.0
88,1653,4.0
88,1654,0.5
88,1666,1.5
88,1681,1.0
88,1682,0.5
88,1693,2.5
88,1694,0.5
88,1701,4.0
88,1703,0.0
88,1711,0.5
88,1717,3.0
88,1722,0.0
88,1727,2.5
88,1737,0.5
88,1738,3.0
88,1740,3.5
88,1750,4.0
88,1754,5.0
88,1758,5.0
88,1760,3.0
88,1776,0.5
88,1779,1.5
88,1781,1.0
88,1782,0.5
88,1783,4.5
88,1800,4.0
88,1802,2.5
88,1813,3.0
88,1815,2.0
88,1817,0.0
88,1819,2.0
88,1823,2.0
88,1833,3.0
88,1838,0.0
88,1847,5.0
88,1850,5.0
88,1855,3.0
88,1859,3.5
88,1870,1.5
88,1880,3.0
88,1887,0.0
88,1894,3.5
88,1912,0.5
88,1920,1.5
88,1949,2.0
88,1969,1.0
88,1971,0.0
88,1995,0.0
88,2018,4.0
88,2020,2.5
88,2025,4.0
88,2030,5.0
88,2043,1.5
88,2055,0.5
88,2059,2.5
88,2067,3.5
88,2071,0.0
88,2078,1.0
88,2081,4.5
88,2083,1.0
88,2084,2.0
88,2095,2.0
88,2104,0.5
88,2105,3.5
88,2109,3.0
88,2117,2.5
88,2118,5.0
88,2119,3.0
88,2135,4.0
88,2142,0.5
88,2143,0.5
88,2144,0.5
88,2160,2.0
88,2164,4.5
88,2165,4.5
88,2173,4.5
88,2179,4.0
88,2189,4.0
88,2190,2.5
88,2195,4.5
88,2199,3.0
88,2209,2.0
88,2218,0.0
88,2219,5.0
88,2220,2.5
88,2224,1.0
88,2231,1.5
88,2240,2.5
88,2254,1.5
88,2257,3.5
88,2266,0.5
88,2276,5.0
88,2277,0.0
88,2288,5.0
88,2292,0.0
88,2297,4.0
88,2304,4.0
88,2308,4.0
88,2314,2.0
88,2317,1.0
88,2319,0.5
88,2334,2.5
88,2339,0.5
88,2346,3.0
88,2359,0.5
88,2387,0.0
88,2394,1.0
88,2403,3.0
88,2410,1.5
88,2411,2.0
88,2416,0.5
88,2417,4.5
88,2426,4.5
88,2432,2.0
88,2471,4.0
88,2478,5.0
88,2496,4.0
88,2541,4.0
88,2543,3.0
88,2566,3.0
88,2574,4.0
88,2577,3.5
88,2588,3.5
88,2596,3.0
88,2604,3.5
88,2614,4.5
88,2616,5.0
88,2624,2.5
88,2625,4.5
88,2636,1.5
88,2637,2.0
88,2659,2.5
88,2667,0.5
88,2686,5.0
88,2688,3.5
88,2698,0.5
88,2700,0.5
88,2705,1.5
88,2725,5.0
88,2730,3.5
88,2741,4.5
88,2744,1.0
88,2748,3.5
88,2752,5.0
88,2757,3.5
88,2761,0.0
88,2763,2.5
88,2767,4.5
88,2779,2.5
88,2780,2.5
88,2781,0.0
88,2785,4.0
88,2812,1.5
88,2813,0.5
88,2828,1.5
88,2837,2.0
88,2842,5.0
88,2851,0.0
88,2852,3.5
88,2864,5.0
88,2866,1.0
88,2867,3.5
88,2874,0.5
88,2877,5.0
88,2914,2.0
88,2926,0.5
88,2932,1.0
88,2934,2.0
88,2941,3.5
88,2953,5.0
88,2962,0.0
88,2976,2.5
88,2981,3.5
88,2993,1.5
88,3002,1.5
88,3014,2.0
88,3029,2.5
88,3042,0.5
88,3044,1.0
88,3047,1.0
88,3050,2.0
88,3072,2.0
88,3076,0.0
88,3102,0.0
88,3104,3.5
88,3106,0.5
88,3109,4.5
88,3110,0.5
88,3113,1.0
88,3114,4.0
88,3116,4.0
88,3117,0.5
88,3121,4.0
88,3125,3.0
88,3126,5.0
88,3128,1.5
88,3131,4.5
88,3138,2.5
88,3142,0.0
88,3146,0.5
88,3147,5.0
88,3154,2.0
88,3155,4.5
88,3158,1.0
88,3162,1.5
88,3191,4.5
88,3194,2.0
88,3198,5.0
88,3208,3.5
88,3210,1.5
88,3212,4.0
88,3222,2.0
88,3242,3.0
88,3247,0.5
88,3251,3.5
88,3256,4.0
88,3262,2.5
88,3278,1.0
88,3280,4.0
88,3292,3.0
88,3310,0.0
88,3311,2.5
88,3313,2.0
88,3319,4.0
88,3335,4.0
88,3342,3.0
88,3345,0.5
88,3347,2.5
88,3349,0.5
88,3350,1.5
88,3355,0.0
88,3361,4.5
88,3365,3.5
88,3375,5.0
88,3384,5.0
88,3386,4.5
88,3389,1.0
88,3400,0.0
88,3406,1.5
88,3414,1.0
88,3418,4.5
88,3423,3.5
88,3428,2.5
88,3446,5.0
88,3453,4.0
88,3455,3.0
88,3456,2.0
88,3487,3.0
88,3495,1.0
88,3507,2.5
88,3510,2.0
88,3530,4.0
88,3533,1.0
88,3536,5.0
88,3539,2.0
88,3540,1.5
88,3563,3.5
88,3572,0.0
88,3580,4.5
88,3619,3.0
88,3622,0.0
88,3627,0.0
88,3640,5.0
88,3646,3.5
88,3651,3.0
88,3657,3.5
88,3658,0.5
88,3659,0.5
88,3676,4.5
88,3683,0.5
88,3695,2.0
88,3701,0.5
88,3717,3.5
88,3732,3.5
88,3739,4.0
88,3744,3.5
88,3747,0.0
88,3756,0.0
88,3762,1.5
88,3770,3.5
88,3773,0.5
88,3780,2.0
88,3791,2.5
88,3821,3.0
88,3823,1.5
88,3843,1.0
88,3850,3.5
88,3867,0.5
88,3874,0.0
88,3875,0.0
88,3882,2.0
88,3889,2.0
88,3893,0.5
88,3903,5.0
88,3906,2.5
88,3918,3.0
88,3938,2.0
88,3981,3.0
88,3986,1.0
88,3987,3.5
88,3994,2.5
88,3997,4.0
89,11,2.0
89,19,2.5
89,20,2.5
89,29,3.5
89,36,4.5
89,42,0.0
89,45,5.0
89,49,0.0
89,63,4.0
89,68,2.5
89,70,2.5
89,81,1.5
89,90,5.0
89,95,2.0
89,105,0.5
89,108,5.0
89,110,2.0
89,118,4.0
89,145,1.5
89,149,0.5
89,152,3.0
89,161,1.5
89,190,4.5
89,195,0.0
89,209,1.5
89,229,3.0
89,235,1.5
89,243,1.0
89,265,0.5
89,266,2.0
89,270,0.0
89,273,2.5
89,274,5.0
89,275,2.0
89,288,5.0
89,295,3.5
89,297,1.5
89,322,3.5
89,324,0.0
89,327,1.5
89,353,2.0
89,358,1.5
89,362,4.0
89,366,4.5
89,373,2.5
89,390,3.5
89,400,1.0
89,401,4.5
89,404,0.0
89,409,3.0
89,411,4.0
89,414,0.5
89,420,1.5
89,421,4.5
89,432,1.5
89,437,0.5
89,458,1.5
89,459,0.5
89,470,0.5
89,477,3.5
89,478,4.5
89,484,1.5
89,489,5.0
89,492,0.5
89,495,3.0
89,503,3.0
89,515,5.0
89,517,0.0
89,521,2.0
89,525,1.0
89,528,2.5
89,534,4.5
89,541,3.5
89,544,3.5
89,566,0.0
89,569,2.0
89,582,3.0
89,596,5.0
89,598,1.5
89,602,2.5
89,606,4.0
89,616,2.0
89,622,5.0
89,624,4.0
89,626,1.5
89,632,0.5
89,636,3.5
89,637,3.0
89,646,1.5
89,647,4.0
89,651,4.5
89,669,0.5
89,673,2.5
89,677,4.0
89,679,0.0
89,680,3.5
89,681,1.5
89,682,0.5
89,697,0.5
89,731,5.0
89,732,1.5
89,736,2.5
89,738,2.0
89,739,4.5
89,748,5.0
89,749,1.5
89,751,2.5
89,761,2.5
89,762,4.0
89,764,2.5
89,768,4.5
89,780,2.0
89,786,4.5
89,788,2.5
89,789,2.5
89,800,5.0
89,814,2.0
89,815,2.5
89,818,1.5
89,830,3.5
89,831,3.5
89,834,2.0
89,846,5.0
89,850,0.5
89,851,3.5
89,859,2.0
89,873,0.0
89,876,2.0
89,879,4.5
89,883,1.5
89,884,2.5
89,886,3.0
89,888,4.5
89,889,2.0
89,894,2.5
89,904,3.0
89,911,3.5
89,919,3.5
89,924,1.0
89,927,1.0
89,930,3.5
89,946,5.0
89,955,2.5
89,958,2.5
89,967,0.5
89,976,0.5
89,983,1.5
89,1004,1.0
89,1006,2.0
89,1008,3.5
89,1013,1.5
89,1018,4.0
89,1025,4.5
89,1035,4.0
89,1039,2.5
89,1041,5.0
89,1049,4.5
89,1057,0.0
89,1058,4.5
89,1063,1.5
89,1071,1.5
89,1076,3.5
89,1091,0.0
89,1101,5.0
89,1105,5.0
89,1111,0.0
89,1112,1.0
89,1114,5.0
89,1122,4.5
89,1129,2.0
89,1145,0.5
89,1146,4.5
89,1150,1.0
89,1161,5.0
89,1166,5.0
89,1180,2.5
89,1191,2.5
89,1198,0.0
89,1203,2.0
89,1204,3.5
89,1206,0.0
89,1213,2.5
89,1215,4.5
89,1223,1.5
89,1226,2.0
89,1240,1.5
89,1245,3.0
89,1249,0.5
89,1250,5.0
89,1251,1.5
89,1253,1.5
89,1264,3.5
89,1269,1.5
89,1274,0.5
89,1282,3.5
89,1286,1.0
89,1292,0.0
89,1308,5.0
89,1309,3.0
89,1313,0.0
89,1321,1.0
89,1328,5.0
89,1334,2.5
89,1346,1.5
89,1355,3.0
89,1358,1.5
89,1373,4.5
89,1387,0.0
89,1389,1.5
89,1395,0.0
89,1401,0.0
89,1405,0.0
89,1408,5.0
89,1412,0.5
89,1423,2.5
89,1427,4.5
89,1431,0.0
89,1437,2.5
89,1442,0.5
89,1475,0.5
89,1480,4.0
89,1483,0.5
89,1484,3.5
89,1496,1.5
89,1515,2.5
89,1516,1.0
89,1523,5.0
89,1532,3.0
89,1538,4.5
89,1539,4.0
89,1544,0.0
89,1561,3.5
89,1562,2.5
89,1574,1.0
89,1583,0.5
89,1601,5.0
89,1602,4.0
89,1609,4.5
89,1610,0.5
89,1615,3.5
89,1627,4.5
89,1630,3.0
89,1632,2.0
89,1635,1.5
89,1638,0.5
89,1639,0.5
89,1643,5.0
89,1647,0.0
89,1649,5.0
89,1654,3.0
89,1666,5.0
89,1672,0.0
89,1681,3.0
89,1682,3.5
89,1688,0.0
89,1694,0.5
89,1696,3.0
89,1698,2.5
89,1711,3.5
89,1716,1.0
89,1717,1.5
89,1724,0.0
89,1727,0.5
89,1737,2.0
89,1745,3.0
89,1750,3.0
89,1751,4.5
89,1758,3.5
89,1766,1.5
89,1771,1.5
89,1779,1.5
89,1808,0.0
89,1815,4.0
89,1816,0.5
89,1817,0.0
89,1819,2.5
89,1820,0.5
89,1832,4.5
89,1838,1.0
89,1841,0.5
89,1842,1.5
89,1855,5.0
89,1870,4.0
89,1872,3.5
89,1874,3.5
89,1880,3.5
89,1887,2.5
89,1894,1.5
89,1900,4.5
89,1909,4.0
89,1918,0.0
89,1936,5.0
89,1951,1.5
89,1959,3.5
89,1960,0.5
89,1963,2.0
89,1968,3.5
89,1971,3.5
89,1980,1.5
89,1991,2.5
89,1995,5.0
89,1999,1.5
89,2011,3.0
89,2020,0.5
89,2030,5.0
89,2032,1.5
89,2036,0.5
89,2044,3.0
89,2056,0.5
89,2059,3.0
89,2062,5.0
89,2069,2.0
89,2078,3.0
89,2080,4.5
89,2084,0.0
89,2095,4.0
89,2102,3.5
89,2106,1.5
89,2114,1.5
89,2117,2.5
89,2118,1.0
89,2135,3.5
89,2142,1.5
89,2164,3.5
89,2165,0.5
89,2166,3.0
89,2173,3.5
89,2190,3.5
89,2195,3.5
89,2218,1.0
89,2219,2.0
89,2232,1.0
89,2246,5.0
89,2257,4.0
89,2261,4.5
89,2264,0.0
89,2266,0.5
89,2267,3.5
89,2272,2.0
89,2273,1.0
89,2275,2.0
89,2277,4.5
89,2288,5.0
89,2289,4.0
89,2304,0.0
89,2308,1.5
89,2310,0.5
89,2314,4.5
89,2317,3.0
89,2329,4.5
89,2337,1.5
89,2339,5.0
89,2341,2.0
89,2343,0.0
89,2348,2.5
89,2351,3.0
89,2353,3.0
89,2358,4.0
89,2359,4.0
89,2363,2.0
89,2367,4.0
89,2368,3.0
89,2385,1.0
89,2403,0.5
89,2409,0.5
89,2411,5.0
89,2416,1.5
89,2425,0.0
89,2431,0.5
89,2432,0.5
89,2436,0.0
89,2446,4.5
89,2456,4.5
89,2472,3.0
89,2478,0.0
89,2482,4.0
89,2495,3.0
89,2497,2.5
89,2508,2.5
89,2541,3.5
89,2543,3.5
89,2553,1.5
89,2556,4.0
89,2559,2.0
89,2563,4.5
89,2566,4.5
89,2577,2.5
89,2588,0.0
89,2595,3.0
89,2596,0.5
89,2597,1.0
89,2614,2.5
89,2616,5.0
89,2619,0.5
89,2623,0.5
89,2637,3.0
89,2650,1.5
89,2659,4.5
89,2667,2.5
89,2675,4.0
89,2682,3.0
89,2686,4.0
89,2688,3.5
89,2694,2.0
89,2712,0.0
89,2718,4.5
89,2725,3.0
89,2741,3.5
89,2744,2.5
89,2748,2.0
89,2752,1.5
89,2763,0.5
89,2767,1.0
89,2779,1.5
89,2799,1.0
89,2804,0.0
89,2809,2.5
89,2813,5.0
89,2818,2.0
89,2828,0.0
89,2829,2.0
89,2834,4.5
89,2837,2.0
89,2842,4.0
89,2851,0.5
89,2852,2.0
89,2858,0.0
89,2864,0.5
89,2866,0.0
89,2874,1.0
89,2876,0.5
89,2877,0.0
89,2885,2.5
89,2890,1.5
89,2893,5.0
89,2902,2.5
89,2914,2.5
89,2916,4.0
89,2919,5.0
89,2924,0.5
89,2932,4.5
89,2933,3.0
89,2934,3.5
89,2951,2.0
89,2954,3.5
89,2955,3.5
89,2958,1.0
89,2962,5.0
89,2975,1.0
89,2976,1.5
89,2977,2.5
89,2989,5.0
89,2992,2.0
89,2995,1.0
89,3014,2.0
89,3016,0.5
89,3017,3.0
89,3033,5.0
89,3036,0.0
89,3046,4.0
89,3058,4.5
89,3076,5.0
89,3078,0.5
89,3093,1.5
89,3101,4.5
89,3102,4.5
89,3108,4.0
89,3113,0.5
89,3114,1.0
89,3119,0.5
89,3125,1.0
89,3126,3.5
89,3146,4.0
89,3155,4.0
89,3169,1.5
89,3179,5.0
89,3184,4.5
89,3191,1.5
89,3198,0.0
89,3201,5.0
89,3206,2.5
89,3208,0.0
89,3209,2.5
89,3212,5.0
89,3215,2.0
89,3223,5.0
89,3232,1.0
89,3242,2.0
89,3251,2.5
89,3252,1.0
89,3262,5.0
89,3265,4.5
89,3272,1.0
89,3275,4.0
89,3280,0.5
89,3282,0.5
89,3284,1.5
89,3289,0.5
89,3292,2.5
89,3305,0.5
89,3307,4.5
89,3310,0.0
89,3313,2.0
89,3316,0.0
89,3319,0.0
89,3322,4.0
89,3323,0.5
89,3324,0.0
89,3327,3.0
89,3328,0.0
89,3335,3.5
89,3345,2.5
89,3347,3.5
89,3350,4.0
89,3356,0.0
89,3359,5.0
89,3370,1.5
89,3376,4.0
89,3383,0.0
89,3392,0.0
89,3393,2.0
89,3401,4.0
89,3402,2.0
89,3406,1.5
89,3410,2.5
89,3414,1.5
89,3416,5.0
89,3418,0.5
89,3428,4.0
89,3446,1.5
89,3447,2.5
89,3448,0.5
89,3456,5.0
89,3458,4.5
89,3465,2.0
89,3470,4.5
89,3482,3.5
89,3495,0.5
89,3500,5.0
89,3503,2.0
89,3507,4.5
89,3509,0.0
89,3510,5.0
89,3527,3.0
89,3533,1.0
89,3536,4.0
89,3542,5.0
89,3548,4.0
89,3554,3.0
89,3558,2.0
89,3568,4.5
89,3572,3.5
89,3580,1.5
89,3592,3.5
89,3619,1.0
89,3627,1.5
89,3629,2.5
89,3634,4.0
89,3643,1.5
89,3646,4.5
89,3651,4.0
89,3657,5.0
89,3659,1.5
89,3661,0.0
89,3667,0.5
89,3669,1.0
89,3675,1.0
89,3683,3.5
89,3697,4.0
89,3703,2.0
89,3730,4.0
89,3732,3.0
89,3739,3.0
89,3740,2.5
89,3741,4.5
89,3753,2.0
89,3756,4.5
89,3759,1.0
89,3761,1.0
89,3766,2.5
89,3770,0.0
89,3780,4.5
89,3791,1.0
89,3793,2.0
89,3822,3.0
89,3836,0.0
89,3852,4.0
89,3860,1.0
89,3865,3.5
89,3867,3.0
89,3873,5.0
89,3874,1.0
89,3881,1.5
89,3882,0.5
89,3884,5.0
89,3886,5.0
89,3891,2.0
89,3895,4.5
89,3903,2.5
89,3911,1.0
89,3960,1.5
89,3965,1.0
89,3982,0.0
89,3983,3.0
89,3987,3.5
89,3997,2.0
90,28,2.5
90,29,3.5
90,34,1.0
90,36,3.0
90,49,4.0
90,62,0.0
90,70,2.0
90,76,3.0
90,81,3.5
90,90,0.0
90,112,0.5
90,115,4.5
90,118,4.5
90,133,2.5
90,140,3.0
90,149,1.5
90,152,1.5
90,161,4.5
90,167,0.5
90,171,4.5
90,190,0.0
90,203,3.0
90,235,2.5
90,241,2.5
90,242,0.0
90,244,4.0
90,250,1.0
90,256,5.0
90,266,2.5
90,269,1.0
90,274,1.0
90,277,0.5
90,288,4.5
90,297,0.5
90,298,0.0
90,314,3.0
90,322,4.0
90,327,1.0
90,336,4.0
90,346,5.0
90,349,5.0
90,353,0.0
90,362,1.0
90,366,5.0
90,371,4.5
90,377,1.0
90,383,0.5
90,389,3.5
90,390,1.0
90,400,4.5
90,401,0.5
90,404,4.5
90,409,0.5
90,411,0.0
90,413,2.0
90,421,3.5
90,425,2.0
90,428,2.5
90,432,1.0
90,444,5.0
90,451,0.5
90,454,0.0
90,455,4.0
90,458,0.0
90,459,2.5
90,465,3.0
90,466,1.5
90,470,0.5
90,476,4.0
90,478,0.5
90,480,0.0
90,484,1.5
90,504,4.5
90,509,3.0
90,512,1.5
90,514,3.5
90,515,1.5
90,525,2.5
90,534,1.0
90,538,1.0
90,540,3.5
90,551,4.5
90,562,0.0
90,563,4.0
90,598,5.0
90,612,2.0
90,618,0.0
90,619,1.0
90,624,1.5
90,631,1.5
90,636,1.0
90,637,0.5
90,642,1.5
90,643,4.5
90,647,4.5
90,677,4.5
90,679,2.0
90,681,1.0
90,685,2.0
90,696,2.0
90,697,1.5
90,699,1.5
90,702,2.0
90,716,3.0
90,733,0.5
90,739,3.5
90,744,2.5
90,748,4.5
90,761,3.5
90,762,1.0
90,778,5.0
90,788,2.5
90,795,2.5
90,806,5.0
90,814,2.5
90,819,1.0
90,837,4.0
90,846,3.0
90,850,0.5
90,859,2.5
90,872,1.5
90,873,4.5
90,884,0.0
90,889,0.5
90,894,1.5
90,904,0.0
90,911,2.0
90,924,1.0
90,927,4.0
90,930,3.0
90,937,5.0
90,949,3.5
90,966,2.0
90,969,2.0
90,972,0.0
90,987,1.5
90,1005,5.0
90,1013,1.5
90,1039,4.0
90,1041,4.5
90,1047,3.0
90,1049,4.5
90,1068,5.0
90,1071,4.0
90,1076,1.5
90,1082,3.5
90,1086,1.5
90,1091,1.5
90,1110,4.5
90,1111,3.0
90,1128,5.0
90,1129,1.5
90,1137,2.0
90,1145,1.0
90,1146,1.5
90,1194,2.0
90,1203,3.0
90,1206,4.0
90,1208,4.5
90,1210,0.5
90,1213,5.0
90,1226,3.0
90,1228,1.5
90,1235,3.5
90,1240,1.5
90,1245,3.5
90,1249,2.5
90,1251,3.5
90,1269,3.5
90,1274,2.5
90,1280,2.0
90,1284,0.0
90,1286,2.5
90,1293,2.0
90,1313,0.5
90,1320,0.5
90,1329,0.5
90,1333,3.5
90,1342,3.0
90,1346,1.0
90,1352,1.0
90,1358,4.0
90,1366,2.0
90,1373,0.5
90,1376,1.0
90,1383,3.5
90,1386,2.0
90,1387,3.5
90,1401,4.0
90,1408,3.5
90,1410,4.5
90,1426,2.0
90,1427,5.0
90,1431,3.0
90,1433,2.5
90,1437,1.0
90,1442,1.5
90,1446,5.0
90,1480,3.5
90,1496,5.0
90,1500,0.5
90,1518,3.5
90,1523,0.5
90,1529,0.5
90,1531,1.5
90,1532,2.0
90,1538,0.5
90,1539,1.0
90,1540,1.5
90,1542,0.5
90,1544,3.5
90,1574,3.0
90,1577,2.0
90,1583,0.0
90,1585,4.0
90,1588,4.0
90,1589,5.0
90,1602,1.5
90,1624,0.5
90,1628,5.0
90,1630,1.0
90,1632,4.0
90,1635,3.5
90,1643,1.5
90,1647,1.5
90,1654,2.0
90,1672,4.0
90,1676,4.5
90,1677,0.5
90,1681,4.0
90,1690,1.5
90,1694,0.5
90,1696,2.0
90,1698,1.0
90,1716,3.5
90,1724,4.5
90,1734,2.5
90,1737,4.5
90,1740,0.0
90,1741,4.0
90,1751,2.5
90,1754,3.0
90,1760,0.5
90,1764,2.5
90,1766,1.5
90,1770,5.0
90,1782,4.5
90,1783,4.5
90,1808,1.5
90,1815,1.0
90,1832,2.0
90,1846,1.0
90,1849,4.5
90,1859,1.5
90,1866,1.0
90,1872,0.5
90,1874,1.5
90,1894,2.0
90,1912,4.5
90,1913,1.5
90,1936,0.5
90,1939,3.5
90,1954,1.0
90,1959,1.0
90,1960,0.0
90,1963,3.0
90,1967,1.5
90,1969,4.0
90,1970,4.5
90,1980,3.0
90,1988,3.0
90,1991,4.5
90,2025,2.0
90,2032,1.0
90,2044,2.5
90,2056,1.5
90,2059,2.5
90,2062,5.0
90,2067,5.0
90,2078,1.0
90,2080,1.0
90,2081,4.5
90,2083,5.0
90,2084,4.0
90,2087,2.0
90,2096,0.5
90,2099,0.5
90,2102,4.0
90,2104,4.0
90,2106,2.5
90,2109,1.0
90,2114,2.0
90,2134,0.0
90,2144,1.5
90,2163,0.0
90,2166,0.0
90,2174,1.5
90,2181,3.5
90,2187,1.5
90,2199,1.0
90,2209,3.5
90,2216,1.0
90,2231,1.0
90,2232,1.5
90,2242,1.0
90,2246,3.0
90,2254,0.5
90,2264,2.5
90,2271,1.0
90,2280,1.0
90,2289,0.5
90,2295,3.0
90,2297,1.5
90,2298,0.5
90,2310,3.5
90,2314,1.5
90,2317,2.5
90,2319,4.5
90,2320,0.5
90,2346,4.0
90,2351,3.0
90,2358,3.5
90,2359,3.0
90,2363,1.0
90,2368,0.5
90,2382,4.5
90,2387,0.5
90,2411,0.5
90,2416,2.0
90,2426,0.5
90,2436,0.0
90,2446,0.5
90,2452,3.5
90,2456,4.0
90,2470,0.0
90,2471,5.0
90,2476,2.5
90,2482,5.0
90,2491,0.0
90,2503,4.0
90,2512,0.5
90,2514,1.0
90,2525,1.5
90,2553,1.0
90,2559,5.0
90,2566,2.0
90,2577,3.5
90,2592,1.5
90,2612,2.0
90,2625,0.5
90,2626,2.5
90,2636,5.0
90,2637,2.5
90,2649,3.0
90,2653,2.5
90,2681,1.0
90,2682,0.0
90,2688,1.0
90,2694,4.0
90,2698,1.0
90,2700,0.0
90,2705,4.5
90,2725,4.5
90,2735,0.5
90,2752,5.0
90,2755,4.0
90,2761,5.0
90,2767,1.5
90,2779,3.0
90,2781,1.0
90,2794,0.5
90,2803,5.0
90,2804,2.5
90,2809,3.5
90,2818,3.0
90,2828,4.5
90,2842,2.0
90,2852,1.0
90,2860,4.0
90,2866,0.0
90,2873,3.0
90,2874,1.0
90,2916,4.0
90,2919,2.0
90,2924,0.5
90,2926,3.0
90,2932,2.0
90,2941,2.0
90,2954,3.5
90,2955,0.5
90,2962,4.5
90,2975,0.5
90,2977,1.5
90,2981,1.5
90,2989,0.5
90,2992,1.5
90,2995,5.0
90,3002,3.5
90,3014,3.5
90,3017,0.5
90,3029,4.5
90,3041,4.5
90,3043,3.5
90,3047,4.0
90,3052,4.0
90,3053,4.0
90,3058,5.0
90,3074,2.0
90,3101,2.0
90,3102,0.0
90,3110,0.5
90,3113,3.0
90,3116,2.0
90,3119,1.0
90,3125,0.0
90,3126,4.0
90,3133,3.0
90,3147,0.5
90,3158,4.5
90,3162,3.0
90,3184,5.0
90,3203,3.5
90,3206,3.5
90,3208,1.0
90,3209,4.5
90,3212,0.5
90,3231,3.0
90,3237,3.0
90,3247,0.5
90,3251,5.0
90,3255,5.0
90,3258,0.0
90,3263,2.5
90,3265,4.0
90,3267,3.0
90,3272,4.0
90,3275,3.5
90,3298,5.0
90,3305,3.0
90,3307,4.5
90,3310,0.0
90,3323,0.5
90,3325,5.0
90,3327,2.0
90,3335,4.0
90,3342,3.0
90,3348,1.5
90,3350,1.5
90,3355,0.0
90,3359,0.0
90,3367,3.0
90,3383,1.0
90,3386,1.0
90,3389,2.0
90,3401,1.0
90,3406,0.5
90,3414,4.5
90,3418,1.5
90,3423,0.0
90,3428,1.0
90,3447,2.5
90,3453,4.5
90,3456,4.5
90,3470,5.0
90,3482,3.5
90,3487,4.5
90,3494,3.5
90,3503,3.5
90,3507,3.5
90,3509,0.0
90,3515,1.5
90,3527,1.5
90,3532,4.5
90,3533,2.5
90,3540,1.5
90,3542,2.5
90,3554,2.5
90,3555,3.5
90,3558,4.5
90,3563,2.0
90,3566,3.0
90,3580,0.0
90,3581,0.0
90,3592,1.0
90,3605,1.5
90,3608,2.5
90,3610,3.5
90,3622,2.0
90,3624,4.5
90,3627,5.0
90,3629,5.0
90,3634,0.0
90,3639,4.5
90,3640,0.0
90,3646,0.5
90,3648,2.0
90,3651,0.0
90,3669,1.0
90,3675,2.0
90,3693,1.5
90,3697,3.5
90,3705,0.5
90,3712,1.5
90,3730,0.0
90,3753,3.0
90,3756,3.0
90,3759,0.5
90,3770,3.0
90,3780,1.5
90,3781,3.0
90,3793,0.5
90,3797,0.0
90,3812,1.5
90,3822,0.5
90,3823,4.0
90,3836,1.0
90,3841,1.0
90,3843,3.0
90,3850,1.5
90,3852,2.0
90,3856,0.0
90,3859,1.0
90,3873,1.5
90,3882,5.0
90,3889,1.0
90,3895,3.0
90,3903,4.5
90,3906,2.5
90,3918,2.0
90,3938,4.0
90,3960,3.0
90,3970,2.5
90,3981,2.0
90,3982,3.5
90,3987,3.0
90,3994,2.5
91,9,4.0
91,19,5.0
91,20,1.5
91,23,1.5
91,26,0.5
91,29,2.0
91,34,4.5
91,42,2.5
91,44,4.5
91,49,0.0
91,55,3.5
91,62,2.0
91,64,4.0
91,86,0.0
91,108,3.0
91,112,5.0
91,124,1.5
91,133,3.0
91,140,3.0
91,142,0.0
91,143,1.0
91,148,4.5
91,149,5.0
91,152,4.0
91,161,3.0
91,165,0.0
91,171,0.5
91,195,2.5
91,207,2.5
91,209,0.5
91,241,4.0
91,242,0.0
91,244,2.5
91,264,2.0
91,266,2.0
91,270,3.5
91,277,1.0
91,295,4.0
91,297,3.0
91,319,1.5
91,324,2.5
91,327,0.0
91,336,2.5
91,346,0.5
91,362,2.5
91,366,0.5
91,371,5.0
91,375,2.5
91,377,3.0
91,383,2.0
91,389,2.5
91,400,4.0
91,404,3.5
91,409,0.5
91,411,3.0
91,413,0.0
91,425,5.0
91,428,4.0
91,443,0.5
91,451,2.5
91,454,4.5
91,457,1.0
91,458,3.0
91,465,4.5
91,476,1.0
91,477,2.0
91,479,4.5
91,480,5.0
91,482,2.0
91,484,2.5
91,489,3.5
91,491,0.0
91,492,1.5
91,503,4.0
91,509,4.5
91,515,2.5
91,521,1.5
91,528,1.0
91,534,1.0
91,540,3.5
91,544,2.5
91,551,4.5
91,569,3.5
91,596,0.0
91,600,5.0
91,606,3.5
91,619,5.0
91,622,2.0
91,624,1.0
91,625,2.0
91,626,4.5
91,631,3.0
91,632,1.0
91,636,2.0
91,643,3.5
91,658,1.0
91,673,1.5
91,677,0.0
91,679,4.5
91,680,0.0
91,682,1.5
91,685,2.0
91,696,1.5
91,705,4.0
91,708,1.0
91,732,4.0
91,733,0.5
91,737,2.0
91,739,2.0
91,744,3.5
91,748,2.5
91,751,4.5
91,761,4.0
91,764,1.5
91,768,5.0
91,775,4.5
91,784,2.0
91,800,2.0
91,806,1.5
91,814,3.0
91,815,3.0
91,818,1.5
91,819,0.5
91,824,5.0
91,831,3.0
91,837,0.0
91,846,4.0
91,850,4.0
91,858,0.0
91,859,5.0
91,872,3.0
91,873,2.0
91,879,2.5
91,883,3.5
91,884,2.0
91,888,3.5
91,889,2.5
91,901,4.5
91,904,4.0
91,911,4.5
91,919,1.0
91,924,4.5
91,927,0.0
91,949,4.0
91,950,3.5
91,955,4.0
91,958,1.5
91,968,3.0
91,969,0.5
91,977,4.0
91,983,0.0
91,987,0.0
91,1002,2.0
91,1003,4.0
91,1004,2.0
91,1006,1.5
91,1013,4.5
91,1021,0.5
91,1028,2.5
91,1035,2.5
91,1039,3.0
91,1047,1.0
91,1057,3.5
91,1068,0.0
91,1071,1.0
91,1082,2.5
91,1086,0.0
91,1101,5.0
91,1105,4.5
91,1109,5.0
91,1110,3.5
91,1112,5.0
91,1114,5.0
91,1132,0.5
91,1137,1.0
91,1150,2.5
91,1180,3.5
91,1194,0.5
91,1197,2.0
91,1199,3.5
91,1203,2.5
91,1213,1.0
91,1215,4.0
91,1218,3.0
91,1223,4.5
91,1226,1.0
91,1228,2.0
91,1245,3.0
91,1249,2.5
91,1250,3.5
91,1253,2.5
91,1258,0.5
91,1261,2.5
91,1264,2.5
91,1291,3.0
91,1313,1.0
91,1315,4.5
91,1316,5.0
91,1329,1.5
91,1333,2.0
91,1334,2.0
91,1351,1.0
91,1358,2.5
91,1365,3.0
91,1366,4.5
91,1386,1.0
91,1387,1.0
91,1389,2.5
91,1402,2.5
91,1408,4.0
91,1411,3.0
91,1412,5.0
91,1416,4.0
91,1421,4.0
91,1423,0.0
91,1437,0.5
91,1446,2.5
91,1447,0.0
91,1467,2.0
91,1475,1.0
91,1480,2.0
91,1483,1.0
91,1484,0.5
91,1506,4.0
91,1512,0.5
91,1515,0.0
91,1516,1.0
91,1518,0.5
91,1523,2.0
91,1531,5.0
91,1542,5.0
91,1544,3.0
91,1561,3.0
91,1577,3.5
91,1585,0.5
91,1589,0.5
91,1602,3.0
91,1608,3.5
91,1622,1.0
91,1623,3.5
91,1624,4.0
91,1630,4.0
91,1635,3.0
91,1638,0.5
91,1639,3.0
91,1647,1.5
91,1649,0.5
91,1653,4.5
91,1659,3.0
91,1663,1.5
91,1664,4.5
91,1666,0.5
91,1672,1.5
91,1677,1.5
91,1682,2.5
91,1690,3.5
91,1694,1.5
91,1696,2.0
91,1698,0.5
91,1701,1.0
91,1703,5.0
91,1710,2.5
91,1711,3.0
91,1717,4.5
91,1722,5.0
91,1738,2.5
91,1741,5.0
91,1745,4.0
91,1758,0.5
91,1770,5.0
91,1776,1.0
91,1779,1.5
91,1783,4.0
91,1791,4.0
91,1808,1.5
91,1813,2.0
91,1815,5.0
91,1818,5.0
91,1819,4.0
91,1820,1.0
91,1823,0.0
91,1838,4.5
91,1841,2.5
91,1842,3.5
91,1849,3.5
91,1850,3.0
91,1859,1.5
91,1865,2.0
91,1870,5.0
91,1872,1.0
91,1874,3.0
91,1878,1.5
91,1900,1.0
91,1909,3.0
91,1913,0.0
91,1920,0.5
91,1959,4.5
91,1968,2.5
91,1971,0.5
91,1980,0.0
91,1988,1.5
91,1999,3.0
91,2018,4.0
91,2020,4.5
91,2028,4.0
91,2030,5.0
91,2032,1.0
91,2040,3.5
91,2044,2.0
91,2055,4.5
91,2056,3.0
91,2060,1.5
91,2062,5.0
91,2067,3.5
91,2069,2.5
91,2071,2.0
91,2078,1.5
91,2080,4.5
91,2083,4.0
91,2087,5.0
91,2095,3.0
91,2096,3.5
91,2105,2.5
91,2118,0.5
91,2119,3.5
91,2135,0.5
91,2143,1.5
91,2146,2.0
91,2160,4.5
91,2164,3.0
91,2165,1.0
91,2179,0.5
91,2187,2.5
91,2189,4.0
91,2190,3.0
91,2195,1.0
91,2201,0.5
91,2209,0.0
91,2219,5.0
91,2220,1.0
91,2240,3.5
91,2246,3.0
91,2257,1.5
91,2261,2.0
91,2264,4.0
91,2266,0.5
91,2267,3.0
91,2272,3.0
91,2277,5.0
91,2278,0.0
91,2280,3.0
91,2289,1.5
91,2292,1.0
91,2295,5.0
91,2304,0.5
91,2308,4.5
91,2310,0.0
91,2320,0.5
91,2334,2.5
91,2337,3.0
91,2343,3.5
91,2351,4.5
91,2358,4.5
91,2363,3.5
91,2382,3.0
91,2385,5.0
91,2387,3.5
91,2409,0.0
91,2414,2.0
91,2416,3.5
91,2425,4.0
91,2426,3.0
91,2431,4.0
91,2444,3.0
91,2452,5.0
91,2469,0.0
91,2470,1.0
91,2472,1.0
91,2478,2.5
91,2493,5.0
91,2497,1.0
91,2503,5.0
91,2508,4.0
91,2512,5.0
91,2525,3.5
91,2541,3.5
91,2543,3.0
91,2556,0.0
91,2563,1.5
91,2566,1.5
91,2577,3.5
91,2588,5.0
91,2596,5.0
91,2604,3.5
91,2612,4.0
91,2614,4.5
91,2616,0.5
91,2624,2.0
91,2636,0.5
91,2679,2.5
91,2682,1.0
91,2688,3.0
91,2697,1.5
91,2699,1.5
91,2705,2.0
91,2712,3.5
91,2730,0.0
91,2735,2.0
91,2744,3.5
91,2752,0.0
91,2758,0.0
91,2763,1.0
91,2771,2.5
91,2785,3.5
91,2796,5.0
91,2799,5.0
91,2802,1.5
91,2803,5.0
91,2812,1.5
91,2813,0.0
91,2825,4.5
91,2829,3.5
91,2837,4.0
91,2849,3.5
91,2852,0.5
91,2858,2.5
91,2864,0.5
91,2873,2.0
91,2874,3.0
91,2876,4.5
91,2912,0.0
91,2916,2.0
91,2932,1.5
91,2933,2.0
91,2953,1.5
91,2954,0.0
91,2955,4.5
91,2958,2.5
91,2960,3.0
91,2975,3.5
91,2981,0.5
91,2992,1.5
91,2995,2.5
91,3002,2.0
91,3014,5.0
91,3016,4.0
91,3026,4.5
91,3033,3.5
91,3036,5.0
91,3039,1.5
91,3041,0.0
91,3042,4.5
91,3046,3.0
91,3050,0.0
91,3051,0.0
91,3053,5.0
91,3074,5.0
91,3102,1.0
91,3104,1.5
91,3106,4.5
91,3110,4.0
91,3113,1.0
91,3114,3.0
91,3116,3.5
91,3121,2.0
91,3122,3.0
91,3125,5.0
91,3131,4.5
91,3133,2.0
91,3134,0.0
91,3138,0.0
91,3150,1.0
91,3168,0.0
91,3191,3.5
91,3201,5.0
91,3203,4.0
91,3209,0.0
91,3223,5.0
91,3224,0.0
91,3226,0.5
91,3231,1.0
91,3232,2.0
91,3237,4.5
91,3239,3.0
91,3242,3.5
91,3247,0.0
91,3259,4.5
91,3263,0.0
91,3272,3.0
91,3289,2.5
91,3292,1.5
91,3297,4.0
91,3298,2.5
91,3311,0.5
91,3313,0.5
91,3316,1.0
91,3321,3.5
91,3324,4.0
91,3335,1.0
91,3342,4.5
91,3345,5.0
91,3347,4.0
91,3348,3.5
91,3350,4.5
91,3356,5.0
91,3365,4.0
91,3367,2.0
91,3370,1.0
91,3375,2.0
91,3384,4.5
91,3392,0.0
91,3400,3.5
91,3402,2.0
91,3406,0.0
91,3410,4.5
91,3413,2.5
91,3414,2.5
91,3416,3.5
91,3418,1.5
91,3428,2.0
91,3445,3.5
91,3446,2.5
91,3448,0.5
91,3455,5.0
91,3456,2.0
91,3465,2.5
91,3470,2.0
91,3482,2.5
91,3495,0.0
91,3500,4.0
91,3503,4.5
91,3509,3.5
91,3510,5.0
91,3515,5.0
91,3523,3.5
91,3530,3.5
91,3540,0.0
91,3542,0.5
91,3554,4.5
91,3568,1.0
91,3578,1.5
91,3581,3.5
91,3587,0.0
91,3608,2.0
91,3610,2.5
91,3619,1.0
91,3624,3.5
91,3634,3.5
91,3644,3.0
91,3646,1.5
91,3647,1.5
91,3648,4.5
91,3651,5.0
91,3657,2.0
91,3659,0.5
91,3661,4.5
91,3669,0.0
91,3675,1.0
91,3676,4.0
91,3703,3.5
91,3730,2.0
91,3740,5.0
91,3741,3.5
91,3742,1.0
91,3747,3.5
91,3759,3.5
91,3761,5.0
91,3767,0.0
91,3781,1.0
91,3792,0.5
91,3793,2.5
91,3797,3.5
91,3812,1.5
91,3821,0.5
91,3822,4.0
91,3823,4.0
91,3836,4.0
91,3843,4.5
91,3850,2.5
91,3852,3.0
91,3861,1.5
91,3865,0.5
91,3871,5.0
91,3874,4.5
91,3882,1.0
91,3886,3.5
91,3891,0.5
91,3894,3.0
91,3895,0.0
91,3907,2.5
91,3911,4.5
91,3938,3.0
91,3957,1.0
91,3960,2.5
91,3965,1.0
91,3970,2.5
91,3983,3.0
91,3986,1.0
91,3997,2.0
92,20,5.0
92,32,3.0
92,36,5.0
92,42,1.0
92,45,1.5
92,62,1.0
92,68,1.5
92,70,0.5
92,76,5.0
92,81,3.5
92,86,0.5
92,90,3.0
92,95,4.5
92,110,1.5
92,115,1.0
92,124,1.0
92,133,5.0
92,140,3.0
92,161,1.0
92,195,4.5
92,203,5.0
92,209,3.0
92,215,2.0
92,226,4.5
92,241,5.0
92,243,4.5
92,248,5.0
92,252,0.5
92,256,1.5
92,264,1.0
92,266,5.0
92,269,3.5
92,275,1.0
92,277,4.5
92,280,3.0
92,295,2.5
92,319,4.0
92,324,5.0
92,327,3.0
92,336,4.0
92,347,2.0
92,349,1.0
92,362,2.5
92,383,5.0
92,385,2.5
92,409,2.0
92,411,4.0
92,420,2.0
92,432,2.0
92,444,3.0
92,451,4.0
92,454,0.5
92,478,0.5
92,482,5.0
92,491,0.0
92,492,0.5
92,504,0.5
92,509,5.0
92,512,1.5
92,514,1.5
92,521,0.0
92,534,1.0
92,544,5.0
92,547,1.5
92,563,2.5
92,566,1.0
92,576,0.5
92,596,4.0
92,598,1.0
92,600,2.5
92,631,1.5
92,633,2.5
92,636,4.0
92,646,4.5
92,651,2.5
92,673,3.5
92,681,1.0
92,696,5.0
92,697,0.0
92,699,0.0
92,702,2.0
92,727,4.5
92,729,0.5
92,731,5.0
92,733,5.0
92,737,0.0
92,738,3.5
92,739,1.5
92,749,0.0
92,751,0.0
92,754,1.5
92,755,2.0
92,762,3.5
92,819,0.5
92,831,0.5
92,834,0.5
92,838,1.5
92,848,3.5
92,858,2.0
92,859,0.5
92,872,3.5
92,873,4.5
92,883,2.0
92,885,1.5
92,887,0.0
92,889,1.5
92,894,2.0
92,901,0.0
92,920,0.5
92,924,4.5
92,927,4.5
92,930,1.5
92,939,3.0
92,941,5.0
92,946,0.5
92,950,1.5
92,966,3.5
92,969,1.5
92,972,2.5
92,976,0.0
92,987,2.5
92,998,1.5
92,1002,0.5
92,1004,1.0
92,1013,2.0
92,1018,1.5
92,1025,1.0
92,1028,5.0
92,1041,0.0
92,1047,2.0
92,1063,3.5
92,1071,0.5
92,1082,3.5
92,1101,3.0
92,1111,4.0
92,1128,3.0
92,1132,0.5
92,1150,2.0
92,1159,1.0
92,1161,1.0
92,1171,4.5
92,1180,0.5
92,1194,2.5
92,1197,3.5
92,1199,0.0
92,1206,0.0
92,1213,1.0
92,1223,0.0
92,1235,4.0
92,1240,3.0
92,1250,3.5
92,1253,4.5
92,1264,1.0
92,1274,2.5
92,1284,5.0
92,1286,4.0
92,1293,4.0
92,1309,4.0
92,1313,4.0
92,1315,4.0
92,1333,1.0
92,1334,0.0
92,1342,1.0
92,1355,2.0
92,1365,2.0
92,1373,3.0
92,1386,2.5
92,1387,2.5
92,1401,2.0
92,1412,1.5
92,1426,2.0
92,1427,1.5
92,1431,4.0
92,1437,4.0
92,1442,3.0
92,1444,5.0
92,1447,3.0
92,1463,5.0
92,1480,5.0
92,1484,4.0
92,1500,4.0
92,1501,3.5
92,1512,3.5
92,1529,2.5
92,1538,3.0
92,1539,2.0
92,1540,4.0
92,1542,2.5
92,1574,2.5
92,1583,1.0
92,1585,2.0
92,1589,1.0
92,1608,0.0
92,1609,2.0
92,1622,0.0
92,1623,2.5
92,1628,0.0
92,1630,1.0
92,1635,5.0
92,1639,1.0
92,1643,0.5
92,1647,2.0
92,1649,1.5
92,1677,4.5
92,1701,2.5
92,1710,3.0
92,1711,4.5
92,1716,5.0
92,1724,1.0
92,1734,4.5
92,1737,1.0
92,1738,2.5
92,1750,2.0
92,1751,0.5
92,1758,1.5
92,1763,1.0
92,1770,0.5
92,1779,5.0
92,1800,1.5
92,1808,3.5
92,1816,3.0
92,1817,1.5
92,1818,4.5
92,1819,4.0
92,1823,2.0
92,1832,2.0
92,1838,0.0
92,1841,4.0
92,1846,0.0
92,1847,1.0
92,1849,2.0
92,1850,4.5
92,1859,0.0
92,1865,2.5
92,1870,3.5
92,1872,1.0
92,1874,2.0
92,1878,4.0
92,1887,2.0
92,1921,5.0
92,1939,1.5
92,1949,2.0
92,1951,4.5
92,1954,2.0
92,1959,3.5
92,1967,2.0
92,1968,4.0
92,1991,0.0
92,1995,5.0
92,1997,0.0
92,2018,4.0
92,2023,4.0
92,2028,0.5
92,2036,3.0
92,2056,1.5
92,2059,5.0
92,2069,0.0
92,2078,3.0
92,2080,3.5
92,2081,4.0
92,2087,3.0
92,2096,0.0
92,2099,5.0
92,2102,0.0
92,2114,3.5
92,2160,4.5
92,2174,2.0
92,2181,4.5
92,2187,4.0
92,2199,0.0
92,2201,0.0
92,2202,2.5
92,2216,4.5
92,2218,0.5
92,2222,2.0
92,2224,2.5
92,2228,2.0
92,2231,2.0
92,2240,0.0
92,2246,5.0
92,2266,1.0
92,2271,2.0
92,2273,3.0
92,2276,4.5
92,2277,4.5
92,2281,5.0
92,2292,4.0
92,2294,1.0
92,2295,0.0
92,2298,1.0
92,2308,5.0
92,2314,5.0
92,2319,1.0
92,2334,1.0
92,2339,3.0
92,2353,2.0
92,2359,5.0
92,2367,5.0
92,2368,4.0
92,2382,4.5
92,2387,1.0
92,2394,2.0
92,2411,1.0
92,2416,0.0
92,2417,3.5
92,2426,2.0
92,2431,1.0
92,2436,0.5
92,2444,2.0
92,2456,5.0
92,2476,1.0
92,2492,0.5
92,2495,4.0
92,2499,1.0
92,2508,5.0
92,2541,4.0
92,2544,4.0
92,2553,2.5
92,2574,2.0
92,2577,5.0
92,2596,1.5
92,2612,4.0
92,2616,1.5
92,2667,5.0
92,2686,3.0
92,2700,2.5
92,2718,3.5
92,2725,2.0
92,2730,5.0
92,2744,1.0
92,2747,2.5
92,2752,4.5
92,2767,2.5
92,2779,4.5
92,2781,0.0
92,2794,3.5
92,2802,1.5
92,2803,3.0
92,2809,2.5
92,2812,4.0
92,2828,0.5
92,2829,3.0
92,2834,4.5
92,2837,4.0
92,2842,4.5
92,2851,4.5
92,2860,1.0
92,2876,1.0
92,2877,4.5
92,2885,0.5
92,2902,4.0
92,2910,2.0
92,2916,0.0
92,2919,4.5
92,2926,0.0
92,2932,3.0
92,2953,4.0
92,2958,2.0
92,2975,0.0
92,2976,3.0
92,2977,1.0
92,2989,0.5
92,2993,1.5
92,2995,3.0
92,3002,4.0
92,3008,1.0
92,3016,2.5
92,3017,2.5
92,3029,0.5
92,3041,4.0
92,3043,2.0
92,3050,5.0
92,3053,3.5
92,3054,1.5
92,3074,2.5
92,3078,1.0
92,3093,1.5
92,3101,4.5
92,3102,5.0
92,3104,2.5
92,3109,3.5
92,3113,0.0
92,3114,2.5
92,3117,1.5
92,3121,2.5
92,3133,0.5
92,3142,1.0
92,3150,2.0
92,3154,4.5
92,3155,0.0
92,3162,4.0
92,3168,5.0
92,3169,2.0
92,3179,4.5
92,3191,3.0
92,3194,1.0
92,3198,4.5
92,3208,0.5
92,3210,1.5
92,3212,3.0
92,3215,3.0
92,3224,0.0
92,3226,1.0
92,3231,2.5
92,3232,3.0
92,3237,2.5
92,3251,1.5
92,3256,3.0
92,3259,3.5
92,3263,1.0
92,3265,4.5
92,3267,0.0
92,3272,5.0
92,3275,1.0
92,3278,3.5
92,3282,3.0
92,3289,3.0
92,3298,1.0
92,3300,2.5
92,3307,2.0
92,3310,2.5
92,3313,5.0
92,3316,4.0
92,3321,4.0
92,3322,1.5
92,3324,3.5
92,3335,4.0
92,3348,3.0
92,3355,1.0
92,3356,0.5
92,3359,2.5
92,3361,0.0
92,3383,3.0
92,3384,0.5
92,3392,0.5
92,3393,3.0
92,3416,3.0
92,3418,3.5
92,3447,4.0
92,3487,1.0
92,3494,1.0
92,3495,3.5
92,3504,2.0
92,3510,3.5
92,3523,4.5
92,3527,4.0
92,3532,0.5
92,3539,3.0
92,3548,2.0
92,3566,5.0
92,3568,2.0
92,3578,0.5
92,3581,3.5
92,3592,0.5
92,3605,1.0
92,3610,0.5
92,3619,2.5
92,3627,0.5
92,3634,3.0
92,3646,0.0
92,3648,2.0
92,3658,2.0
92,3661,4.0
92,3667,0.5
92,3675,1.0
92,3693,1.5
92,3695,2.0
92,3705,4.0
92,3732,1.0
92,3735,4.5
92,3740,3.5
92,3741,4.5
92,3742,0.0
92,3756,0.5
92,3762,2.0
92,3791,5.0
92,3797,5.0
92,3812,3.5
92,3821,0.5
92,3822,2.5
92,3823,2.5
92,3826,2.5
92,3843,2.5
92,3850,2.5
92,3852,2.5
92,3856,2.0
92,3860,0.0
92,3861,4.5
92,3871,0.5
92,3874,3.0
92,3882,5.0
92,3891,4.5
92,3893,1.0
92,3906,4.0
92,3911,0.0
92,3938,0.5
92,3951,0.5
92,3957,0.0
92,3965,1.5
92,3983,5.0
92,3994,4.0
93,4,2.5
93,19,2.5
93,26,2.0
93,42,3.5
93,44,2.5
93,45,0.5
93,68,0.5
93,86,1.5
93,90,0.5
93,112,1.5
93,124,0.5
93,140,1.5
93,143,5.0
93,145,5.0
93,148,1.0
93,149,0.5
93,161,2.5
93,165,0.5
93,184,5.0
93,195,4.5
93,203,0.5
93,215,3.0
93,229,0.0
93,235,2.0
93,241,0.5
93,242,1.0
93,244,2.5
93,252,3.5
93,256,0.0
93,269,2.0
93,270,4.0
93,273,3.0
93,346,2.0
93,347,3.5
93,349,5.0
93,353,1.5
93,358,0.5
93,366,4.5
93,371,4.0
93,375,0.5
93,389,0.5
93,390,2.5
93,414,0.0
93,421,0.0
93,425,4.5
93,451,3.5
93,455,2.0
93,457,5.0
93,465,4.0
93,470,4.0
93,477,4.0
93,478,1.0
93,479,4.5
93,480,1.5
93,492,0.0
93,503,2.0
93,504,4.0
93,509,4.0
93,512,2.5
93,514,0.5
93,517,0.0
93,521,4.0
93,525,0.0
93,538,4.5
93,540,0.0
93,544,5.0
93,566,1.0
93,576,4.0
93,582,2.0
93,600,4.0
93,612,0.5
93,618,0.0
93,624,1.0
93,626,3.5
93,631,2.0
93,632,2.5
93,637,4.0
93,642,4.5
93,643,3.5
93,668,1.5
93,677,4.5
93,679,3.5
93,681,3.0
93,696,0.5
93,697,1.5
93,699,2.0
93,738,3.5
93,739,1.0
93,744,3.5
93,748,5.0
93,749,4.5
93,751,0.0
93,755,3.0
93,761,4.0
93,762,1.5
93,764,0.0
93,768,1.5
93,775,0.5
93,778,1.0
93,788,0.5
93,789,3.0
93,795,3.5
93,802,4.5
93,824,2.5
93,830,0.0
93,834,3.0
93,837,4.5
93,848,0.0
93,851,1.5
93,858,1.5
93,876,4.5
93,879,1.5
93,884,3.5
93,886,4.0
93,889,2.5
93,901,5.0
93,904,3.5
93,920,1.5
93,924,5.0
93,930,0.5
93,937,2.5
93,946,5.0
93,955,3.0
93,966,0.5
93,972,3.0
93,977,1.0
93,987,3.5
93,998,2.0
93,1003,2.5
93,1005,4.0
93,1006,1.5
93,1008,5.0
93,1013,1.0
93,1035,2.5
93,1039,4.5
93,1041,3.0
93,1049,0.0
93,1071,1.5
93,1086,5.0
93,1087,0.5
93,1091,1.5
93,1101,2.5
93,1109,3.5
93,1110,3.0
93,1112,1.5
93,1114,0.5
93,1122,4.0
93,1128,4.5
93,1145,1.0
93,1146,0.5
93,1150,1.5
93,1159,3.5
93,1183,2.0
93,1198,1.0
93,1199,2.0
93,1206,0.5
93,1210,3.5
93,1219,4.5
93,1228,0.5
93,1251,1.0
93,1253,5.0
93,1264,0.5
93,1279,1.5
93,1292,0.5
93,1302,0.0
93,1315,4.0
93,1316,2.5
93,1329,0.5
93,1342,4.0
93,1351,4.5
93,1358,1.0
93,1365,4.5
93,1371,0.0
93,1373,2.5
93,1379,1.5
93,1386,3.0
93,1387,3.0
93,1395,3.0
93,1408,0.5
93,1410,5.0
93,1411,4.5
93,1421,4.0
93,1426,2.5
93,1427,4.0
93,1429,2.5
93,1433,4.5
93,1442,1.5
93,1444,0.0
93,1463,1.0
93,1467,2.0
93,1475,2.0
93,1480,5.0
93,1483,0.0
93,1484,3.0
93,1496,3.0
93,1501,0.5
93,1514,4.5
93,1516,4.5
93,1531,4.0
93,1540,2.5
93,1542,0.5
93,1544,5.0
93,1574,4.5
93,1577,0.5
93,1588,5.0
93,1610,4.5
93,1616,0.0
93,1624,4.5
93,1627,3.5
93,1628,4.0
93,1632,3.5
93,1635,0.0
93,1643,2.0
93,1659,2.0
93,1664,2.5
93,1680,1.0
93,1681,4.5
93,1690,4.0
93,1694,5.0
93,1696,4.5
93,1698,5.0
93,1701,1.0
93,1703,1.5
93,1711,2.0
93,1716,2.0
93,1724,3.0
93,1727,1.0
93,1734,4.0
93,1735,0.0
93,1738,2.5
93,1741,4.0
93,1750,0.5
93,1758,2.0
93,1763,1.5
93,1766,2.0
93,1771,5.0
93,1776,4.0
93,1779,0.5
93,1781,0.5
93,1794,2.0
93,1800,3.5
93,1802,2.0
93,1816,4.0
93,1818,1.5
93,1820,0.5
93,1832,0.5
93,1842,5.0
93,1846,2.0
93,1849,3.5
93,1850,3.0
93,1859,3.5
93,1872,0.0
93,1880,2.0
93,1909,5.0
93,1912,0.0
93,1913,3.5
93,1918,0.5
93,1936,4.0
93,1940,1.5
93,1949,1.0
93,1959,4.0
93,1970,2.0
93,1971,0.5
93,1988,1.0
93,1991,0.5
93,1996,3.0
93,1999,0.5
93,2018,4.5
93,2020,4.5
93,2030,3.0
93,2036,0.0
93,2040,0.0
93,2044,3.0
93,2056,0.0
93,2059,2.0
93,2060,2.0
93,2071,4.5
93,2078,3.5
93,2080,5.0
93,2083,3.0
93,2095,4.0
93,2104,4.0
93,2106,1.5
93,2109,1.0
93,2117,5.0
93,2134,3.0
93,2135,1.5
93,2144,3.5
93,2160,2.5
93,2163,4.5
93,2181,0.5
93,2209,4.0
93,2218,3.5
93,2219,3.5
93,2222,2.5
93,2228,1.0
93,2242,4.5
93,2264,3.0
93,2271,3.5
93,2273,0.0
93,2276,5.0
93,2281,5.0
93,2288,3.5
93,2289,2.0
93,2292,2.5
93,2320,0.5
93,2337,2.5
93,2348,2.0
93,2351,0.5
93,2358,3.5
93,2359,1.0
93,2382,3.5
93,2387,2.5
93,2403,5.0
93,2409,2.0
93,2414,2.5
93,2417,3.5
93,2431,1.5
93,2432,3.0
93,2438,1.5
93,2444,2.0
93,2446,3.0
93,2471,4.5
93,2476,2.5
93,2478,2.5
93,2482,4.5
93,2491,4.0
93,2493,3.0
93,2497,2.5
93,2543,2.5
93,2553,4.5
93,2559,2.0
93,2563,4.0
93,2566,4.0
93,2574,0.0
93,2592,0.5
93,2604,0.5
93,2614,0.5
93,2623,4.0
93,2625,0.5
93,2633,4.5
93,2638,5.0
93,2649,4.0
93,2650,0.5
93,2653,4.5
93,2667,2.0
93,2675,0.5
93,2676,1.0
93,2697,4.5
93,2699,3.0
93,2705,0.0
93,2718,0.0
93,2741,4.0
93,2755,2.5
93,2758,1.5
93,2761,2.0
93,2771,5.0
93,2779,3.0
93,2785,0.5
93,2796,3.0
93,2799,5.0
93,2804,4.5
93,2812,3.0
93,2818,0.5
93,2828,4.5
93,2829,3.5
93,2851,2.0
93,2860,0.0
93,2873,1.0
93,2876,4.0
93,2877,3.0
93,2885,1.0
93,2910,0.5
93,2916,0.0
93,2924,0.0
93,2933,4.5
93,2951,1.5
93,2953,2.5
93,2954,0.0
93,2970,2.0
93,2977,4.0
93,2981,2.0
93,2993,1.0
93,3008,0.5
93,3029,2.0
93,3033,2.5
93,3039,1.0
93,3041,0.5
93,3042,3.5
93,3043,3.0
93,3046,4.5
93,3051,1.0
93,3053,0.5
93,3058,0.0
93,3074,0.5
93,3078,5.0
93,3080,5.0
93,3104,4.0
93,3106,1.5
93,3116,3.0
93,3117,2.0
93,3119,2.5
93,3121,1.5
93,3122,2.5
93,3125,1.5
93,3131,3.0
93,3134,4.5
93,3146,2.5
93,3150,2.5
93,3158,1.0
93,3162,2.0
93,3166,2.5
93,3169,3.0
93,3191,5.0
93,3198,4.5
93,3203,0.0
93,3206,3.0
93,3208,2.5
93,3212,1.0
93,3222,3.5
93,3231,3.0
93,3239,4.0
93,3242,4.5
93,3247,0.0
93,3262,3.5
93,3267,0.5
93,3272,2.5
93,3278,1.0
93,3289,1.5
93,3307,4.5
93,3313,3.5
93,3321,4.5
93,3323,3.0
93,3324,0.0
93,3327,2.5
93,3342,2.5
93,3345,1.0
93,3347,0.5
93,3349,5.0
93,3359,1.5
93,3365,0.0
93,3383,0.5
93,3389,0.5
93,3392,0.5
93,3400,5.0
93,3401,4.5
93,3402,0.0
93,3406,4.0
93,3410,2.0
93,3413,0.5
93,3418,2.0
93,3428,3.0
93,3445,3.5
93,3456,2.5
93,3465,4.5
93,3470,2.0
93,3487,0.0
93,3495,2.5
93,3500,4.5
93,3507,1.5
93,3509,0.0
93,3523,4.0
93,3527,4.5
93,3532,3.0
93,3533,5.0
93,3536,4.5
93,3540,5.0
93,3542,1.0
93,3555,1.5
93,3563,1.0
93,3566,0.5
93,3568,2.0
93,3608,4.5
93,3610,4.5
93,3624,0.0
93,3627,4.5
93,3629,0.5
93,3634,0.5
93,3640,1.5
93,3643,0.0
93,3644,5.0
93,3647,5.0
93,3648,3.5
93,3651,0.5
93,3658,3.0
93,3659,1.5
93,3661,2.5
93,3676,3.0
93,3683,4.0
93,3695,1.0
93,3701,2.5
93,3712,2.5
93,3717,4.0
93,3735,2.5
93,3740,1.0
93,3747,4.0
93,3756,3.0
93,3761,3.0
93,3762,1.0
93,3767,2.5
93,3773,2.0
93,3791,0.5
93,3797,5.0
93,3821,0.0
93,3826,2.5
93,3836,0.0
93,3850,4.0
93,3860,2.0
93,3861,2.0
93,3865,4.5
93,3867,0.5
93,3871,5.0
93,3874,5.0
93,3875,2.5
93,3881,5.0
93,3884,3.0
93,3889,4.5
93,3891,1.0
93,3907,5.0
93,3911,3.5
93,3918,0.5
93,3951,1.0
93,3957,0.0
93,3960,5.0
93,3965,4.5
93,3970,3.0
93,3981,0.5
93,3983,0.0
93,3987,2.0
93,3994,3.5
93,3997,1.0
94,6,2.5
94,9,5.0
94,23,0.5
94,28,1.0
94,29,4.0
94,32,4.0
94,36,2.5
94,45,4.0
94,55,4.0
94,62,4.5
94,64,0.5
94,68,0.5
94,70,3.5
94,86,1.5
94,95,0.5
94,105,1.5
94,107,0.0
94,108,4.5
94,115,4.0
94,118,2.5
94,133,2.0
94,143,3.0
94,152,4.0
94,185,0.0
94,190,2.0
94,195,0.0
94,209,2.0
94,215,4.0
94,241,2.5
94,242,4.0
94,243,2.5
94,244,4.5
94,250,0.5
94,252,1.5
94,264,2.0
94,265,4.5
94,266,2.0
94,269,5.0
94,280,4.0
94,288,0.0
94,319,3.5
94,324,1.5
94,336,5.0
94,349,4.5
94,353,0.5
94,358,2.0
94,366,4.5
94,373,5.0
94,375,0.5
94,385,0.5
94,389,4.0
94,390,3.0
94,400,2.5
94,404,2.5
94,411,0.5
94,414,1.0
94,425,3.5
94,432,5.0
94,437,0.5
94,443,0.0
94,444,2.5
94,451,0.5
94,454,2.0
94,455,2.5
94,458,0.0
94,465,0.5
94,470,2.0
94,476,3.5
94,477,1.0
94,482,1.5
94,484,3.5
94,489,0.5
94,492,2.5
94,495,0.5
94,509,0.5
94,512,0.0
94,515,1.0
94,517,1.5
94,521,3.5
94,534,1.5
94,538,1.5
94,544,2.5
94,547,2.0
94,562,2.5
94,566,0.0
94,569,0.0
94,596,2.0
94,602,4.5
94,612,2.5
94,616,3.0
94,618,0.0
94,619,4.0
94,625,5.0
94,631,2.0
94,633,3.5
94,636,2.5
94,637,3.0
94,647,4.5
94,651,1.0
94,669,1.0
94,677,2.5
94,680,4.0
94,682,4.0
94,699,2.0
94,705,2.0
94,708,4.5
94,716,3.5
94,733,4.5
94,739,0.0
94,744,4.5
94,748,2.0
94,751,3.0
94,754,1.5
94,755,1.5
94,768,3.5
94,784,2.0
94,786,0.0
94,788,4.0
94,795,4.5
94,806,3.0
94,814,0.0
94,824,0.0
94,846,1.5
94,872,1.5
94,873,3.0
94,876,0.5
94,884,1.5
94,887,0.5
94,916,0.0
94,919,0.0
94,920,5.0
94,924,4.0
94,930,1.0
94,939,0.0
94,949,3.5
94,950,3.0
94,955,0.5
94,972,2.0
94,976,1.5
94,977,3.0
94,983,5.0
94,987,0.5
94,1004,4.0
94,1008,2.0
94,1018,3.5
94,1019,4.5
94,1025,0.5
94,1041,2.0
94,1049,1.0
94,1057,4.5
94,1063,0.0
94,1076,3.0
94,1082,5.0
94,1091,2.0
94,1122,1.0
94,1128,4.5
94,1129,1.0
94,1137,1.5
94,1150,4.5
94,1159,0.0
94,1161,4.5
94,1162,4.5
94,1171,1.0
94,1191,2.5
94,1198,1.0
94,1203,1.5
94,1219,0.0
94,1223,2.5
94,1245,5.0
94,1249,1.0
94,1251,1.5
94,1261,5.0
94,1264,3.0
94,1278,1.0
94,1282,4.0
94,1284,3.0
94,1302,4.0
94,1308,3.5
94,1309,4.5
94,1313,3.0
94,1315,3.5
94,1320,1.5
94,1328,0.0
94,1333,3.5
94,1334,2.0
94,1351,0.0
94,1358,3.0
94,1365,3.0
94,1395,2.5
94,1402,2.5
94,1405,4.5
94,1411,2.0
94,1412,4.5
94,1416,5.0
94,1423,0.0
94,1426,4.0
94,1427,4.0
94,1429,1.5
94,1431,2.0
94,1437,3.5
94,1444,4.0
94,1446,4.0
94,1455,1.5
94,1467,3.5
94,1475,4.0
94,1480,0.0
94,1483,4.0
94,1484,1.5
94,1500,3.0
94,1501,2.0
94,1514,2.5
94,1515,2.0
94,1518,2.5
94,1520,1.5
94,1529,5.0
94,1532,0.5
94,1539,1.5
94,1544,4.5
94,1547,3.0
94,1561,5.0
94,1562,4.5
94,1577,1.0
94,1601,0.5
94,1616,3.5
94,1623,2.5
94,1627,3.5
94,1630,0.5
94,1635,5.0
94,1643,0.0
94,1653,3.0
94,1664,3.5
94,1666,3.5
94,1680,1.5
94,1688,1.5
94,1690,2.0
94,1693,0.0
94,1694,4.0
94,1696,4.0
94,1701,0.5
94,1703,1.0
94,1716,0.0
94,1717,5.0
94,1724,4.5
94,1727,2.5
94,1734,0.0
94,1737,0.5
94,1740,2.0
94,1741,5.0
94,1750,5.0
94,1751,0.5
94,1758,0.0
94,1760,0.5
94,1763,4.5
94,1770,3.5
94,1771,2.5
94,1776,0.5
94,1779,4.0
94,1782,2.0
94,1791,4.0
94,1815,3.5
94,1816,2.0
94,1818,2.0
94,1819,0.5
94,1820,2.0
94,1823,2.5
94,1832,0.5
94,1833,1.5
94,1846,0.0
94,1866,0.5
94,1870,4.5
94,1872,2.5
94,1887,0.0
94,1894,0.0
94,1912,4.5
94,1913,1.5
94,1918,1.5
94,1921,3.5
94,1928,3.5
94,1936,2.5
94,1940,1.0
94,1949,0.5
94,1960,1.5
94,1963,1.5
94,1967,1.0
94,1968,4.5
94,1969,2.0
94,1980,3.0
94,1988,0.0
94,1991,2.0
94,1995,2.0
94,1996,2.0
94,2018,3.5
94,2020,0.0
94,2023,4.0
94,2025,2.5
94,2028,2.0
94,2044,4.0
94,2059,1.5
94,2060,0.0
94,2071,5.0
94,2078,2.5
94,2087,4.0
94,2096,0.5
94,2099,0.5
94,2104,3.0
94,2105,3.0
94,2114,0.5
94,2117,2.5
94,2118,3.5
94,2143,3.0
94,2165,3.0
94,2166,4.0
94,2174,1.0
94,2187,1.0
94,2199,1.0
94,2201,2.5
94,2202,4.0
94,2209,4.0
94,2219,1.5
94,2220,1.0
94,2231,3.0
94,2232,0.5
94,2240,2.0
94,2254,1.0
94,2261,4.5
94,2264,1.0
94,2266,1.5
94,2267,1.5
94,2271,4.0
94,2281,1.5
94,2285,2.0
94,2292,4.5
94,2298,1.5
94,2314,1.5
94,2317,2.0
94,2319,4.0
94,2337,2.5
94,2339,4.0
94,2341,3.5
94,2353,1.5
94,2358,3.0
94,2359,2.5
94,2363,5.0
94,2382,4.5
94,2385,0.0
94,2387,4.5
94,2414,1.0
94,2416,0.5
94,2432,5.0
94,2436,0.5
94,2444,2.0
94,2446,2.5
94,2452,3.0
94,2469,2.5
94,2470,1.0
94,2472,0.0
94,2491,1.0
94,2493,4.5
94,2496,3.0
94,2499,4.5
94,2503,1.5
94,2508,1.5
94,2512,4.0
94,2525,4.5
94,2543,0.5
94,2544,1.0
94,2559,3.0
94,2574,3.0
94,2577,3.5
94,2588,2.5
94,2589,3.5
94,2592,1.0
94,2601,4.5
94,2604,0.5
94,2614,3.5
94,2626,3.5
94,2633,3.5
94,2637,2.0
94,2638,5.0
94,2649,0.0
94,2659,3.5
94,2675,5.0
94,2676,0.0
94,2681,4.0
94,2682,3.0
94,2694,0.5
94,2697,2.0
94,2698,3.0
94,2700,1.5
94,2712,2.0
94,2725,5.0
94,2741,5.0
94,2744,1.5
94,2755,4.0
94,2761,3.0
94,2763,2.5
94,2767,4.5
94,2780,3.0
94,2781,4.0
94,2785,2.0
94,2796,0.0
94,2809,2.5
94,2812,2.5
94,2837,2.5
94,2852,1.5
94,2864,4.0
94,2873,3.5
94,2876,0.0
94,2893,3.5
94,2910,0.0
94,2924,3.5
94,2926,3.0
94,2934,4.5
94,2936,4.5
94,2941,5.0
94,2951,4.0
94,2958,1.5
94,2962,4.0
94,2970,4.5
94,2975,3.0
94,2976,4.5
94,2977,3.5
94,2995,1.0
94,3039,5.0
94,3042,1.5
94,3043,0.5
94,3046,1.0
94,3047,3.0
94,3052,2.5
94,3053,3.0
94,3054,4.0
94,3072,5.0
94,3078,5.0
94,3093,3.0
94,3104,3.5
94,3109,0.5
94,3110,4.0
94,3116,3.5
94,3119,2.0
94,3125,3.0
94,3126,3.5
94,3133,0.0
94,3146,0.0
94,3154,3.5
94,3155,5.0
94,3158,0.5
94,3166,3.0
94,3179,5.0
94,3191,4.0
94,3198,4.5
94,3208,4.5
94,3210,3.0
94,3224,4.0
94,3226,3.0
94,3231,2.0
94,3232,3.5
94,3242,1.5
94,3252,3.5
94,3255,0.0
94,3262,2.5
94,3265,4.0
94,3272,0.0
94,3278,1.5
94,3282,4.5
94,3298,5.0
94,3300,2.5
94,3305,0.5
94,3307,0.0
94,3310,2.5
94,3321,0.0
94,3322,2.5
94,3323,4.0
94,3328,3.5
94,3349,5.0
94,3350,1.5
94,3359,4.0
94,3375,5.0
94,3386,0.0
94,3392,0.0
94,3393,0.0
94,3400,1.5
94,3402,0.5
94,3413,4.0
94,3414,2.5
94,3416,0.0
94,3418,3.0
94,3423,4.0
94,3428,2.5
94,3448,4.0
94,3453,1.0
94,3455,3.0
94,3470,1.0
94,3487,3.5
94,3494,1.5
94,3495,1.0
94,3500,3.0
94,3504,2.0
94,3510,1.5
94,3515,1.0
94,3523,2.0
94,3532,2.0
94,3533,0.0
94,3536,0.0
94,3539,0.0
94,3540,0.0
94,3542,1.0
94,3548,1.5
94,3554,4.5
94,3555,0.0
94,3563,3.0
94,3572,4.0
94,3592,1.0
94,3599,3.0
94,3605,1.5
94,3608,3.0
94,3610,1.0
94,3622,2.0
94,3627,3.5
94,3629,1.5
94,3643,0.5
94,3647,1.0
94,3658,4.0
94,3661,5.0
94,3675,4.0
94,3676,2.0
94,3697,1.5
94,3703,2.5
94,3742,4.0
94,3747,4.5
94,3750,3.5
94,3753,2.5
94,3756,3.5
94,3759,3.5
94,3761,3.0
94,3762,5.0
94,3780,1.5
94,3791,1.0
94,3792,0.0
94,3812,3.0
94,3821,4.5
94,3822,4.0
94,3826,3.5
94,3836,4.5
94,3843,3.5
94,3850,3.5
94,3852,5.0
94,3865,0.5
94,3867,5.0
94,3874,1.5
94,3875,2.0
94,3893,0.0
94,3894,1.0
94,3895,1.5
94,3903,0.5
94,3907,1.5
94,3938,3.5
94,3957,5.0
94,3970,3.0
94,3986,0.5
94,3987,1.0
94,3997,5.0
95,20,3.0
95,28,4.5
95,29,4.0
95,34,0.5
95,42,3.0
95,44,4.0
95,49,0.5
95,55,0.5
95,63,1.0
95,81,5.0
95,90,2.5
95,95,2.5
95,107,4.5
95,110,3.0
95,112,0.5
95,124,3.5
95,140,4.0
95,142,0.5
95,143,3.0
95,145,4.5
95,148,0.0
95,167,0.5
95,171,5.0
95,184,3.0
95,185,3.5
95,190,4.5
95,203,2.0
95,207,2.0
95,209,3.5
95,226,4.0
95,235,4.0
95,241,0.5
95,242,2.5
95,250,2.0
95,264,3.5
95,265,5.0
95,274,1.0
95,277,1.5
95,295,0.0
95,297,2.0
95,298,0.5
95,303,0.0
95,314,4.0
95,319,3.5
95,327,2.5
95,346,4.5
95,347,4.5
95,349,3.5
95,353,4.5
95,362,5.0
95,366,1.5
95,375,0.0
95,377,2.0
95,400,0.0
95,401,4.0
95,409,3.0
95,411,2.5
95,413,3.0
95,421,3.0
95,425,2.0
95,428,1.5
95,443,2.0
95,451,3.5
95,457,3.0
95,458,0.0
95,459,1.5
95,470,2.5
95,476,0.5
95,478,4.5
95,480,5.0
95,482,5.0
95,484,3.5
95,492,2.0
95,503,2.0
95,512,0.0
95,525,1.0
95,528,4.5
95,534,5.0
95,538,2.5
95,540,1.0
95,541,3.5
95,551,0.0
95,566,4.5
95,582,1.0
95,598,4.5
95,600,4.5
95,612,4.5
95,619,3.0
95,631,0.0
95,633,2.0
95,637,4.0
95,647,3.0
95,651,2.5
95,668,3.0
95,669,1.5
95,673,0.0
95,679,1.5
95,682,5.0
95,685,2.5
95,696,4.0
95,697,1.5
95,699,4.0
95,716,2.5
95,727,3.0
95,729,5.0
95,733,0.5
95,738,3.5
95,739,4.0
95,748,5.0
95,755,5.0
95,761,5.0
95,764,1.0
95,780,5.0
95,784,3.0
95,788,3.5
95,802,0.5
95,806,1.5
95,815,3.0
95,819,2.0
95,824,2.0
95,830,1.5
95,837,0.5
95,851,4.0
95,884,0.5
95,887,2.0
95,888,1.0
95,894,0.5
95,896,0.0
95,904,2.0
95,916,1.0
95,920,1.5
95,924,2.5
95,930,2.0
95,950,2.0
95,958,1.0
95,966,0.5
95,967,0.0
95,968,2.0
95,998,0.5
95,1003,0.0
95,1013,0.5
95,1018,3.0
95,1019,0.5
95,1021,3.0
95,1028,0.5
95,1035,4.5
95,1047,4.0
95,1049,3.5
95,1058,1.5
95,1068,2.5
95,1071,1.5
95,1076,1.5
95,1087,4.5
95,1100,1.5
95,1101,5.0
95,1109,3.0
95,1110,1.5
95,1111,1.5
95,1114,2.0
95,1146,0.5
95,1150,4.0
95,1159,3.0
95,1161,5.0
95,1162,2.5
95,1166,0.0
95,1180,5.0
95,1183,4.0
95,1191,1.0
95,1194,4.5
95,1203,1.5
95,1206,0.0
95,1208,0.5
95,1213,1.0
95,1218,0.0
95,1219,4.0
95,1251,2.5
95,1253,2.0
95,1261,1.5
95,1274,1.5
95,1278,1.0
95,1280,1.5
95,1282,0.5
95,1284,2.0
95,1302,2.5
95,1308,3.0
95,1316,1.5
95,1321,5.0
95,1328,2.0
95,1334,2.0
95,1346,4.0
95,1351,2.0
95,1365,1.0
95,1371,0.0
95,1376,4.0
95,1383,3.0
95,1387,1.0
95,1389,5.0
95,1395,4.5
95,1405,1.5
95,1408,1.5
95,1410,2.5
95,1411,0.5
95,1427,4.0
95,1431,2.0
95,1433,3.5
95,1437,4.0
95,1444,2.0
95,1455,2.0
95,1463,1.0
95,1475,1.0
95,1484,5.0
95,1496,0.0
95,1501,0.5
95,1506,3.0
95,1512,1.5
95,1514,1.5
95,1516,4.0
95,1520,0.5
95,1523,2.5
95,1529,2.0
95,1532,2.5
95,1538,4.0
95,1542,1.5
95,1544,2.5
95,1547,5.0
95,1561,3.5
95,1585,2.5
95,1589,1.0
95,1601,4.0
95,1608,2.0
95,1610,2.5
95,1624,4.0
95,1630,2.5
95,1635,0.0
95,1638,3.0
95,1643,5.0
95,1647,0.0
95,1653,0.5
95,1654,1.5
95,1663,3.0
95,1672,0.0
95,1676,4.0
95,1688,1.0
95,1694,0.0
95,1696,3.5
95,1698,1.5
95,1724,4.0
95,1727,5.0
95,1734,0.0
95,1735,1.0
95,1740,1.5
95,1758,1.0
95,1763,1.5
95,1770,3.0
95,1771,4.0
95,1781,0.5
95,1782,5.0
95,1791,2.5
95,1794,3.5
95,1800,4.0
95,1802,1.5
95,1817,4.5
95,1818,5.0
95,1819,3.5
95,1820,4.0
95,1823,1.0
95,1833,0.5
95,1842,5.0
95,1847,5.0
95,1849,4.0
95,1855,4.5
95,1859,3.0
95,1865,1.0
95,1870,3.5
95,1872,1.0
95,1878,0.5
95,1913,1.5
95,1918,5.0
95,1928,3.0
95,1949,0.5
95,1970,4.0
95,1991,0.5
95,1997,0.0
95,2020,2.5
95,2028,1.5
95,2032,1.0
95,2036,1.5
95,2040,1.5
95,2043,2.5
95,2055,5.0
95,2056,1.0
95,2059,0.0
95,2062,4.5
95,2078,2.0
95,2080,1.5
95,2081,3.0
95,2087,1.5
95,2096,4.5
95,2099,0.5
95,2102,0.5
95,2104,1.5
95,2105,3.5
95,2117,3.5
95,2119,3.0
95,2142,4.5
95,2146,4.5
95,2160,4.5
95,2163,3.5
95,2164,4.0
95,2165,1.0
95,2166,5.0
95,2173,3.0
95,2174,3.0
95,2179,2.5
95,2189,1.0
95,2190,2.0
95,2195,3.0
95,2202,2.5
95,2228,3.5
95,2231,1.5
95,2261,4.5
95,2264,2.5
95,2266,1.5
95,2267,0.5
95,2271,2.5
95,2273,2.0
95,2275,2.5
95,2276,4.0
95,2278,3.0
95,2289,0.0
95,2294,0.5
95,2298,2.5
95,2304,2.0
95,2306,1.5
95,2308,1.5
95,2310,0.0
95,2314,4.0
95,2329,2.0
95,2339,0.5
95,2341,1.5
95,2343,3.0
95,2346,3.0
95,2348,4.5
95,2351,4.5
95,2353,2.0
95,2359,4.5
95,2367,2.5
95,2394,5.0
95,2403,1.5
95,2409,4.5
95,2414,5.0
95,2416,1.5
95,2425,4.0
95,2431,3.0
95,2432,0.0
95,2436,5.0
95,2438,4.5
95,2446,2.0
95,2472,0.0
95,2478,1.0
95,2491,1.0
95,2497,2.0
95,2499,3.0
95,2543,1.0
95,2553,4.5
95,2559,3.5
95,2588,2.5
95,2597,2.5
95,2604,0.0
95,2612,1.5
95,2619,0.5
95,2624,5.0
95,2626,3.5
95,2637,0.5
95,2638,0.5
95,2653,0.5
95,2659,4.0
95,2676,5.0
95,2686,0.0
95,2688,1.0
95,2694,3.0
95,2699,1.0
95,2730,5.0
95,2735,2.5
95,2741,4.5
95,2743,2.0
95,2744,3.0
95,2755,4.0
95,2758,0.0
95,2767,1.0
95,2779,3.0
95,2781,4.0
95,2794,2.0
95,2799,1.0
95,2803,2.5
95,2804,4.0
95,2825,3.0
95,2837,4.0
95,2842,0.0
95,2849,4.0
95,2858,5.0
95,2860,5.0
95,2867,5.0
95,2873,2.5
95,2876,2.0
95,2885,5.0
95,2890,4.0
95,2910,1.0
95,2912,1.5
95,2914,4.5
95,2916,4.0
95,2924,4.5
95,2932,1.5
95,2951,0.0
95,2953,2.5
95,2975,1.5
95,2976,2.5
95,2977,1.0
95,2981,0.5
95,2992,2.0
95,2995,1.0
95,3002,2.5
95,3008,2.0
95,3014,3.5
95,3016,2.0
95,3017,0.5
95,3026,2.5
95,3033,3.0
95,3036,4.0
95,3039,4.5
95,3041,5.0
95,3044,0.0
95,3046,3.5
95,3047,4.5
95,3051,3.0
95,3055,0.0
95,3072,0.0
95,3074,4.0
95,3078,3.0
95,3102,2.5
95,3104,2.0
95,3109,2.0
95,3114,2.5
95,3116,4.0
95,3117,0.5
95,3121,5.0
95,3122,0.0
95,3128,2.5
95,3134,3.0
95,3142,3.0
95,3158,1.0
95,3166,1.0
95,3184,4.0
95,3191,1.5
95,3194,3.5
95,3198,4.0
95,3201,1.5
95,3223,2.0
95,3226,2.0
95,3232,1.5
95,3237,0.0
95,3239,5.0
95,3247,1.0
95,3251,1.0
95,3256,1.5
95,3259,0.0
95,3265,1.5
95,3278,4.5
95,3280,4.0
95,3311,1.0
95,3323,4.0
95,3324,4.5
95,3325,1.0
95,3328,2.0
95,3335,4.5
95,3342,0.5
95,3348,2.0
95,3355,3.0
95,3356,3.5
95,3359,0.5
95,3365,1.0
95,3367,3.0
95,3386,1.0
95,3396,1.5
95,3401,2.0
95,3406,1.5
95,3413,3.0
95,3418,1.5
95,3423,2.5
95,3428,3.0
95,3453,0.0
95,3470,0.0
95,3487,0.0
95,3495,2.5
95,3500,1.0
95,3503,4.0
95,3504,4.0
95,3530,4.0
95,3532,2.0
95,3536,3.0
95,3539,0.0
95,3540,0.5
95,3554,5.0
95,3558,0.0
95,3563,0.5
95,3568,2.0
95,3580,2.5
95,3581,0.5
95,3599,4.0
95,3605,2.5
95,3608,1.5
95,3619,2.5
95,3622,3.0
95,3627,5.0
95,3629,0.5
95,3634,5.0
95,3639,5.0
95,3644,3.0
95,3651,3.5
95,3669,3.5
95,3675,1.0
95,3676,2.5
95,3683,3.5
95,3695,1.0
95,3717,1.5
95,3739,4.5
95,3741,3.5
95,3744,3.0
95,3753,2.0
95,3756,1.0
95,3759,1.0
95,3762,3.5
95,3770,1.0
95,3780,3.0
95,3792,4.5
95,3793,0.5
95,3812,5.0
95,3821,5.0
95,3822,4.0
95,3823,4.5
95,3859,4.5
95,3861,2.0
95,3867,3.0
95,3874,3.0
95,3875,2.0
95,3881,4.0
95,3893,5.0
95,3894,4.0
95,3906,0.5
95,3907,5.0
95,3938,0.5
95,3951,0.0
95,3957,4.5
95,3960,1.0
95,3965,5.0
95,3970,0.0
95,3983,3.0
95,3986,1.0
95,3994,3.0
96,6,2.0
96,26,2.0
96,36,3.5
96,45,3.5
96,49,5.0
96,62,1.5
96,70,2.0
96,76,0.5
96,95,1.5
96,105,4.5
96,107,3.0
96,108,3.5
96,116,4.0
96,118,2.5
96,124,1.0
96,142,1.0
96,148,0.0
96,161,4.0
96,171,0.0
96,184,3.5
96,226,3.0
96,229,0.0
96,248,2.0
96,252,3.0
96,256,5.0
96,264,3.5
96,266,4.5
96,269,0.0
96,273,4.0
96,275,3.5
96,319,3.5
96,322,2.0
96,346,3.5
96,353,3.5
96,362,3.0
96,375,1.5
96,383,2.5
96,389,0.5
96,400,0.0
96,401,2.0
96,409,1.0
96,411,1.0
96,421,5.0
96,425,2.0
96,428,0.5
96,437,3.0
96,443,2.5
96,455,2.5
96,457,2.5
96,458,3.5
96,459,1.5
96,465,4.0
96,470,0.0
96,476,2.5
96,478,1.5
96,479,3.5
96,503,0.5
96,517,3.5
96,521,2.0
96,525,4.5
96,528,0.5
96,534,3.0
96,541,3.5
96,551,1.0
96,562,1.0
96,566,4.5
96,569,1.5
96,598,5.0
96,612,3.5
96,616,3.5
96,637,2.0
96,643,2.5
96,658,5.0
96,669,4.5
96,673,3.0
96,677,5.0
96,681,1.0
96,697,4.5
96,699,3.5
96,702,1.0
96,705,2.5
96,727,1.0
96,731,3.5
96,733,4.5
96,737,1.5
96,744,0.0
96,751,2.0
96,754,0.0
96,762,3.5
96,768,4.5
96,775,1.5
96,784,0.0
96,789,0.0
96,819,2.0
96,831,0.0
96,834,1.5
96,837,4.0
96,838,4.5
96,848,1.5
96,851,0.0
96,859,1.5
96,872,4.5
96,873,4.5
96,876,3.5
96,879,1.0
96,883,0.5
96,886,0.0
96,887,4.5
96,896,0.5
96,904,0.0
96,911,4.5
96,916,4.0
96,920,3.0
96,927,0.5
96,949,3.5
96,968,3.0
96,972,3.5
96,976,3.0
96,998,2.0
96,1005,4.0
96,1008,4.0
96,1013,4.5
96,1018,3.0
96,1019,4.5
96,1021,0.5
96,1025,2.5
96,1047,2.5
96,1057,5.0
96,1058,1.0
96,1063,1.0
96,1068,5.0
96,1071,1.0
96,1082,3.5
96,1101,0.0
96,1105,0.5
96,1109,3.5
96,1110,3.5
96,1111,0.0
96,1114,0.5
96,1122,2.0
96,1128,4.0
96,1129,5.0
96,1132,2.5
96,1145,3.5
96,1159,3.0
96,1162,3.5
96,1180,4.0
96,1183,1.5
96,1194,3.0
96,1198,2.5
96,1199,4.5
96,1203,0.0
96,1204,3.5
96,1208,2.5
96,1213,0.0
96,1218,1.5
96,1219,0.0
96,1223,4.0
96,1226,3.0
96,1258,3.5
96,1261,0.5
96,1279,3.5
96,1284,3.5
96,1286,3.0
96,1292,2.0
96,1302,1.0
96,1308,4.0
96,1309,5.0
96,1313,1.5
96,1315,2.5
96,1320,3.0
96,1321,2.5
96,1333,3.5
96,1342,1.0
96,1365,2.5
96,1366,5.0
96,1373,3.5
96,1376,3.0
96,1387,2.0
96,1389,3.0
96,1402,2.5
96,1408,0.0
96,1421,1.5
96,1427,0.5
96,1431,1.0
96,1433,0.0
96,1437,1.5
96,1455,4.5
96,1475,3.0
96,1491,2.0
96,1496,3.5
96,1500,1.0
96,1514,1.5
96,1523,5.0
96,1532,5.0
96,1542,1.0
96,1561,0.5
96,1562,5.0
96,1583,0.5
96,1585,3.5
96,1602,2.5
96,1609,1.5
96,1610,4.0
96,1615,2.0
96,1622,2.5
96,1623,1.5
96,1632,3.0
96,1635,2.5
96,1643,0.0
96,1649,1.0
96,1654,3.0
96,1663,3.5
96,1666,5.0
96,1672,0.5
96,1680,5.0
96,1690,0.5
96,1694,5.0
96,1716,2.5
96,1717,3.0
96,1727,4.5
96,1734,2.5
96,1735,1.5
96,1738,3.0
96,1750,3.5
96,1754,1.0
96,1763,1.5
96,1764,4.0
96,1771,2.0
96,1776,5.0
96,1779,4.0
96,1783,4.0
96,1791,4.0
96,1815,4.5
96,1816,3.5
96,1817,2.0
96,1833,4.0
96,1838,0.5
96,1841,1.5
96,1842,2.5
96,1846,2.0
96,1850,3.0
96,1866,0.5
96,1870,0.0
96,1872,1.5
96,1874,1.0
96,1878,3.5
96,1894,0.5
96,1900,4.0
96,1912,2.5
96,1913,1.0
96,1920,1.5
96,1928,0.5
96,1939,3.5
96,1951,3.5
96,1959,5.0
96,1963,4.0
96,1967,2.5
96,1968,0.5
96,1971,2.5
96,1988,4.5
96,1991,3.0
96,2023,1.5
96,2032,2.0
96,2036,2.0
96,2055,2.5
96,2056,1.5
96,2059,1.5
96,2062,1.0
96,2067,2.5
96,2078,4.0
96,2080,3.0
96,2081,1.5
96,2087,1.5
96,2096,4.5
96,2102,4.5
96,2104,0.0
96,2106,3.0
96,2114,3.0
96,2118,0.0
96,2119,5.0
96,2134,3.0
96,2146,4.5
96,2173,0.0
96,2174,5.0
96,2195,1.5
96,2201,4.0
96,2202,1.5
96,2216,1.5
96,2219,1.0
96,2222,1.5
96,2232,3.0
96,2240,3.5
96,2254,4.5
96,2261,3.0
96,2264,0.5
96,2271,1.0
96,2272,3.0
96,2275,3.0
96,2277,2.5
96,2281,4.5
96,2285,2.0
96,2289,0.5
96,2294,0.5
96,2295,0.5
96,2298,2.5
96,2306,1.5
96,2308,5.0
96,2317,3.0
96,2339,2.5
96,2343,1.5
96,2346,1.0
96,2348,0.5
96,2351,4.0
96,2353,2.5
96,2363,2.0
96,2367,4.0
96,2385,5.0
96,2403,1.0
96,2417,2.0
96,2432,0.0
96,2446,2.0
96,2456,3.0
96,2469,1.0
96,2476,1.5
96,2478,4.5
96,2491,4.0
96,2492,3.5
96,2493,1.0
96,2496,3.5
96,2497,2.0
96,2499,0.5
96,2541,1.0
96,2553,1.0
96,2563,2.0
96,2592,5.0
96,2595,5.0
96,2597,0.5
96,2612,4.0
96,2614,3.0
96,2616,2.0
96,2619,3.5
96,2623,2.0
96,2626,2.0
96,2633,0.0
96,2650,2.0
96,2659,2.5
96,2667,5.0
96,2681,3.5
96,2686,3.5
96,2698,2.5
96,2700,0.5
96,2705,3.0
96,2712,0.5
96,2718,1.0
96,2730,1.5
96,2741,1.0
96,2743,1.0
96,2748,3.5
96,2752,2.0
96,2758,2.5
96,2761,5.0
96,2763,0.5
96,2781,2.0
96,2785,1.5
96,2794,3.0
96,2796,3.0
96,2813,4.5
96,2828,2.0
96,2829,1.0
96,2837,5.0
96,2849,0.0
96,2851,3.5
96,2852,5.0
96,2860,3.0
96,2866,1.0
96,2867,2.0
96,2873,1.5
96,2874,1.0
96,2876,4.0
96,2877,5.0
96,2893,5.0
96,2910,5.0
96,2912,5.0
96,2919,4.0
96,2924,3.5
96,2934,3.0
96,2954,2.5
96,2960,4.5
96,2970,3.0
96,2976,3.5
96,2977,3.5
96,2981,4.0
96,2993,3.5
96,2995,3.5
96,3014,1.5
96,3017,4.0
96,3026,3.5
96,3033,1.5
96,3036,1.0
96,3044,1.5
96,3050,3.0
96,3053,3.0
96,3058,0.5
96,3072,4.0
96,3078,5.0
96,3101,0.5
96,3104,5.0
96,3106,5.0
96,3108,3.0
96,3109,0.5
96,3114,0.0
96,3119,1.0
96,3122,3.5
96,3131,2.0
96,3134,3.0
96,3138,3.0
96,3142,0.0
96,3166,3.5
96,3167,1.5
96,3168,1.0
96,3191,5.0
96,3194,3.5
96,3198,0.0
96,3201,5.0
96,3206,4.0
96,3215,1.5
96,3224,2.0
96,3226,0.5
96,3231,5.0
96,3232,5.0
96,3237,2.0
96,3247,0.0
96,3256,3.0
96,3258,3.0
96,3259,1.5
96,3262,1.5
96,3265,4.5
96,3267,4.5
96,3272,5.0
96,3280,1.0
96,3284,0.0
96,3310,1.5
96,3321,5.0
96,3322,1.5
96,3323,5.0
96,3324,3.5
96,3325,1.0
96,3327,2.5
96,3342,4.5
96,3348,5.0
96,3349,3.0
96,3350,3.0
96,3356,2.5
96,3359,1.0
96,3367,2.0
96,3376,3.5
96,3384,3.0
96,3389,3.5
96,3392,2.5
96,3396,2.5
96,3414,1.5
96,3416,3.5
96,3418,4.0
96,3465,4.0
96,3470,4.0
96,3500,1.5
96,3504,2.0
96,3509,1.5
96,3510,0.0
96,3515,3.0
96,3521,5.0
96,3523,2.5
96,3527,4.5
96,3533,4.0
96,3554,5.0
96,3555,5.0
96,3563,4.0
96,3566,1.0
96,3605,3.5
96,3608,2.5
96,3610,4.0
96,3619,1.5
96,3624,4.0
96,3627,0.0
96,3634,4.5
96,3639,3.0
96,3646,1.5
96,3648,5.0
96,3657,3.5
96,3658,2.5
96,3659,1.0
96,3669,5.0
96,3683,3.5
96,3695,0.5
96,3703,4.0
96,3705,5.0
96,3735,4.0
96,3741,1.0
96,3742,1.5
96,3744,0.0
96,3747,1.5
96,3756,0.0
96,3762,1.0
96,3767,3.5
96,3773,1.0
96,3780,1.0
96,3792,4.0
96,3822,2.0
96,3823,4.5
96,3836,2.0
96,3843,2.5
96,3852,0.0
96,3859,5.0
96,3861,0.5
96,3865,0.0
96,3867,0.0
96,3874,0.0
96,3882,2.0
96,3891,2.5
96,3894,4.0
96,3906,3.5
96,3907,3.0
96,3911,0.0
96,3918,5.0
96,3951,0.5
96,3957,2.5
96,3965,2.0
96,3982,3.0
96,3983,0.5
96,3986,1.0
97,9,4.0
97,19,2.0
97,20,0.0
97,23,4.0
97,26,2.0
97,28,3.0
97,29,2.0
97,36,0.0
97,44,0.0
97,49,1.5
97,55,0.5
97,62,4.0
97,63,3.5
97,64,0.5
97,68,3.5
97,70,0.5
97,76,3.0
97,81,3.0
97,87,3.5
97,95,4.5
97,105,5.0
97,108,1.0
97,115,1.5
97,116,1.5
97,140,2.0
97,145,2.5
97,148,5.0
97,149,4.5
97,152,0.0
97,161,2.0
97,171,3.0
97,190,2.5
97,199,4.0
97,203,4.5
97,209,4.5
97,229,4.5
97,241,2.0
97,244,0.0
97,248,4.0
97,250,0.0
97,252,3.0
97,256,3.5
97,264,3.0
97,265,5.0
97,273,1.0
97,277,4.0
97,295,4.5
97,298,0.0
97,303,4.5
97,319,1.0
97,322,2.5
97,346,1.5
97,347,1.0
97,366,0.0
97,371,0.0
97,375,3.0
97,377,2.5
97,383,1.5
97,404,2.5
97,409,0.5
97,421,2.0
97,425,4.0
97,428,0.5
97,432,2.5
97,437,3.5
97,458,4.5
97,459,1.0
97,466,0.0
97,476,2.5
97,478,3.5
97,480,3.5
97,489,0.0
97,491,4.5
97,503,4.0
97,504,0.5
97,509,5.0
97,517,4.5
97,521,2.5
97,525,3.0
97,534,3.5
97,544,1.5
97,547,0.0
97,551,1.0
97,563,4.0
97,566,0.0
97,569,4.0
97,596,3.5
97,600,0.0
97,606,1.0
97,616,3.0
97,619,1.0
97,622,3.0
97,625,2.0
97,631,1.5
97,632,1.0
97,636,1.5
97,642,2.0
97,643,2.0
97,646,4.0
97,647,3.5
97,651,1.0
97,680,0.5
97,681,4.0
97,682,0.0
97,699,5.0
97,732,4.5
97,733,3.0
97,736,4.5
97,739,3.0
97,744,2.0
97,748,1.0
97,749,0.5
97,751,1.0
97,754,0.0
97,755,4.0
97,762,4.5
97,764,2.5
97,784,1.0
97,795,1.0
97,800,2.0
97,806,2.0
97,814,4.0
97,830,1.0
97,851,2.0
97,872,1.5
97,873,1.0
97,879,1.0
97,880,1.5
97,884,1.0
97,885,1.5
97,888,5.0
97,894,4.0
97,901,1.0
97,911,4.0
97,916,4.0
97,919,1.0
97,924,2.0
97,937,0.0
97,939,0.0
97,941,3.0
97,946,2.5
97,949,3.0
97,955,4.5
97,966,1.5
97,969,0.0
97,977,0.0
97,1002,2.0
97,1006,0.0
97,1021,3.5
97,1028,1.0
97,1047,4.0
97,1049,0.0
97,1057,3.0
97,1062,2.0
97,1068,1.5
97,1071,0.5
97,1082,5.0
97,1091,5.0
97,1100,1.0
97,1111,5.0
97,1114,0.5
97,1128,4.5
97,1137,1.5
97,1146,4.5
97,1162,5.0
97,1204,0.5
97,1206,3.0
97,1208,1.0
97,1213,1.0
97,1215,4.5
97,1219,4.0
97,1249,1.5
97,1250,4.5
97,1269,3.0
97,1274,5.0
97,1278,5.0
97,1280,3.5
97,1316,1.0
97,1328,5.0
97,1333,4.0
97,1346,2.0
97,1351,4.5
97,1352,2.5
97,1355,4.0
97,1371,0.5
97,1373,4.0
97,1383,0.5
97,1389,2.5
97,1395,2.0
97,1401,0.5
97,1410,4.5
97,1421,4.0
97,1427,5.0
97,1429,5.0
97,1433,4.0
97,1437,3.0
97,1442,3.0
97,1444,4.0
97,1446,1.0
97,1447,3.5
97,1455,0.0
97,1463,1.0
97,1467,2.5
97,1475,3.0
97,1480,4.0
97,1500,1.5
97,1512,0.5
97,1514,0.0
97,1515,3.5
97,1516,5.0
97,1523,2.0
97,1531,0.5
97,1532,2.5
97,1539,4.0
97,1540,4.5
97,1583,3.0
97,1585,3.0
97,1588,4.0
97,1601,4.5
97,1622,5.0
97,1623,1.0
97,1624,0.0
97,1627,4.5
97,1632,3.0
97,1643,2.0
97,1647,1.5
97,1649,3.5
97,1659,0.5
97,1663,3.5
97,1666,0.5
97,1672,1.0
97,1677,3.0
97,1680,3.5
97,1681,2.5
97,1688,2.5
97,1690,3.5
97,1693,3.5
97,1696,4.5
97,1703,3.0
97,1710,0.0
97,1716,5.0
97,1722,1.5
97,1724,1.0
97,1727,5.0
97,1737,4.5
97,1745,3.5
97,1754,4.5
97,1758,1.5
97,1760,1.5
97,1764,4.5
97,1766,3.0
97,1771,4.0
97,1776,0.0
97,1781,1.0
97,1783,2.5
97,1791,4.5
97,1800,2.0
97,1802,5.0
97,1808,0.5
97,1817,3.5
97,1823,4.0
97,1833,1.5
97,1841,3.0
97,1842,2.0
97,1846,4.5
97,1847,1.5
97,1849,4.0
97,1850,3.5
97,1855,4.5
97,1859,1.5
97,1865,4.0
97,1866,3.5
97,1870,1.5
97,1878,1.5
97,1880,4.0
97,1887,2.5
97,1900,2.0
97,1920,1.5
97,1921,1.0
97,1928,5.0
97,1939,3.5
97,1949,1.0
97,1951,1.5
97,1963,4.0
97,1967,4.0
97,1969,5.0
97,1971,1.5
97,1980,4.0
97,1988,1.5
97,1991,3.5
97,1996,1.5
97,1997,1.0
97,2011,3.5
97,2018,4.5
97,2023,5.0
97,2025,3.5
97,2032,1.5
97,2040,2.5
97,2043,2.0
97,2044,3.0
97,2056,1.0
97,2059,5.0
97,2060,2.5
97,2067,4.0
97,2078,0.0
97,2080,3.5
97,2084,0.0
97,2096,0.0
97,2104,0.0
97,2106,2.0
97,2109,4.5
97,2117,0.0
97,2135,1.5
97,2143,0.0
97,2163,5.0
97,2164,3.5
97,2165,0.0
97,2174,0.5
97,2190,4.0
97,2195,3.0
97,2199,1.5
97,2201,3.5
97,2202,2.5
97,2209,0.0
97,2218,1.0
97,2220,1.0
97,2224,4.5
97,2228,0.5
97,2242,1.5
97,2257,0.0
97,2261,0.0
97,2266,4.0
97,2267,3.5
97,2271,1.5
97,2275,3.5
97,2276,0.0
97,2277,0.0
97,2288,3.0
97,2294,0.5
97,2306,0.5
97,2310,3.0
97,2317,5.0
97,2319,2.5
97,2320,4.0
97,2329,4.5
97,2334,3.0
97,2339,5.0
97,2341,1.5
97,2343,0.0
97,2346,3.5
97,2363,1.5
97,2367,2.0
97,2387,4.5
97,2394,5.0
97,2403,5.0
97,2410,1.0
97,2431,4.5
97,2436,0.0
97,2438,0.5
97,2444,5.0
97,2452,0.5
97,2469,1.0
97,2471,5.0
97,2472,2.0
97,2476,2.0
97,2478,5.0
97,2492,3.5
97,2493,3.5
97,2495,3.5
97,2497,3.5
97,2499,3.5
97,2508,1.5
97,2512,4.0
97,2514,3.0
97,2541,5.0
97,2556,3.5
97,2574,0.0
97,2577,0.5
97,2588,5.0
97,2592,1.0
97,2596,4.5
97,2601,0.5
97,2604,3.5
97,2637,2.5
97,2638,1.0
97,2650,0.0
97,2659,3.0
97,2667,3.5
97,2675,1.5
97,2676,2.0
97,2679,0.5
97,2682,2.0
97,2686,1.5
97,2688,5.0
97,2698,0.5
97,2699,4.5
97,2705,2.5
97,2725,3.5
97,2730,0.0
97,2735,4.5
97,2741,4.0
97,2743,3.0
97,2752,4.5
97,2758,2.5
97,2771,1.5
97,2780,1.5
97,2781,2.5
97,2785,3.0
97,2794,1.0
97,2796,4.5
97,2799,4.5
97,2802,3.0
97,2804,4.0
97,2812,2.0
97,2828,5.0
97,2842,5.0
97,2852,1.5
97,2860,4.5
97,2864,0.5
97,2866,3.5
97,2876,3.5
97,2885,2.0
97,2890,2.5
97,2902,5.0
97,2912,1.5
97,2914,1.0
97,2919,4.0
97,2932,2.5
97,2933,1.5
97,2955,5.0
97,2962,0.0
97,2977,3.0
97,2981,0.0
97,2989,4.5
97,3008,0.5
97,3033,4.0
97,3039,4.0
97,3041,2.5
97,3043,3.0
97,3044,2.0
97,3052,4.5
97,3053,4.5
97,3054,2.5
97,3055,3.5
97,3076,1.0
97,3080,0.5
97,3104,1.0
97,3106,3.5
97,3108,2.5
97,3114,2.5
97,3122,5.0
97,3138,2.5
97,3142,3.0
97,3146,2.0
97,3147,1.5
97,3150,2.5
97,3158,4.0
97,3162,4.0
97,3168,4.5
97,3184,2.5
97,3191,4.5
97,3194,4.0
97,3198,5.0
97,3201,1.5
97,3203,1.5
97,3223,0.5
97,3224,0.0
97,3232,2.5
97,3237,2.5
97,3239,3.5
97,3247,1.0
97,3255,3.5
97,3256,2.0
97,3259,2.0
97,3263,2.0
97,3278,4.0
97,3284,0.0
97,3289,5.0
97,3298,4.0
97,3300,5.0
97,3310,0.0
97,3311,2.0
97,3316,4.0
97,3321,3.0
97,3323,0.5
97,3325,3.0
97,3335,4.5
97,3347,0.0
97,3367,1.0
97,3384,1.5
97,3386,0.5
97,3393,2.5
97,3396,0.5
97,3406,3.5
97,3413,4.0
97,3416,1.0
97,3423,0.0
97,3428,2.0
97,3446,0.5
97,3447,1.0
97,3453,3.0
97,3458,1.5
97,3465,0.0
97,3494,4.0
97,3495,0.0
97,3500,5.0
97,3503,1.5
97,3504,2.0
97,3521,1.0
97,3523,3.5
97,3530,5.0
97,3533,0.5
97,3539,4.0
97,3542,0.0
97,3554,3.0
97,3578,1.5
97,3580,0.0
97,3581,1.0
97,3587,1.0
97,3605,4.5
97,3608,4.5
97,3619,1.0
97,3629,1.0
97,3639,0.5
97,3644,4.5
97,3646,2.0
97,3659,3.0
97,3667,1.5
97,3669,3.0
97,3675,1.5
97,3676,0.0
97,3705,2.5
97,3740,0.5
97,3741,3.0
97,3742,3.5
97,3747,2.0
97,3750,4.0
97,3770,1.5
97,3773,0.5
97,3780,1.5
97,3781,5.0
97,3792,5.0
97,3821,2.0
97,3823,4.5
97,3836,5.0
97,3861,2.0
97,3865,1.5
97,3867,0.0
97,3875,1.0
97,3881,2.0
97,3882,4.0
97,3886,1.5
97,3889,5.0
97,3894,0.5
97,3895,5.0
97,3906,2.5
97,3907,2.0
97,3918,2.0
97,3951,5.0
97,3960,2.0
97,3981,0.5
97,3982,0.0
97,3983,2.0
97,3997,4.0
98,4,5.0
98,6,0.5
98,11,3.5
98,19,0.0
98,20,3.0
98,26,0.0
98,28,0.5
98,32,0.5
98,36,0.5
98,55,1.5
98,62,3.5
98,68,5.0
98,76,5.0
98,81,4.5
98,86,2.5
98,90,0.0
98,105,1.0
98,108,0.5
98,112,2.0
98,115,1.0
98,116,2.0
98,143,2.0
98,145,2.5
98,149,4.5
98,165,0.5
98,167,3.0
98,171,3.5
98,185,0.5
98,195,1.0
98,203,4.5
98,226,2.0
98,235,5.0
98,243,0.0
98,244,1.0
98,248,2.5
98,265,3.5
98,266,2.5
98,269,2.0
98,273,4.5
98,274,3.5
98,277,3.0
98,280,0.0
98,297,0.0
98,298,4.0
98,303,1.0
98,314,2.5
98,336,0.0
98,346,4.0
98,349,2.5
98,358,0.0
98,373,0.0
98,375,0.0
98,385,0.0
98,401,5.0
98,404,2.0
98,411,2.0
98,413,4.5
98,420,4.5
98,444,5.0
98,455,0.0
98,459,5.0
98,465,2.0
98,479,0.5
98,480,0.0
98,482,3.5
98,489,3.0
98,503,0.0
98,504,1.0
98,509,3.0
98,512,0.0
98,515,0.5
98,521,0.5
98,525,4.5
98,528,2.0
98,538,5.0
98,541,0.5
98,544,5.0
98,547,1.0
98,551,4.5
98,566,3.5
98,573,3.5
98,582,2.5
98,596,3.0
98,616,4.5
98,624,0.5
98,631,3.5
98,636,0.0
98,637,0.0
98,669,3.0
98,677,1.5
98,679,1.0
98,681,3.0
98,682,4.0
98,696,4.5
98,697,4.0
98,699,4.5
98,702,0.0
98,708,5.0
98,716,3.0
98,727,0.5
98,736,4.5
98,737,0.5
98,739,4.5
98,761,3.0
98,762,0.5
98,764,0.0
98,768,0.5
98,775,2.0
98,778,1.0
98,780,3.5
98,789,1.0
98,806,0.5
98,815,0.5
98,816,3.5
98,824,0.0
98,848,1.0
98,850,5.0
98,876,2.5
98,879,0.0
98,880,3.5
98,887,1.0
98,888,1.5
98,889,3.0
98,896,1.5
98,901,1.0
98,920,5.0
98,924,0.0
98,937,0.5
98,939,1.0
98,946,0.5
98,950,4.0
98,955,0.5
98,968,5.0
98,977,3.0
98,987,4.0
98,1003,0.5
98,1004,4.0
98,1005,1.0
98,1006,5.0
98,1008,0.0
98,1018,0.5
98,1019,0.0
98,1025,0.5
98,1028,2.5
98,1041,3.0
98,1047,0.5
98,1049,4.0
98,1057,0.5
98,1086,2.0
98,1091,4.5
98,1100,1.5
98,1101,2.0
98,1110,1.0
98,1112,5.0
98,1114,0.0
98,1128,3.0
98,1132,0.5
98,1145,0.5
98,1146,1.5
98,1150,4.5
98,1159,0.5
98,1161,3.5
98,1166,5.0
98,1183,1.5
98,1194,4.0
98,1199,2.0
98,1203,0.5
98,1218,3.0
98,1223,1.0
98,1250,4.0
98,1253,0.5
98,1258,2.0
98,1278,0.0
98,1302,2.5
98,1309,1.0
98,1313,3.0
98,1316,4.0
98,1321,1.5
98,1346,1.0
98,1352,5.0
98,1355,2.0
98,1358,0.5
98,1365,5.0
98,1371,2.5
98,1373,3.5
98,1376,5.0
98,1379,2.5
98,1383,1.5
98,1387,4.5
98,1401,2.5
98,1405,4.0
98,1408,4.5
98,1410,4.5
98,1411,0.5
98,1412,4.5
98,1416,4.5
98,1426,3.0
98,1433,4.0
98,1444,5.0
98,1446,0.0
98,1447,0.0
98,1455,5.0
98,1463,5.0
98,1480,0.0
98,1484,3.5
98,1496,0.0
98,1500,2.5
98,1514,2.0
98,1515,1.0
98,1520,4.5
98,1531,5.0
98,1542,3.0
98,1544,4.0
98,1561,2.0
98,1562,3.0
98,1583,5.0
98,1585,1.5
98,1589,3.5
98,1609,1.0
98,1615,1.0
98,1622,4.5
98,1624,0.5
98,1639,1.0
98,1643,1.5
98,1647,1.5
98,1649,3.0
98,1653,2.5
98,1659,4.0
98,1666,1.5
98,1681,2.5
98,1688,0.0
98,1690,2.0
98,1693,2.5
98,1698,1.0
98,1703,2.5
98,1710,5.0
98,1711,0.0
98,1717,1.5
98,1727,0.5
98,1734,2.5
98,1741,0.5
98,1745,0.5
98,1750,0.5
98,1754,4.0
98,1758,3.5
98,1766,2.0
98,1770,4.0
98,1771,0.5
98,1782,2.0
98,1794,0.0
98,1813,1.0
98,1816,4.0
98,1817,3.5
98,1819,0.5
98,1820,3.0
98,1832,5.0
98,1847,1.5
98,1849,5.0
98,1850,0.5
98,1855,3.0
98,1859,1.0
98,1865,2.0
98,1866,3.5
98,1870,1.5
98,1874,4.0
98,1878,0.5
98,1880,1.0
98,1894,2.0
98,1900,1.0
98,1909,2.5
98,1912,0.0
98,1913,4.5
98,1921,2.5
98,1936,2.5
98,1949,0.0
98,1954,5.0
98,1960,0.0
98,1971,2.0
98,1991,0.5
98,1995,2.5
98,1999,2.0
98,2018,3.5
98,2032,1.5
98,2043,1.0
98,2044,1.0
98,2056,4.0
98,2067,2.5
98,2069,1.5
98,2083,1.5
98,2099,1.0
98,2102,2.0
98,2106,3.5
98,2117,1.0
98,2118,1.5
98,2119,2.5
98,2135,2.5
98,2143,2.5
98,2146,5.0
98,2160,4.0
98,2163,4.5
98,2165,0.5
98,2174,0.0
98,2179,5.0
98,2181,5.0
98,2187,1.5
98,2199,0.5
98,2201,0.0
98,2216,2.5
98,2218,5.0
98,2222,4.5
98,2224,5.0
98,2231,3.0
98,2246,2.0
98,2257,1.5
98,2261,4.0
98,2264,1.5
98,2266,0.0
98,2267,2.5
98,2271,5.0
98,2273,3.0
98,2275,1.5
98,2288,3.0
98,2294,0.0
98,2308,4.5
98,2310,0.0
98,2317,2.5
98,2319,0.5
98,2320,0.5
98,2334,3.5
98,2337,0.0
98,2339,4.0
98,2343,4.0
98,2346,5.0
98,2348,4.0
98,2353,2.0
98,2358,2.5
98,2359,5.0
98,2367,0.0
98,2387,4.5
98,2409,0.0
98,2414,4.5
98,2425,1.0
98,2426,2.0
98,2436,0.0
98,2446,0.5
98,2456,0.5
98,2471,3.0
98,2478,5.0
98,2496,1.0
98,2503,3.0
98,2556,0.5
98,2589,2.5
98,2592,4.0
98,2595,0.5
98,2596,4.5
98,2601,2.5
98,2604,0.5
98,2612,1.5
98,2614,4.5
98,2616,2.0
98,2619,4.0
98,2623,0.0
98,2625,2.0
98,2626,1.0
98,2637,1.5
98,2650,5.0
98,2653,4.5
98,2659,0.0
98,2675,3.0
98,2676,3.5
98,2688,3.5
98,2694,0.0
98,2697,1.5
98,2699,0.5
98,2712,5.0
98,2730,2.5
98,2747,2.5
98,2748,0.5
98,2755,1.5
98,2758,2.0
98,2761,5.0
98,2767,3.5
98,2781,4.5
98,2785,0.0
98,2794,1.5
98,2796,4.5
98,2802,0.5
98,2803,2.5
98,2812,3.5
98,2813,2.5
98,2818,3.5
98,2825,4.5
98,2829,3.0
98,2837,0.5
98,2842,3.0
98,2851,0.5
98,2858,0.5
98,2860,5.0
98,2864,2.5
98,2866,4.5
98,2876,5.0
98,2885,5.0
98,2914,0.0
98,2916,1.5
98,2926,2.5
98,2951,1.0
98,2953,5.0
98,2958,1.0
98,2960,1.5
98,2962,0.5
98,2975,4.0
98,2981,2.5
98,2992,2.0
98,2995,1.5
98,3002,2.0
98,3026,2.5
98,3033,4.0
98,3041,5.0
98,3042,1.0
98,3043,1.0
98,3044,3.5
98,3047,2.5
98,3055,1.0
98,3072,2.5
98,3080,0.0
98,3101,3.0
98,3102,0.5
98,3108,3.0
98,3109,4.0
98,3114,4.0
98,3131,5.0
98,3133,4.0
98,3138,0.0
98,3142,3.0
98,3147,0.5
98,3150,2.0
98,3168,1.5
98,3184,5.0
98,3191,1.0
98,3194,4.0
98,3198,1.5
98,3201,5.0
98,3203,1.0
98,3206,4.0
98,3210,1.0
98,3212,3.5
98,3226,0.0
98,3231,0.0
98,3232,3.5
98,3237,3.5
98,3239,3.5
98,3242,1.5
98,3247,1.5
98,3251,3.0
98,3255,0.0
98,3256,1.0
98,3258,4.0
98,3265,2.5
98,3272,5.0
98,3275,2.0
98,3284,0.5
98,3298,0.5
98,3305,0.0
98,3307,2.0
98,3310,1.5
98,3316,3.0
98,3319,0.5
98,3328,3.5
98,3350,3.0
98,3356,3.0
98,3365,5.0
98,3370,4.0
98,3384,1.0
98,3386,1.0
98,3396,1.0
98,3400,4.0
98,3401,0.5
98,3402,3.5
98,3413,1.5
98,3414,3.0
98,3423,3.0
98,3445,3.0
98,3446,2.5
98,3448,4.5
98,3455,4.5
98,3465,2.5
98,3494,1.5
98,3495,0.5
98,3500,0.5
98,3507,0.0
98,3523,5.0
98,3532,5.0
98,3536,2.5
98,3539,1.5
98,3542,1.5
98,3548,2.5
98,3554,3.5
98,3555,3.5
98,3558,1.0
98,3563,4.0
98,3566,4.5
98,3568,1.5
98,3581,2.0
98,3592,4.5
98,3599,5.0
98,3605,0.5
98,3619,4.5
98,3622,2.5
98,3627,5.0
98,3643,4.0
98,3646,1.5
98,3648,4.0
98,3659,1.5
98,3676,3.5
98,3683,4.0
98,3693,4.0
98,3697,0.5
98,3703,1.0
98,3705,3.5
98,3732,2.5
98,3735,3.0
98,3741,2.0
98,3744,2.5
98,3753,4.5
98,3756,5.0
98,3759,0.5
98,3766,5.0
98,3767,3.0
98,3770,1.0
98,3773,0.5
98,3780,1.0
98,3793,3.0
98,3812,5.0
98,3826,0.0
98,3850,4.0
98,3852,0.5
98,3865,4.0
98,3875,1.5
98,3881,4.5
98,3882,1.0
98,3884,0.5
98,3893,2.5
98,3911,5.0
98,3938,3.0
98,3951,3.5
98,3965,3.0
98,3970,1.5
98,3994,1.0
99,6,4.5
99,11,3.5
99,19,1.5
99,20,1.0
99,23,2.0
99,26,0.0
99,29,2.5
99,36,5.0
99,44,2.5
99,55,2.5
99,62,2.5
99,70,0.5
99,76,1.0
99,81,3.5
99,87,2.0
99,95,1.0
99,108,3.0
99,112,4.0
99,115,0.5
99,116,3.5
99,133,3.0
99,140,3.0
99,142,3.0
99,143,3.0
99,149,2.5
99,171,1.0
99,190,1.0
99,199,3.5
99,209,0.0
99,226,0.0
99,235,0.0
99,250,1.0
99,266,2.5
99,270,2.5
99,275,1.5
99,314,4.0
99,324,4.5
99,347,2.0
99,366,0.0
99,371,3.0
99,373,1.5
99,375,2.5
99,385,1.0
99,389,3.0
99,390,3.5
99,413,2.5
99,425,2.0
99,437,4.5
99,444,0.0
99,459,5.0
99,476,2.5
99,480,0.0
99,482,5.0
99,491,4.0
99,503,0.5
99,504,4.5
99,509,1.5
99,515,4.0
99,525,4.5
99,528,0.5
99,541,2.5
99,544,4.0
99,547,0.0
99,551,1.0
99,569,5.0
99,573,4.0
99,576,4.5
99,582,2.5
99,596,5.0
99,600,2.5
99,606,5.0
99,626,4.5
99,631,1.0
99,632,2.0
99,633,3.5
99,637,1.5
99,646,4.5
99,651,4.5
99,677,3.0
99,680,4.0
99,681,4.0
99,682,4.5
99,697,2.5
99,699,1.5
99,705,4.5
99,727,4.5
99,731,1.5
99,737,5.0
99,749,2.5
99,755,1.5
99,762,5.0
99,764,4.5
99,768,4.5
99,789,0.0
99,800,2.0
99,802,3.0
99,806,1.0
99,819,4.5
99,830,2.5
99,831,4.0
99,838,1.0
99,846,4.5
99,848,1.5
99,851,2.5
99,872,1.5
99,876,3.5
99,880,1.0
99,883,1.0
99,886,1.0
99,887,1.0
99,888,0.0
99,889,2.0
99,894,5.0
99,896,5.0
99,901,1.5
99,911,2.5
99,916,0.0
99,927,2.0
99,939,5.0
99,941,2.0
99,946,5.0
99,949,0.5
99,955,4.5
99,958,0.5
99,967,3.5
99,969,1.0
99,976,3.0
99,977,4.5
99,983,4.0
99,998,3.5
99,1002,5.0
99,1004,0.5
99,1006,4.0
99,1018,2.5
99,1025,4.0
99,1039,1.0
99,1049,2.5
99,1062,2.0
99,1071,3.5
99,1076,4.5
99,1082,1.5
99,1086,1.0
99,1091,5.0
99,1101,0.5
99,1105,0.5
99,1111,4.5
99,1112,5.0
99,1114,4.5
99,1128,2.0
99,1129,0.5
99,1132,1.0
99,1159,0.5
99,1161,1.5
99,1162,2.5
99,1197,2.5
99,1198,3.5
99,1204,1.5
99,1206,1.0
99,1210,3.0
99,1215,0.5
99,1218,3.0
99,1226,2.0
99,1235,4.5
99,1245,4.5
99,1249,1.5
99,1251,3.0
99,1253,0.5
99,1258,4.5
99,1261,1.5
99,1269,1.5
99,1282,3.0
99,1284,0.0
99,1291,1.5
99,1292,0.0
99,1293,3.5
99,1313,4.5
99,1320,1.0
99,1328,1.0
99,1329,1.0
99,1333,0.5
99,1346,3.0
99,1351,3.0
99,1358,3.0
99,1373,0.0
99,1383,0.0
99,1386,1.5
99,1387,1.5
99,1401,0.0
99,1405,2.5
99,1410,0.5
99,1411,2.5
99,1427,2.0
99,1429,4.5
99,1431,3.0
99,1446,3.0
99,1455,1.0
99,1475,5.0
99,1480,3.0
99,1496,2.0
99,1501,4.0
99,1514,4.0
99,1515,3.5
99,1516,3.0
99,1532,0.0
99,1539,3.0
99,1544,3.0
99,1561,3.5
99,1583,3.0
99,1608,0.0
99,1616,1.0
99,1622,2.5
99,1623,0.5
99,1628,1.5
99,1632,2.0
99,1643,5.0
99,1649,0.0
99,1654,3.5
99,1659,4.5
99,1663,1.0
99,1664,0.5
99,1676,5.0
99,1680,4.5
99,1690,3.5
99,1693,4.0
99,1703,3.0
99,1722,3.5
99,1734,3.0
99,1735,3.0
99,1740,1.5
99,1751,0.5
99,1758,4.0
99,1766,4.5
99,1770,2.0
99,1776,1.0
99,1791,1.5
99,1808,0.5
99,1813,5.0
99,1817,3.5
99,1818,3.0
99,1819,4.0
99,1820,1.5
99,1833,3.5
99,1841,2.5
99,1846,4.0
99,1847,4.0
99,1850,0.0
99,1859,5.0
99,1865,2.5
99,1887,0.0
99,1894,1.5
99,1900,4.5
99,1921,3.5
99,1949,2.0
99,1954,3.5
99,1959,3.5
99,1960,4.5
99,1963,5.0
99,1967,0.0
99,1968,3.5
99,1995,3.5
99,1997,2.5
99,2011,3.5
99,2020,3.0
99,2032,3.0
99,2036,5.0
99,2040,0.5
99,2055,3.0
99,2060,5.0
99,2062,0.5
99,2069,5.0
99,2071,2.5
99,2080,0.0
99,2081,1.5
99,2083,0.5
99,2084,3.0
99,2099,4.5
99,2102,0.5
99,2105,4.5
99,2106,2.0
99,2114,2.0
99,2118,3.0
99,2119,3.0
99,2135,4.5
99,2142,3.5
99,2144,2.0
99,2146,0.0
99,2163,5.0
99,2165,1.5
99,2166,0.5
99,2173,0.5
99,2181,0.0
99,2189,2.5
99,2190,0.5
99,2201,4.5
99,2202,5.0
99,2216,4.0
99,2219,2.0
99,2224,4.0
99,2242,5.0
99,2257,2.0
99,2264,4.0
99,2266,2.5
99,2267,2.0
99,2271,2.0
99,2275,2.5
99,2278,5.0
99,2280,1.0
99,2281,2.5
99,2288,5.0
99,2289,4.5
99,2297,5.0
99,2304,0.0
99,2320,0.0
99,2329,1.0
99,2339,1.0
99,2341,2.5
99,2343,3.0
99,2348,5.0
99,2351,0.0
99,2353,1.0
99,2367,1.0
99,2394,1.0
99,2410,1.5
99,2414,1.0
99,2417,2.5
99,2425,0.5
99,2426,4.5
99,2438,4.0
99,2452,0.0
99,2456,3.0
99,2470,4.5
99,2476,3.0
99,2482,1.0
99,2497,1.0
99,2503,5.0
99,2512,0.5
99,2525,3.5
99,2541,1.5
99,2556,1.0
99,2559,3.0
99,2566,4.0
99,2588,1.5
99,2589,0.5
99,2597,0.0
99,2601,2.5
99,2612,3.5
99,2619,0.0
99,2623,2.0
99,2624,5.0
99,2625,4.5
99,2636,2.5
99,2637,2.0
99,2650,1.0
99,2667,0.0
99,2675,1.0
99,2681,2.0
99,2694,4.0
99,2697,1.0
99,2699,4.5
99,2705,5.0
99,2718,2.5
99,2725,2.5
99,2743,2.0
99,2744,4.5
99,2755,3.5
99,2757,2.0
99,2758,3.5
99,2761,2.0
99,2763,1.5
99,2767,0.5
99,2771,3.0
99,2779,1.0
99,2780,0.5
99,2796,1.5
99,2802,4.5
99,2803,4.5
99,2804,5.0
99,2818,0.0
99,2837,3.5
99,2842,1.0
99,2851,5.0
99,2876,2.0
99,2890,4.5
99,2910,1.0
99,2912,1.5
99,2914,3.0
99,2933,2.5
99,2936,1.5
99,2941,3.5
99,2951,3.0
99,2953,4.0
99,2954,1.5
99,2958,2.5
99,2960,2.0
99,2992,3.0
99,2993,4.5
99,2995,0.0
99,3014,2.5
99,3016,0.5
99,3017,2.0
99,3026,5.0
99,3036,4.0
99,3041,2.0
99,3042,3.0
99,3043,4.5
99,3044,2.0
99,3046,0.0
99,3047,2.5
99,3052,0.5
99,3055,2.5
99,3058,2.5
99,3072,1.5
99,3076,4.0
99,3093,2.0
99,3106,4.0
99,3109,3.0
99,3110,1.5
99,3113,3.5
99,3119,2.5
99,3122,3.5
99,3125,1.5
99,3128,5.0
99,3133,1.0
99,3146,4.0
99,3150,3.5
99,3154,4.0
99,3155,5.0
99,3162,1.0
99,3166,3.0
99,3168,1.0
99,3169,2.0
99,3191,3.5
99,3194,2.0
99,3198,4.5
99,3201,3.5
99,3203,0.5
99,3209,1.5
99,3210,2.0
99,3215,3.5
99,3231,1.0
99,3232,1.5
99,3242,3.5
99,3255,2.0
99,3263,3.5
99,3278,1.5
99,3280,0.0
99,3282,1.0
99,3292,4.5
99,3300,1.5
99,3307,0.5
99,3310,1.0
99,3313,1.0
99,3316,0.5
99,3321,3.0
99,3323,0.5
99,3325,4.0
99,3342,3.0
99,3347,3.0
99,3355,3.0
99,3359,0.0
99,3370,0.0
99,3375,4.0
99,3383,1.5
99,3384,4.5
99,3392,0.0
99,3393,5.0
99,3401,4.0
99,3410,3.0
99,3414,3.5
99,3416,3.0
99,3418,0.5
99,3423,0.0
99,3445,5.0
99,3447,2.5
99,3453,5.0
99,3455,0.5
99,3456,2.0
99,3470,5.0
99,3482,1.5
99,3495,0.5
99,3509,3.0
99,3515,0.5
99,3523,5.0
99,3527,5.0
99,3532,3.0
99,3539,2.5
99,3548,2.5
99,3558,2.5
99,3572,3.0
99,3578,2.5
99,3580,0.0
99,3599,4.5
99,3605,2.0
99,3622,1.0
99,3627,2.5
99,3643,4.0
99,3644,4.0
99,3647,4.5
99,3657,0.0
99,3659,2.5
99,3669,0.0
99,3675,0.5
99,3683,0.5
99,3693,0.5
99,3712,4.5
99,3735,0.0
99,3741,2.0
99,3742,1.5
99,3747,5.0
99,3761,0.5
99,3766,5.0
99,3770,0.5
99,3773,0.0
99,3781,2.5
99,3791,5.0
99,3812,5.0
99,3821,4.5
99,3822,4.0
99,3823,0.5
99,3852,2.0
99,3859,3.5
99,3860,3.0
99,3861,0.0
99,3865,3.0
99,3867,1.0
99,3882,5.0
99,3891,3.0
99,3895,2.5
99,3906,0.0
99,3907,4.0
99,3957,0.0
99,3960,0.5
99,3965,3.5
99,3982,0.5
99,3983,3.0
99,3994,0.0
99,3997,3.5
100,4,1.5
100,6,1.0
100,9,2.5
100,19,5.0
100,23,3.5
100,28,3.0
100,44,2.5
100,64,1.5
100,81,0.0
100,86,1.5
100,90,3.0
100,112,1.5
100,116,4.0
100,124,0.5
100,133,2.5
100,140,3.0
100,152,2.5
100,161,1.0
100,165,3.5
100,171,1.5
100,184,2.0
100,185,4.0
100,195,3.0
100,199,4.5
100,209,0.5
100,215,2.5
100,226,2.0
100,233,4.0
100,242,3.5
100,243,4.0
100,244,0.0
100,252,5.0
100,256,1.5
100,270,0.5
100,273,4.5
100,274,1.5
100,288,0.0
100,295,1.5
100,297,0.5
100,298,2.5
100,303,3.0
100,314,5.0
100,319,3.0
100,322,4.0
100,336,2.0
100,346,0.0
100,347,0.5
100,349,1.0
100,358,3.5
100,362,1.0
100,366,3.0
100,373,4.0
100,377,4.5
100,385,1.0
100,400,2.5
100,413,5.0
100,414,4.0
100,432,2.5
100,437,3.0
100,443,1.5
100,444,3.5
100,451,2.0
100,458,3.0
100,459,3.0
100,465,3.0
100,479,2.0
100,480,2.5
100,484,3.5
100,491,0.0
100,509,1.5
100,512,3.5
100,521,1.0
100,528,0.0
100,534,1.5
100,544,4.5
100,547,3.0
100,566,3.5
100,569,3.0
100,573,0.5
100,596,2.5
100,606,4.0
100,612,2.5
100,618,4.0
100,624,3.0
100,626,0.5
100,631,1.5
100,632,2.0
100,633,0.5
100,646,0.0
100,651,3.5
100,658,2.0
100,668,3.0
100,677,3.0
100,685,3.0
100,697,5.0
100,702,3.0
100,738,4.0
100,744,4.0
100,749,5.0
100,761,3.5
100,764,5.0
100,780,2.5
100,784,4.0
100,786,0.5
100,788,0.0
100,789,4.0
100,795,4.0
100,800,2.0
100,814,1.0
100,815,3.0
100,834,4.5
100,838,3.0
100,848,5.0
100,873,0.5
100,876,3.5
100,879,0.5
100,883,4.5
100,886,4.0
100,888,2.5
100,889,4.0
100,896,2.0
100,911,1.5
100,919,2.5
100,927,0.0
100,937,2.5
100,946,4.0
100,949,0.5
100,955,3.5
100,966,2.0
100,972,3.5
100,977,4.0
100,983,4.5
100,1003,5.0
100,1006,2.5
100,1013,4.5
100,1019,4.0
100,1021,4.0
100,1028,2.5
100,1035,3.5
100,1049,2.0
100,1071,3.0
100,1086,4.0
100,1087,0.5
100,1091,0.5
100,1100,3.0
100,1101,0.0
100,1105,0.0
100,1109,0.0
100,1110,4.5
100,1128,2.5
100,1129,4.0
100,1132,3.0
100,1145,4.5
100,1150,2.0
100,1159,2.0
100,1161,1.0
100,1162,0.5
100,1180,5.0
100,1183,2.0
100,1191,3.0
100,1197,3.5
100,1198,3.0
100,1199,2.5
100,1203,1.0
100,1204,1.5
100,1213,0.5
100,1215,2.0
100,1226,4.0
100,1245,3.0
100,1249,2.0
100,1251,3.0
100,1258,0.0
100,1261,2.5
100,1264,5.0
100,1269,2.5
100,1282,4.5
100,1291,0.0
100,1292,1.5
100,1313,1.0
100,1315,1.0
100,1320,4.5
100,1321,0.0
100,1328,1.5
100,1329,1.5
100,1333,0.5
100,1352,1.0
100,1355,3.0
100,1358,3.0
100,1379,5.0
100,1383,4.5
100,1386,0.0
100,1387,4.5
100,1389,2.0
100,1408,3.5
100,1410,1.0
100,1416,2.5
100,1426,1.5
100,1431,3.0
100,1433,3.0
100,1483,1.5
100,1484,4.5
100,1512,4.5
100,1514,3.0
100,1518,4.5
100,1532,1.0
100,1538,0.0
100,1540,3.0
100,1547,1.0
100,1561,5.0
100,1577,0.5
100,1608,3.0
100,1615,1.5
100,1616,1.5
100,1622,4.5
100,1627,5.0
100,1630,2.0
100,1632,4.0
100,1638,1.0
100,1639,3.5
100,1647,2.0
100,1649,0.0
100,1653,3.5
100,1654,5.0
100,1663,3.0
100,1664,1.0
100,1666,1.5
100,1672,4.0
100,1681,2.0
100,1688,2.0
100,1693,5.0
100,1694,2.5
100,1703,2.5
100,1716,5.0
100,1727,2.0
100,1734,2.5
100,1738,0.5
100,1754,4.5
100,1758,4.5
100,1760,3.5
100,1763,4.0
100,1764,1.0
100,1770,4.0
100,1771,0.0
100,1776,4.5
100,1779,0.0
100,1782,2.0
100,1783,4.0
100,1791,1.0
100,1794,2.0
100,1800,1.0
100,1815,0.5
100,1817,0.0
100,1833,3.0
100,1838,4.0
100,1850,0.5
100,1866,1.5
100,1870,1.5
100,1874,3.5
100,1880,4.5
100,1887,4.5
100,1894,0.5
100,1912,4.5
100,1913,5.0
100,1918,3.0
100,1920,1.0
100,1939,3.0
100,1940,1.5
100,1954,2.0
100,1959,2.0
100,1963,2.5
100,1968,1.0
100,1991,0.5
100,1996,3.0
100,2025,5.0
100,2030,0.0
100,2032,0.0
100,2043,0.5
100,2044,0.0
100,2062,5.0
100,2067,0.5
100,2080,2.0
100,2081,4.0
100,2083,2.5
100,2084,0.0
100,2087,2.0
100,2095,0.5
100,2096,2.0
100,2102,4.5
100,2104,5.0
100,2114,4.0
100,2118,3.5
100,2119,4.5
100,2135,2.0
100,2144,4.0
100,2146,0.0
100,2163,0.0
100,2166,2.0
100,2173,1.0
100,2179,3.0
100,2187,2.0
100,2199,4.0
100,2201,3.5
100,2209,3.5
100,2218,0.5
100,2219,1.0
100,2224,2.5
100,2261,2.0
100,2264,4.5
100,2267,1.5
100,2276,4.0
100,2277,1.5
100,2278,3.0
100,2280,4.5
100,2281,3.5
100,2289,5.0
100,2294,5.0
100,2295,3.0
100,2298,5.0
100,2304,5.0
100,2306,1.5
100,2310,3.0
100,2319,0.0
100,2329,2.5
100,2334,3.0
100,2337,2.5
100,2341,5.0
100,2343,4.0
100,2351,3.5
100,2353,4.0
100,2358,4.5
100,2382,3.5
100,2385,3.0
100,2403,0.5
100,2409,1.5
100,2411,5.0
100,2414,0.5
100,2425,4.0
100,2432,0.0
100,2438,0.0
100,2444,3.5
100,2470,1.0
100,2471,1.0
100,2472,4.0
100,2476,2.5
100,2493,4.0
100,2495,3.5
100,2497,4.5
100,2499,1.0
100,2525,1.5
100,2544,1.5
100,2553,3.0
100,2563,2.5
100,2574,2.5
100,2588,2.0
100,2595,5.0
100,2616,0.0
100,2625,0.5
100,2633,1.5
100,2653,1.5
100,2676,1.5
100,2681,5.0
100,2682,1.0
100,2697,0.5
100,2698,2.0
100,2699,1.5
100,2700,1.5
100,2730,3.5
100,2741,1.5
100,2743,3.0
100,2752,0.5
100,2758,4.5
100,2763,0.5
100,2771,2.0
100,2780,1.5
100,2796,4.0
100,2802,1.0
100,2804,2.5
100,2812,1.0
100,2813,1.5
100,2828,3.5
100,2834,3.0
100,2849,0.5
100,2852,5.0
100,2860,2.5
100,2864,4.5
100,2866,1.0
100,2873,1.0
100,2877,4.0
100,2910,5.0
100,2912,4.0
100,2919,3.0
100,2933,2.0
100,2941,5.0
100,2953,5.0
100,2955,2.5
100,2975,4.0
100,2976,1.5
100,2989,4.0
100,2995,2.0
100,3002,0.0
100,3014,3.0
100,3017,0.5
100,3036,1.5
100,3042,3.5
100,3044,4.0
100,3046,3.0
100,3050,1.0
100,3051,4.0
100,3055,4.5
100,3058,4.5
100,3072,4.5
100,3074,4.0
100,3078,4.5
100,3093,3.0
100,3102,3.5
100,3106,2.5
100,3108,2.5
100,3116,0.0
100,3122,4.0
100,3126,0.0
100,3134,5.0
100,3138,0.0
100,3142,0.0
100,3154,3.5
100,3155,1.5
100,3158,3.5
100,3198,0.0
100,3201,3.0
100,3206,3.5
100,3209,0.0
100,3215,3.5
100,3222,3.0
100,3226,3.0
100,3231,4.0
100,3232,2.5
100,3237,1.5
100,3239,3.0
100,3247,1.0
100,3255,4.5
100,3258,3.5
100,3263,5.0
100,3265,5.0
100,3275,0.0
100,3278,4.5
100,3284,0.5
100,3297,4.0
100,3298,2.5
100,3307,2.0
100,3313,1.0
100,3322,3.5
100,3328,1.0
100,3342,0.0
100,3348,2.0
100,3349,1.5
100,3356,4.0
100,3359,3.0
100,3361,0.0
100,3376,2.5
100,3384,3.0
100,3389,0.5
100,3393,0.5
100,3400,1.0
100,3410,3.5
100,3414,1.0
100,3416,5.0
100,3428,2.0
100,3445,1.5
100,3446,4.5
100,3453,2.5
100,3482,2.0
100,3494,0.5
100,3503,2.0
100,3523,5.0
100,3527,0.5
100,3533,4.5
100,3548,0.0
100,3554,5.0
100,3566,1.0
100,3580,4.5
100,3587,5.0
100,3592,3.0
100,3599,5.0
100,3605,5.0
100,3619,4.5
100,3622,0.0
100,3624,0.5
100,3627,2.0
100,3634,3.0
100,3644,2.5
100,3646,4.0
100,3651,4.5
100,3657,2.0
100,3659,4.5
100,3667,4.5
100,3676,2.5
100,3693,3.5
100,3697,4.5
100,3701,1.0
100,3705,4.0
100,3712,3.0
100,3730,2.5
100,3732,0.5
100,3739,4.0
100,3740,0.0
100,3741,3.0
100,3744,3.0
100,3747,2.0
100,3750,0.0
100,3766,1.0
100,3767,2.5
100,3770,5.0
100,3773,1.5
100,3791,3.0
100,3792,4.5
100,3793,2.0
100,3797,3.5
100,3812,0.5
100,3823,4.5
100,3826,2.5
100,3841,0.0
100,3856,0.0
100,3861,4.5
100,3867,2.5
100,3874,3.5
100,3875,1.5
100,3881,3.0
100,3884,0.0
100,3889,0.5
100,3894,1.0
100,3895,3.0
100,3907,0.0
100,3911,2.5
100,3938,5.0
100,3951,0.0
100,3981,2.0
100,3983,0.5
100,3986,3.0
100,3994,3.0
100,3997,3.0
